ADlocus,gene,gene_id,variant_ID,context,max_pip,n_ctx,contexts
chr11_41,HS6ST1,ENSG00000136720,chr11:86156833:A:G,OPC_DeJager_eQTL,0.638578153260416,1,OPC_DeJager_eQTL
chr8_66,GRK4,ENSG00000125388,chr8:125568553:C:T,Ast_10_Kellis_eQTL,0.376071642919981,1,Ast_10_Kellis_eQTL
chr8_66,CHURC1-FNTB,ENSG00000125954,chr8:125568553:C:T,AC_DeJager_eQTL,0.376071642919981,1,AC_DeJager_eQTL
chr8_66,RER1,ENSG00000157916,chr8:125568553:C:T,protein_transmap,0.376071642919981,1,protein_transmap
chr8_66,ARL5A,ENSG00000162980,chr8:125568553:C:T,protein_transmap,0.376071642919981,1,protein_transmap
chr15_49,CHRNA2,ENSG00000120903,chr15:78942128:T:C,DLPFC_DeJager_eQTL,0.372412993819654,1,DLPFC_DeJager_eQTL
chr17_1,AGK,ENSG00000006530,chr17:1490859:C:T,Inh_DeJager_eQTL,0.36823684303837,1,Inh_DeJager_eQTL
chr17_1,FOSB,ENSG00000125740,chr17:1490859:C:T,PCC_DeJager_eQTL,0.36823684303837,1,PCC_DeJager_eQTL
chr17_1,BARD1,ENSG00000138376,chr17:1490859:C:T,Mic_12_Kellis_eQTL,0.36823684303837,1,Mic_12_Kellis_eQTL
chr17_1,LHFPL1,ENSG00000182508,chr17:1490859:C:T,Ast_10_Kellis_eQTL,0.36823684303837,1,Ast_10_Kellis_eQTL
chr17_1,ARC,ENSG00000198576,chr17:1490859:C:T,PCC_DeJager_eQTL,0.36823684303837,1,PCC_DeJager_eQTL
chr17_1,MAP1LC3B2,ENSG00000258102,chr17:1490859:C:T,Inh_DeJager_eQTL,0.36823684303837,1,Inh_DeJager_eQTL
chr12_13,ATP6V0A4,ENSG00000105929,chr12:51367846:A:C,PCC_DeJager_eQTL,0.346609669433411,1,PCC_DeJager_eQTL
chr12_13,TBC1D19,ENSG00000109680,chr12:51367846:A:C,protein_transmap,0.346609669433411,1,protein_transmap
chr12_13,FZD6,ENSG00000164930,chr12:51367846:A:C,Oli_DeJager_eQTL,0.346609669433411,1,Oli_DeJager_eQTL
chr12_13,ANPEP,ENSG00000166825,chr12:51367846:A:C,AC_DeJager_eQTL,0.346609669433411,1,AC_DeJager_eQTL
chr12_13,MSL2,ENSG00000174579,chr12:51367846:A:C,Inh_DeJager_eQTL,0.346609669433411,1,Inh_DeJager_eQTL
chr12_13,BRF1,ENSG00000185024,chr12:51367846:A:C,PCC_DeJager_eQTL,0.346609669433411,1,PCC_DeJager_eQTL
chr7_8,RAB21,ENSG00000080371,chr7:7815324:A:G,OPC_DeJager_eQTL,0.290185711516956,1,OPC_DeJager_eQTL
chr7_8,NUBP1,ENSG00000103274,chr7:7815324:A:G,OPC_DeJager_eQTL,0.290185711516956,1,OPC_DeJager_eQTL
chr7_8,PLEKHA4,ENSG00000105559,chr7:7815324:A:G,Ast_10_Kellis_eQTL,0.290185711516956,1,Ast_10_Kellis_eQTL
chr7_8,CRIPT,ENSG00000119878,chr7:7815324:A:G,Inh_DeJager_eQTL,0.290185711516956,1,Inh_DeJager_eQTL
chr7_8,FADS2,ENSG00000134824,chr7:7815324:A:G,Ast_10_Kellis_eQTL,0.290185711516956,1,Ast_10_Kellis_eQTL
chr7_8,PDCD11,ENSG00000148843,chr7:7815324:A:G,Exc_DeJager_eQTL,0.290185711516956,1,Exc_DeJager_eQTL
chr7_8,EFCAB14,ENSG00000159658,chr7:7815324:A:G,Ast_10_Kellis_eQTL,0.290185711516956,1,Ast_10_Kellis_eQTL
chr7_8,BLCAP,ENSG00000166619,chr7:7815324:A:G,Ast_10_Kellis_eQTL,0.290185711516956,1,Ast_10_Kellis_eQTL
chr7_8,TMEM223,ENSG00000168569,chr7:7815324:A:G,Inh_DeJager_eQTL,0.290185711516956,1,Inh_DeJager_eQTL
chr7_8,LURAP1,ENSG00000171357,chr7:7815324:A:G,Oli_DeJager_eQTL,0.290185711516956,1,Oli_DeJager_eQTL
chr7_8,ANKRD46,ENSG00000186106,chr7:7815324:A:G,Ast_10_Kellis_eQTL,0.290185711516956,1,Ast_10_Kellis_eQTL
chr7_8,MSH5,ENSG00000204410,chr7:7815324:A:G,Ast_10_Kellis_eQTL,0.290185711516956,1,Ast_10_Kellis_eQTL
chr7_61,MYO3B,ENSG00000071909,chr7:143410783:C:T,PCC_DeJager_eQTL,0.2894276126745,1,PCC_DeJager_eQTL
chr7_61,PLA2G15,ENSG00000103066,chr7:143410783:C:T,Ast_10_Kellis_eQTL,0.2894276126745,1,Ast_10_Kellis_eQTL
chr7_61,FCGR3B,ENSG00000162747,chr7:143410783:C:T,DLPFC_DeJager_eQTL,0.2894276126745,1,DLPFC_DeJager_eQTL
chr8_31,FAM241A,ENSG00000174749,chr8:27610169:C:T,Exc_DeJager_eQTL,0.269661717841486,1,Exc_DeJager_eQTL
chr16_97,IKZF2,ENSG00000030419,chr16:79564502:T:C,AC_DeJager_eQTL,0.231639195662778,1,AC_DeJager_eQTL
chr16_97,IRAK3,ENSG00000090376,chr16:79564502:T:C,AC_DeJager_eQTL,0.231639195662778,1,AC_DeJager_eQTL
chr16_97,UBTF,ENSG00000108312,chr16:79564502:T:C,AC_DeJager_eQTL,0.231639195662778,1,AC_DeJager_eQTL
chr16_97,SLC35F5,ENSG00000115084,chr16:79564502:T:C,AC_DeJager_eQTL,0.231639195662778,1,AC_DeJager_eQTL
chr16_97,DCAF4,ENSG00000119599,chr16:79564502:T:C,AC_DeJager_eQTL,0.231639195662778,1,AC_DeJager_eQTL
chr16_97,APAF1,ENSG00000120868,chr16:79564502:T:C,AC_DeJager_eQTL,0.231639195662778,1,AC_DeJager_eQTL
chr16_97,GREB1L,ENSG00000141449,chr16:79564502:T:C,Oli_DeJager_eQTL,0.231639195662778,1,Oli_DeJager_eQTL
chr16_97,RBPMS,ENSG00000157110,chr16:79564502:T:C,AC_DeJager_eQTL,0.231639195662778,1,AC_DeJager_eQTL
chr16_97,MYOZ3,ENSG00000164591,chr16:79564502:T:C,AC_DeJager_eQTL,0.231639195662778,1,AC_DeJager_eQTL
chr16_97,AFF1,ENSG00000172493,chr16:79564502:T:C,AC_DeJager_eQTL,0.231639195662778,1,AC_DeJager_eQTL
chr16_97,KLHL6,ENSG00000172578,chr16:79564502:T:C,AC_DeJager_eQTL,0.231639195662778,1,AC_DeJager_eQTL
chr16_97,NABP1,ENSG00000173559,chr16:79564502:T:C,AC_DeJager_eQTL,0.231639195662778,1,AC_DeJager_eQTL
chr16_97,PTPN2,ENSG00000175354,chr16:79564502:T:C,AC_DeJager_eQTL,0.231639195662778,1,AC_DeJager_eQTL
chr16_97,ARL4D,ENSG00000175906,chr16:79564502:T:C,AC_DeJager_eQTL,0.231639195662778,1,AC_DeJager_eQTL
chr16_97,RELL1,ENSG00000181826,chr16:79564502:T:C,AC_DeJager_eQTL,0.231639195662778,1,AC_DeJager_eQTL
chr16_97,ATL3,ENSG00000184743,chr16:79564502:T:C,AC_DeJager_eQTL,0.231639195662778,1,AC_DeJager_eQTL
chr16_97,SPIN2B,ENSG00000186787,chr16:79564502:T:C,AC_DeJager_eQTL,0.231639195662778,1,AC_DeJager_eQTL
chr16_97,CEBPD,ENSG00000221869,chr16:79564502:T:C,AC_DeJager_eQTL,0.231639195662778,1,AC_DeJager_eQTL
chr16_62,DYNC1I2,ENSG00000077380,chr16:31142825:G:A,Mic_12_Kellis_eQTL,0.221615990772391,1,Mic_12_Kellis_eQTL
chr4_2,TBXAS1,ENSG00000059377,chr4:959405:TC:T,AC_DeJager_eQTL,0.211873153236774,1,AC_DeJager_eQTL
chr4_2,DLG1,ENSG00000075711,chr4:959405:TC:T,AC_DeJager_eQTL,0.211873153236774,1,AC_DeJager_eQTL
chr4_2,FCGRT,ENSG00000104870,chr4:959405:TC:T,AC_DeJager_eQTL,0.211873153236774,1,AC_DeJager_eQTL
chr4_2,SIGLEC8,ENSG00000105366,chr4:959405:TC:T,PCC_DeJager_eQTL,0.211873153236774,1,PCC_DeJager_eQTL
chr4_2,PALD1,ENSG00000107719,chr4:959405:TC:T,AC_DeJager_eQTL,0.211873153236774,1,AC_DeJager_eQTL
chr4_2,GLI1,ENSG00000111087,chr4:959405:TC:T,AC_DeJager_eQTL,0.211873153236774,1,AC_DeJager_eQTL
chr4_2,VNN1,ENSG00000112299,chr4:959405:TC:T,PCC_DeJager_eQTL,0.211873153236774,1,PCC_DeJager_eQTL
chr4_2,ITPKB,ENSG00000143772,chr4:959405:TC:T,AC_DeJager_eQTL,0.211873153236774,1,AC_DeJager_eQTL
chr4_2,SLC39A12,ENSG00000148482,chr4:959405:TC:T,AC_DeJager_eQTL,0.211873153236774,1,AC_DeJager_eQTL
chr4_2,ADCY8,ENSG00000155897,chr4:959405:TC:T,AC_DeJager_eQTL,0.211873153236774,1,AC_DeJager_eQTL
chr4_2,PPP4R2,ENSG00000163605,chr4:959405:TC:T,Oli_DeJager_eQTL,0.211873153236774,1,Oli_DeJager_eQTL
chr4_2,U2SURP,ENSG00000163714,chr4:959405:TC:T,Inh_DeJager_eQTL,0.211873153236774,1,Inh_DeJager_eQTL
chr4_2,GEM,ENSG00000164949,chr4:959405:TC:T,AC_DeJager_eQTL,0.211873153236774,1,AC_DeJager_eQTL
chr4_2,SMCO4,ENSG00000166002,chr4:959405:TC:T,AC_DeJager_eQTL,0.211873153236774,1,AC_DeJager_eQTL
chr4_2,CES4A,ENSG00000172824,chr4:959405:TC:T,OPC_DeJager_eQTL,0.211873153236774,1,OPC_DeJager_eQTL
chr4_2,CYFIP1,ENSG00000273749,chr4:959405:TC:T,PCC_DeJager_eQTL,0.211873153236774,1,PCC_DeJager_eQTL
chr4_2,AC106741.1,ENSG00000287694,chr4:959405:TC:T,PCC_DeJager_eQTL,0.211873153236774,1,PCC_DeJager_eQTL
chr2_29,EMSY,ENSG00000158636,chr2:127104190:T:A,Mic_12_Kellis_eQTL,0.135364084307075,1,Mic_12_Kellis_eQTL
chr2_29,HOOK3,ENSG00000168172,chr2:127104190:T:A,Mic_12_Kellis_eQTL,0.135364084307075,1,Mic_12_Kellis_eQTL
chr2_29,EFCAB2,ENSG00000203666,chr2:127104190:T:A,Mic_12_Kellis_eQTL,0.135364084307075,1,Mic_12_Kellis_eQTL
chr2_29,NOTCH2NLA,ENSG00000264343,chr2:127104190:T:A,Ast_10_Kellis_eQTL,0.135364084307075,1,Ast_10_Kellis_eQTL
chr8_64,TSFM,ENSG00000123297,chr8:125527723:A:C,Inh_DeJager_eQTL,0.13446030440889,1,Inh_DeJager_eQTL
chr8_64,EXOSC1,ENSG00000171311,chr8:125527723:A:C,Ast_10_Kellis_eQTL,0.13446030440889,1,Ast_10_Kellis_eQTL
chr8_64,TMED1,ENSG00000099203,chr8:125517164:G:C,Ast_10_Kellis_eQTL,0.121434133958488,1,Ast_10_Kellis_eQTL
chr8_64,RORB,ENSG00000198963,chr8:125517164:G:C,Oli_DeJager_eQTL,0.121434133958488,1,Oli_DeJager_eQTL
chr2_82,RAB2A,ENSG00000104388,chr2:233138094:C:G,OPC_DeJager_eQTL,0.120982095046867,1,OPC_DeJager_eQTL
chr12_43,CARF,ENSG00000138380,chr12:124838694:G:A,Mic_12_Kellis_eQTL,0.116736971708514,1,Mic_12_Kellis_eQTL
chr12_43,MMS19,ENSG00000155229,chr12:124838694:G:A,Mic_12_Kellis_eQTL,0.116736971708514,1,Mic_12_Kellis_eQTL
chr5_16,DGKA,ENSG00000065357,chr5:86978375:T:G,Ast_10_Kellis_eQTL,0.111452450527245,1,Ast_10_Kellis_eQTL
chr5_16,DNAJA1,ENSG00000086061,chr5:86978375:T:G,protein_transmap,0.111452450527245,1,protein_transmap
chr5_16,PROSER1,ENSG00000120685,chr5:86978375:T:G,Mic_12_Kellis_eQTL,0.111452450527245,1,Mic_12_Kellis_eQTL
chr5_16,CLMP,ENSG00000166250,chr5:86978375:T:G,Exc_DeJager_eQTL,0.111452450527245,1,Exc_DeJager_eQTL
chr5_16,SLC35G1,ENSG00000176273,chr5:86978375:T:G,Inh_DeJager_eQTL,0.111452450527245,1,Inh_DeJager_eQTL
chr5_16,CD55,ENSG00000196352,chr5:86978375:T:G,Exc_DeJager_eQTL,0.111452450527245,1,Exc_DeJager_eQTL
chr5_65,SPAG5,ENSG00000076382,chr5:180197032:G:A,PCC_DeJager_eQTL,0.110388205003841,1,PCC_DeJager_eQTL
chr5_65,ONECUT2,ENSG00000119547,chr5:180197032:G:A,PCC_DeJager_eQTL,0.110388205003841,1,PCC_DeJager_eQTL
chr5_65,SLC38A4,ENSG00000139209,chr5:180197032:G:A,Ast_10_Kellis_eQTL,0.110388205003841,1,Ast_10_Kellis_eQTL
chr5_65,ACBD7,ENSG00000176244,chr5:180197032:G:A,Ast_10_Kellis_eQTL,0.110388205003841,1,Ast_10_Kellis_eQTL
chr17_43,PAX7,ENSG00000009709,chr17:44377438:C:T,AC_DeJager_eQTL,0.106374365287646,1,AC_DeJager_eQTL
chr17_43,AGA,ENSG00000038002,chr17:44377438:C:T,PCC_DeJager_eQTL,0.106374365287646,1,PCC_DeJager_eQTL
chr17_43,ARHGAP15,ENSG00000075884,chr17:44377438:C:T,AC_DeJager_eQTL,0.106374365287646,1,AC_DeJager_eQTL
chr17_43,BRINP1,ENSG00000078725,chr17:44377438:C:T,AC_DeJager_eQTL,0.106374365287646,1,AC_DeJager_eQTL
chr17_43,CCNK,ENSG00000090061,chr17:44377438:C:T,AC_DeJager_eQTL,0.106374365287646,1,AC_DeJager_eQTL
chr17_43,TMEM106B,ENSG00000106460,chr17:44377438:C:T,protein_transmap,0.106374365287646,1,protein_transmap
chr17_43,PTGDS,ENSG00000107317,chr17:44377438:C:T,PCC_DeJager_eQTL,0.106374365287646,1,PCC_DeJager_eQTL
chr17_43,GLP1R,ENSG00000112164,chr17:44377438:C:T,AC_DeJager_eQTL,0.106374365287646,1,AC_DeJager_eQTL
chr17_43,RHOU,ENSG00000116574,chr17:44377438:C:T,PCC_DeJager_eQTL,0.106374365287646,1,PCC_DeJager_eQTL
chr17_43,CA14,ENSG00000118298,chr17:44377438:C:T,PCC_DeJager_eQTL,0.106374365287646,1,PCC_DeJager_eQTL
chr17_43,ATP10B,ENSG00000118322,chr17:44377438:C:T,PCC_DeJager_eQTL,0.106374365287646,1,PCC_DeJager_eQTL
chr17_43,SLC31A1,ENSG00000136868,chr17:44377438:C:T,PCC_DeJager_eQTL,0.106374365287646,1,PCC_DeJager_eQTL
chr17_43,PARP1,ENSG00000143799,chr17:44377438:C:T,PCC_DeJager_eQTL,0.106374365287646,1,PCC_DeJager_eQTL
chr17_43,XPC,ENSG00000154767,chr17:44377438:C:T,PCC_DeJager_eQTL,0.106374365287646,1,PCC_DeJager_eQTL
chr17_43,CMTM5,ENSG00000166091,chr17:44377438:C:T,PCC_DeJager_eQTL,0.106374365287646,1,PCC_DeJager_eQTL
chr17_43,PDGFD,ENSG00000170962,chr17:44377438:C:T,AC_DeJager_eQTL,0.106374365287646,1,AC_DeJager_eQTL
chr17_43,RAB4B-EGLN2,ENSG00000171570,chr17:44377438:C:T,AC_DeJager_eQTL,0.106374365287646,1,AC_DeJager_eQTL
chr17_43,LAMP1,ENSG00000185896,chr17:44377438:C:T,PCC_DeJager_eQTL,0.106374365287646,1,PCC_DeJager_eQTL
chr17_43,SRC,ENSG00000197122,chr17:44377438:C:T,PCC_DeJager_eQTL,0.106374365287646,1,PCC_DeJager_eQTL
chr7_18,EBF4,ENSG00000088881,chr7:28132395:C:T,PCC_DeJager_eQTL,0.104560261779885,1,PCC_DeJager_eQTL
chr7_18,LLGL1,ENSG00000131899,chr7:28132395:C:T,PCC_DeJager_eQTL,0.104560261779885,1,PCC_DeJager_eQTL
chr7_18,TONSL,ENSG00000160949,chr7:28132395:C:T,Exc_DeJager_eQTL,0.104560261779885,1,Exc_DeJager_eQTL
chr7_18,DDX19A,ENSG00000168872,chr7:28132395:C:T,protein_transmap,0.104560261779885,1,protein_transmap
chr7_18,FAM53B,ENSG00000189319,chr7:28132395:C:T,PCC_DeJager_eQTL,0.104560261779885,1,PCC_DeJager_eQTL
chr12_43,PLD1,ENSG00000075651,chr12:124834226:C:T,Mic_12_Kellis_eQTL,0.104263872589922,1,Mic_12_Kellis_eQTL
chr12_43,EFR3B,ENSG00000084710,chr12:124834226:C:T,protein_transmap,0.104263872589922,1,protein_transmap
chr12_43,SPIN1,ENSG00000106723,chr12:124834226:C:T,Mic_12_Kellis_eQTL,0.104263872589922,1,Mic_12_Kellis_eQTL
chr19_66,SLC23A2,ENSG00000089057,chr19:51231768:T:TA,Oli_DeJager_eQTL,0.102445657073565,1,Oli_DeJager_eQTL
chr19_66,CCDC32,ENSG00000128891,chr19:51231768:T:TA,Exc_DeJager_eQTL,0.102445657073565,2,Exc_DeJager_eQTL|Inh_DeJager_eQTL
chr19_66,DDI2,ENSG00000197312,chr19:51231768:T:TA,Inh_DeJager_eQTL,0.102445657073565,1,Inh_DeJager_eQTL
chr19_19,MAP4K3,ENSG00000011566,chr19:1861024:G:A,PCC_DeJager_eQTL,0.0911723393866201,1,PCC_DeJager_eQTL
chr19_19,TLE4,ENSG00000106829,chr19:1861024:G:A,Ast_10_Kellis_eQTL,0.0911723393866201,1,Ast_10_Kellis_eQTL
chr19_19,CD226,ENSG00000150637,chr19:1861024:G:A,Inh_DeJager_eQTL,0.0911723393866201,1,Inh_DeJager_eQTL
chr19_19,RCAN1,ENSG00000159200,chr19:1861024:G:A,protein_transmap,0.0911723393866201,1,protein_transmap
chr19_19,OR51E2,ENSG00000167332,chr19:1861024:G:A,PCC_DeJager_eQTL,0.0911723393866201,1,PCC_DeJager_eQTL
chr12_1,ITGA2B,ENSG00000005961,chr12:7062357:C:T,Exc_DeJager_eQTL,0.0892648273925349,1,Exc_DeJager_eQTL
chr12_1,ABCC8,ENSG00000006071,chr12:7062357:C:T,Inh_DeJager_eQTL,0.0892648273925349,1,Inh_DeJager_eQTL
chr12_1,RIPOR1,ENSG00000039523,chr12:7062357:C:T,OPC_DeJager_eQTL,0.0892648273925349,1,OPC_DeJager_eQTL
chr12_1,FAM114A2,ENSG00000055147,chr12:7062357:C:T,Inh_DeJager_eQTL,0.0892648273925349,1,Inh_DeJager_eQTL
chr12_1,WDR3,ENSG00000065183,chr12:7062357:C:T,Inh_DeJager_eQTL,0.0892648273925349,1,Inh_DeJager_eQTL
chr12_1,CPSF1,ENSG00000071894,chr12:7062357:C:T,Oli_DeJager_eQTL,0.0892648273925349,1,Oli_DeJager_eQTL
chr12_1,XRCC5,ENSG00000079246,chr12:7062357:C:T,Inh_DeJager_eQTL,0.0892648273925349,1,Inh_DeJager_eQTL
chr12_1,DDX18,ENSG00000088205,chr12:7062357:C:T,Exc_DeJager_eQTL,0.0892648273925349,2,Exc_DeJager_eQTL|Inh_DeJager_eQTL
chr12_1,SNX5,ENSG00000089006,chr12:7062357:C:T,Inh_DeJager_eQTL,0.0892648273925349,1,Inh_DeJager_eQTL
chr12_1,CDC5L,ENSG00000096401,chr12:7062357:C:T,Inh_DeJager_eQTL,0.0892648273925349,1,Inh_DeJager_eQTL
chr12_1,SRRD,ENSG00000100104,chr12:7062357:C:T,Exc_DeJager_eQTL,0.0892648273925349,1,Exc_DeJager_eQTL
chr12_1,PYGB,ENSG00000100994,chr12:7062357:C:T,Oli_DeJager_eQTL,0.0892648273925349,1,Oli_DeJager_eQTL
chr12_1,RAB2A,ENSG00000104388,chr12:7062357:C:T,Oli_DeJager_eQTL,0.0892648273925349,1,Oli_DeJager_eQTL
chr12_1,PSMA2,ENSG00000106588,chr12:7062357:C:T,Exc_DeJager_eQTL,0.0892648273925349,2,Exc_DeJager_eQTL|Oli_DeJager_eQTL
chr12_1,CLIP2,ENSG00000106665,chr12:7062357:C:T,Exc_DeJager_eQTL,0.0892648273925349,1,Exc_DeJager_eQTL
chr12_1,PSMD14,ENSG00000115233,chr12:7062357:C:T,Exc_DeJager_eQTL,0.0892648273925349,1,Exc_DeJager_eQTL
chr12_1,COPS5,ENSG00000121022,chr12:7062357:C:T,Exc_DeJager_eQTL,0.0892648273925349,1,Exc_DeJager_eQTL
chr12_1,SLC25A23,ENSG00000125648,chr12:7062357:C:T,Inh_DeJager_eQTL,0.0892648273925349,1,Inh_DeJager_eQTL
chr12_1,FCHO1,ENSG00000130475,chr12:7062357:C:T,Inh_DeJager_eQTL,0.0892648273925349,1,Inh_DeJager_eQTL
chr12_1,CC2D1A,ENSG00000132024,chr12:7062357:C:T,Inh_DeJager_eQTL,0.0892648273925349,1,Inh_DeJager_eQTL
chr12_1,KIAA1614,ENSG00000135835,chr12:7062357:C:T,Inh_DeJager_eQTL,0.0892648273925349,1,Inh_DeJager_eQTL
chr12_1,RHBDL3,ENSG00000141314,chr12:7062357:C:T,Oli_DeJager_eQTL,0.0892648273925349,1,Oli_DeJager_eQTL
chr12_1,CFAP74,ENSG00000142609,chr12:7062357:C:T,Inh_DeJager_eQTL,0.0892648273925349,1,Inh_DeJager_eQTL
chr12_1,SFXN5,ENSG00000144040,chr12:7062357:C:T,Oli_DeJager_eQTL,0.0892648273925349,1,Oli_DeJager_eQTL
chr12_1,MYO10,ENSG00000145555,chr12:7062357:C:T,Exc_DeJager_eQTL,0.0892648273925349,1,Exc_DeJager_eQTL
chr12_1,GSTO1,ENSG00000148834,chr12:7062357:C:T,Oli_DeJager_eQTL,0.0892648273925349,1,Oli_DeJager_eQTL
chr12_1,CCSAP,ENSG00000154429,chr12:7062357:C:T,Inh_DeJager_eQTL,0.0892648273925349,1,Inh_DeJager_eQTL
chr12_1,NIFK,ENSG00000155438,chr12:7062357:C:T,Exc_DeJager_eQTL,0.0892648273925349,1,Exc_DeJager_eQTL
chr12_1,EIF5B,ENSG00000158417,chr12:7062357:C:T,Exc_DeJager_eQTL,0.0892648273925349,1,Exc_DeJager_eQTL
chr12_1,SON,ENSG00000159140,chr12:7062357:C:T,Exc_DeJager_eQTL,0.0892648273925349,2,Exc_DeJager_eQTL|Inh_DeJager_eQTL
chr12_1,ZER1,ENSG00000160445,chr12:7062357:C:T,Mic_12_Kellis_eQTL,0.0892648273925349,1,Mic_12_Kellis_eQTL
chr12_1,ZSWIM2,ENSG00000163012,chr12:7062357:C:T,DLPFC_DeJager_eQTL,0.0892648273925349,1,DLPFC_DeJager_eQTL
chr12_1,NSA2,ENSG00000164346,chr12:7062357:C:T,Exc_DeJager_eQTL,0.0892648273925349,1,Exc_DeJager_eQTL
chr12_1,PLRG1,ENSG00000171566,chr12:7062357:C:T,Exc_DeJager_eQTL,0.0892648273925349,1,Exc_DeJager_eQTL
chr12_1,BRSK2,ENSG00000174672,chr12:7062357:C:T,Inh_DeJager_eQTL,0.0892648273925349,1,Inh_DeJager_eQTL
chr12_1,SNORC,ENSG00000182600,chr12:7062357:C:T,Inh_DeJager_eQTL,0.0892648273925349,1,Inh_DeJager_eQTL
chr12_1,SMTN,ENSG00000183963,chr12:7062357:C:T,Inh_DeJager_eQTL,0.0892648273925349,1,Inh_DeJager_eQTL
chr12_1,EXD3,ENSG00000187609,chr12:7062357:C:T,Inh_DeJager_eQTL,0.0892648273925349,1,Inh_DeJager_eQTL
chr12_1,ANXA6,ENSG00000197043,chr12:7062357:C:T,Inh_DeJager_eQTL,0.0892648273925349,1,Inh_DeJager_eQTL
chr12_1,DIO2,ENSG00000211448,chr12:7062357:C:T,Inh_DeJager_eQTL,0.0892648273925349,1,Inh_DeJager_eQTL
chr12_1,ZNF718,ENSG00000250312,chr12:7062357:C:T,Exc_DeJager_eQTL,0.0892648273925349,1,Exc_DeJager_eQTL
chr12_26,LYRM2,ENSG00000083099,chr12:113314997:C:T,Mic_12_Kellis_eQTL,0.089247072370246,1,Mic_12_Kellis_eQTL
chr12_26,CCDC97,ENSG00000142039,chr12:113314997:C:T,Oli_DeJager_eQTL,0.089247072370246,1,Oli_DeJager_eQTL
chr12_26,CYP4V2,ENSG00000145476,chr12:113314997:C:T,Ast_10_Kellis_eQTL,0.089247072370246,1,Ast_10_Kellis_eQTL
chr1_68,IP6K2,ENSG00000068745,chr1:225606578:C:T,OPC_DeJager_eQTL,0.0870150138273366,1,OPC_DeJager_eQTL
chr1_68,ZC3H12C,ENSG00000149289,chr1:225606578:C:T,Oli_DeJager_eQTL,0.0870150138273366,1,Oli_DeJager_eQTL
chr16_83,ACTR1A,ENSG00000138107,chr16:70660097:C:A,OPC_DeJager_eQTL,0.0851006715121356,1,OPC_DeJager_eQTL
chr16_83,CYFIP1,ENSG00000273749,chr16:70660097:C:A,Oli_DeJager_eQTL,0.0851006715121356,1,Oli_DeJager_eQTL
chr21_23,RCOR1,ENSG00000089902,chr21:39092834:CCTGTAATCCCA:C,AC_DeJager_eQTL,0.0840748545653347,1,AC_DeJager_eQTL
chr21_23,STK4,ENSG00000101109,chr21:39092834:CCTGTAATCCCA:C,Mic_12_Kellis_eQTL,0.0840748545653347,1,Mic_12_Kellis_eQTL
chr21_23,TNFAIP6,ENSG00000123610,chr21:39092834:CCTGTAATCCCA:C,Oli_DeJager_eQTL,0.0840748545653347,1,Oli_DeJager_eQTL
chr21_23,PREX1,ENSG00000124126,chr21:39092834:CCTGTAATCCCA:C,Mic_12_Kellis_eQTL,0.0840748545653347,1,Mic_12_Kellis_eQTL
chr21_23,ABHD10,ENSG00000144827,chr21:39092834:CCTGTAATCCCA:C,Oli_DeJager_eQTL,0.0840748545653347,1,Oli_DeJager_eQTL
chr21_23,TGOLN2,ENSG00000152291,chr21:39092834:CCTGTAATCCCA:C,AC_DeJager_eQTL,0.0840748545653347,1,AC_DeJager_eQTL
chr21_23,F5,ENSG00000198734,chr21:39092834:CCTGTAATCCCA:C,AC_DeJager_eQTL,0.0840748545653347,1,AC_DeJager_eQTL
chr17_37,RNF41,ENSG00000181852,chr17:7989268:C:T,Mic_12_Kellis_eQTL,0.082573975111235,1,Mic_12_Kellis_eQTL
chr5_4,ANKIB1,ENSG00000001629,chr5:14712405:G:A,DLPFC_DeJager_eQTL,0.079928254533254,1,DLPFC_DeJager_eQTL
chr5_4,NUP160,ENSG00000030066,chr5:14712405:G:A,DLPFC_DeJager_eQTL,0.079928254533254,1,DLPFC_DeJager_eQTL
chr5_4,TUBG2,ENSG00000037042,chr5:14712405:G:A,DLPFC_DeJager_eQTL,0.079928254533254,1,DLPFC_DeJager_eQTL
chr5_4,TAB2,ENSG00000055208,chr5:14712405:G:A,DLPFC_DeJager_eQTL,0.079928254533254,1,DLPFC_DeJager_eQTL
chr5_4,ATP11A,ENSG00000068650,chr5:14712405:G:A,DLPFC_DeJager_eQTL,0.079928254533254,1,DLPFC_DeJager_eQTL
chr5_4,PTPN21,ENSG00000070778,chr5:14712405:G:A,DLPFC_DeJager_eQTL,0.079928254533254,1,DLPFC_DeJager_eQTL
chr5_4,MAPRE3,ENSG00000084764,chr5:14712405:G:A,DLPFC_DeJager_eQTL,0.079928254533254,1,DLPFC_DeJager_eQTL
chr5_4,BRPF3,ENSG00000096070,chr5:14712405:G:A,DLPFC_DeJager_eQTL,0.079928254533254,1,DLPFC_DeJager_eQTL
chr5_4,TFEC,ENSG00000105967,chr5:14712405:G:A,DLPFC_DeJager_eQTL,0.079928254533254,1,DLPFC_DeJager_eQTL
chr5_4,TLE4,ENSG00000106829,chr5:14712405:G:A,DLPFC_DeJager_eQTL,0.079928254533254,1,DLPFC_DeJager_eQTL
chr5_4,PNPO,ENSG00000108439,chr5:14712405:G:A,DLPFC_DeJager_eQTL,0.079928254533254,1,DLPFC_DeJager_eQTL
chr5_4,SH3D19,ENSG00000109686,chr5:14712405:G:A,DLPFC_DeJager_eQTL,0.079928254533254,1,DLPFC_DeJager_eQTL
chr5_4,CORO1C,ENSG00000110880,chr5:14712405:G:A,DLPFC_DeJager_eQTL,0.079928254533254,1,DLPFC_DeJager_eQTL
chr5_4,NUP107,ENSG00000111581,chr5:14712405:G:A,DLPFC_DeJager_eQTL,0.079928254533254,1,DLPFC_DeJager_eQTL
chr5_4,CRYGD,ENSG00000118231,chr5:14712405:G:A,DLPFC_DeJager_eQTL,0.079928254533254,1,DLPFC_DeJager_eQTL
chr5_4,MSTO1,ENSG00000125459,chr5:14712405:G:A,DLPFC_DeJager_eQTL,0.079928254533254,1,DLPFC_DeJager_eQTL
chr5_4,EGLN1,ENSG00000135766,chr5:14712405:G:A,DLPFC_DeJager_eQTL,0.079928254533254,1,DLPFC_DeJager_eQTL
chr5_4,TRMO,ENSG00000136932,chr5:14712405:G:A,DLPFC_DeJager_eQTL,0.079928254533254,1,DLPFC_DeJager_eQTL
chr5_4,MMRN1,ENSG00000138722,chr5:14712405:G:A,DLPFC_DeJager_eQTL,0.079928254533254,1,DLPFC_DeJager_eQTL
chr5_4,ZSCAN29,ENSG00000140265,chr5:14712405:G:A,DLPFC_DeJager_eQTL,0.079928254533254,1,DLPFC_DeJager_eQTL
chr5_4,PDZRN4,ENSG00000165966,chr5:14712405:G:A,DLPFC_DeJager_eQTL,0.079928254533254,1,DLPFC_DeJager_eQTL
chr5_4,SLFN11,ENSG00000172716,chr5:14712405:G:A,DLPFC_DeJager_eQTL,0.079928254533254,1,DLPFC_DeJager_eQTL
chr5_4,GOLT1A,ENSG00000174567,chr5:14712405:G:A,DLPFC_DeJager_eQTL,0.079928254533254,1,DLPFC_DeJager_eQTL
chr5_4,ZSCAN2,ENSG00000176371,chr5:14712405:G:A,DLPFC_DeJager_eQTL,0.079928254533254,1,DLPFC_DeJager_eQTL
chr5_4,GCC1,ENSG00000179562,chr5:14712405:G:A,DLPFC_DeJager_eQTL,0.079928254533254,1,DLPFC_DeJager_eQTL
chr5_4,ZNF816,ENSG00000180257,chr5:14712405:G:A,DLPFC_DeJager_eQTL,0.079928254533254,1,DLPFC_DeJager_eQTL
chr5_4,ANKRD45,ENSG00000183831,chr5:14712405:G:A,DLPFC_DeJager_eQTL,0.079928254533254,1,DLPFC_DeJager_eQTL
chr5_4,DHRS7C,ENSG00000184544,chr5:14712405:G:A,DLPFC_DeJager_eQTL,0.079928254533254,1,DLPFC_DeJager_eQTL
chr5_4,ALG1L,ENSG00000189366,chr5:14712405:G:A,DLPFC_DeJager_eQTL,0.079928254533254,1,DLPFC_DeJager_eQTL
chr5_4,ENPP1,ENSG00000197594,chr5:14712405:G:A,DLPFC_DeJager_eQTL,0.079928254533254,1,DLPFC_DeJager_eQTL
chr5_4,SYS1,ENSG00000204070,chr5:14712405:G:A,DLPFC_DeJager_eQTL,0.079928254533254,1,DLPFC_DeJager_eQTL
chr5_4,ZNF468,ENSG00000204604,chr5:14712405:G:A,DLPFC_DeJager_eQTL,0.079928254533254,1,DLPFC_DeJager_eQTL
chr5_4,IFRD2,ENSG00000214706,chr5:14712405:G:A,Oli_DeJager_eQTL,0.079928254533254,1,Oli_DeJager_eQTL
chr5_4,ZNF816-ZNF321P,ENSG00000221874,chr5:14712405:G:A,DLPFC_DeJager_eQTL,0.079928254533254,1,DLPFC_DeJager_eQTL
chr5_4,PPP1R3E,ENSG00000235194,chr5:14712405:G:A,DLPFC_DeJager_eQTL,0.079928254533254,1,DLPFC_DeJager_eQTL
chr5_4,AC068946.1,ENSG00000280537,chr5:14712405:G:A,DLPFC_DeJager_eQTL,0.079928254533254,1,DLPFC_DeJager_eQTL
chr5_4,AL662820.1,ENSG00000285064,chr5:14712405:G:A,DLPFC_DeJager_eQTL,0.079928254533254,1,DLPFC_DeJager_eQTL
chr5_4,AC013717.1,ENSG00000285542,chr5:14712405:G:A,DLPFC_DeJager_eQTL,0.079928254533254,1,DLPFC_DeJager_eQTL
chr7_39,PLEKHM3,ENSG00000178385,chr7:100414711:G:A,Oli_DeJager_eQTL,0.0719497745630564,1,Oli_DeJager_eQTL
chr7_39,ZBTB7A,ENSG00000178951,chr7:100414711:G:A,Oli_DeJager_eQTL,0.0719497745630564,1,Oli_DeJager_eQTL
chr7_39,TNFAIP8L1,ENSG00000185361,chr7:100414711:G:A,Ast_10_Kellis_eQTL,0.0719497745630564,1,Ast_10_Kellis_eQTL
chr3_18,POLR1A,ENSG00000068654,chr3:184215447:T:C,Oli_DeJager_eQTL,0.0678763638954153,1,Oli_DeJager_eQTL
chr3_18,PIM1,ENSG00000137193,chr3:184215447:T:C,Oli_DeJager_eQTL,0.0678763638954153,1,Oli_DeJager_eQTL
chr3_18,LSM12,ENSG00000161654,chr3:184215447:T:C,Exc_DeJager_eQTL,0.0678763638954153,1,Exc_DeJager_eQTL
chr3_18,NFXL1,ENSG00000170448,chr3:184215447:T:C,Mic_12_Kellis_eQTL,0.0678763638954153,1,Mic_12_Kellis_eQTL
chr3_18,ZBTB26,ENSG00000171448,chr3:184215447:T:C,Exc_DeJager_eQTL,0.0678763638954153,1,Exc_DeJager_eQTL
chr3_18,ORMDL3,ENSG00000172057,chr3:184215447:T:C,Inh_DeJager_eQTL,0.0678763638954153,1,Inh_DeJager_eQTL
chr11_41,SIN3B,ENSG00000127511,chr11:86046575:C:T,Oli_DeJager_eQTL,0.0676664806137439,1,Oli_DeJager_eQTL
chr11_41,HIGD2A,ENSG00000146066,chr11:86046575:C:T,Inh_DeJager_eQTL,0.0676664806137439,1,Inh_DeJager_eQTL
chr11_41,PEF1,ENSG00000162517,chr11:86046575:C:T,OPC_DeJager_eQTL,0.0676664806137439,1,OPC_DeJager_eQTL
chr11_41,FOXD4,ENSG00000170122,chr11:86046575:C:T,DLPFC_DeJager_eQTL,0.0676664806137439,1,DLPFC_DeJager_eQTL
chr11_41,NDUFB1,ENSG00000183648,chr11:86046575:C:T,Ast_10_Kellis_eQTL,0.0676664806137439,1,Ast_10_Kellis_eQTL
chr11_32,FMO1,ENSG00000010932,chr11:65895514:A:G,PCC_DeJager_eQTL,0.0674380717340116,1,PCC_DeJager_eQTL
chr11_32,SNX5,ENSG00000089006,chr11:65895514:A:G,protein_transmap,0.0674380717340116,1,protein_transmap
chr11_32,SPX,ENSG00000134548,chr11:65895514:A:G,PCC_DeJager_eQTL,0.0674380717340116,1,PCC_DeJager_eQTL
chr11_32,PDF,ENSG00000258429,chr11:65895514:A:G,PCC_DeJager_eQTL,0.0674380717340116,1,PCC_DeJager_eQTL
chr7_52,BRD9,ENSG00000028310,chr7:129115252:C:A,Ast_10_Kellis_eQTL,0.0514696662848935,1,Ast_10_Kellis_eQTL
chr7_52,FTSJ3,ENSG00000108592,chr7:129115252:C:A,protein_transmap,0.0514696662848935,1,protein_transmap
chr7_52,FCF1,ENSG00000119616,chr7:129115252:C:A,OPC_DeJager_eQTL,0.0514696662848935,1,OPC_DeJager_eQTL
chr7_52,NECAB1,ENSG00000123119,chr7:129115252:C:A,DLPFC_DeJager_eQTL,0.0514696662848935,1,DLPFC_DeJager_eQTL
chr7_52,VPS36,ENSG00000136100,chr7:129115252:C:A,DLPFC_DeJager_eQTL,0.0514696662848935,1,DLPFC_DeJager_eQTL
chr7_52,ERO1A,ENSG00000197930,chr7:129115252:C:A,DLPFC_DeJager_eQTL,0.0514696662848935,1,DLPFC_DeJager_eQTL
chr7_52,SDAD1,ENSG00000198301,chr7:129115252:C:A,DLPFC_DeJager_eQTL,0.0514696662848935,1,DLPFC_DeJager_eQTL
chr7_52,INSYN2B,ENSG00000204767,chr7:129115252:C:A,Mic_12_Kellis_eQTL,0.0514696662848935,1,Mic_12_Kellis_eQTL
chr7_52,PARG,ENSG00000227345,chr7:129115252:C:A,Mic_12_Kellis_eQTL,0.0514696662848935,1,Mic_12_Kellis_eQTL
chr17_40,PPP2R3A,ENSG00000073711,chr17:18206014:C:A,Exc_DeJager_eQTL,0.0478543841188034,1,Exc_DeJager_eQTL
chr17_40,HDAC2,ENSG00000196591,chr17:18206014:C:A,Oli_DeJager_eQTL,0.0478543841188034,1,Oli_DeJager_eQTL
chr18_1,WNT5A,ENSG00000114251,chr18:32092596:A:G,Exc_DeJager_eQTL,0.0472969950444313,1,Exc_DeJager_eQTL
chr18_1,SAFB2,ENSG00000130254,chr18:32092596:A:G,OPC_DeJager_eQTL,0.0472969950444313,1,OPC_DeJager_eQTL
chr18_1,PRPS1,ENSG00000147224,chr18:32092596:A:G,protein_transmap,0.0472969950444313,1,protein_transmap
chr18_1,RAPGEF6,ENSG00000158987,chr18:32092596:A:G,OPC_DeJager_eQTL,0.0472969950444313,1,OPC_DeJager_eQTL
chr10_28,USP7,ENSG00000187555,chr10:60015668:T:A,Oli_DeJager_eQTL,0.0467918418168906,1,Oli_DeJager_eQTL
chr10_28,TOGARAM2,ENSG00000189350,chr10:60015668:T:A,Ast_10_Kellis_eQTL,0.0467918418168906,1,Ast_10_Kellis_eQTL
chr7_53,ATP6V1D,ENSG00000100554,chr7:129660519:G:A,Ast_10_Kellis_eQTL,0.0443984949974428,1,Ast_10_Kellis_eQTL
chr7_53,APMAP,ENSG00000101474,chr7:129660519:G:A,Inh_DeJager_eQTL,0.0443984949974428,1,Inh_DeJager_eQTL
chr7_53,BRIX1,ENSG00000113460,chr7:129660519:G:A,Oli_DeJager_eQTL,0.0443984949974428,1,Oli_DeJager_eQTL
chr7_53,ZNF568,ENSG00000198453,chr7:129660519:G:A,Ast_10_Kellis_eQTL,0.0443984949974428,1,Ast_10_Kellis_eQTL
chr7_53,STUM,ENSG00000203685,chr7:129660519:G:A,protein_transmap,0.0443984949974428,1,protein_transmap
chr17_31,UBR5,ENSG00000104517,chr17:7254197:C:T,protein_transmap,0.044036392523473,1,protein_transmap
chr17_31,DVL1,ENSG00000107404,chr17:7254197:C:T,protein_transmap,0.044036392523473,1,protein_transmap
chr17_31,FAM98A,ENSG00000119812,chr17:7254197:C:T,OPC_DeJager_eQTL,0.044036392523473,1,OPC_DeJager_eQTL
chr17_31,HAUS2,ENSG00000137814,chr17:7254197:C:T,Inh_DeJager_eQTL,0.044036392523473,1,Inh_DeJager_eQTL
chr17_31,GNL3,ENSG00000163938,chr17:7254197:C:T,Ast_10_Kellis_eQTL,0.044036392523473,1,Ast_10_Kellis_eQTL
chr17_31,MAMDC2,ENSG00000165072,chr17:7254197:C:T,Ast_10_Kellis_eQTL,0.044036392523473,1,Ast_10_Kellis_eQTL
chr17_31,GPR171,ENSG00000174946,chr17:7254197:C:T,Ast_10_Kellis_eQTL,0.044036392523473,1,Ast_10_Kellis_eQTL
chr17_31,LIPT2,ENSG00000175536,chr17:7254197:C:T,protein_transmap,0.044036392523473,1,protein_transmap
chr17_31,UTS2B,ENSG00000188958,chr17:7254197:C:T,AC_DeJager_eQTL,0.044036392523473,1,AC_DeJager_eQTL
chr17_31,ENTPD7,ENSG00000198018,chr17:7254197:C:T,Ast_10_Kellis_eQTL,0.044036392523473,1,Ast_10_Kellis_eQTL
chr7_10,TMEM101,ENSG00000091947,chr7:12205994:G:A,Exc_DeJager_eQTL,0.0430465373971526,1,Exc_DeJager_eQTL
chr7_10,MANBAL,ENSG00000101363,chr7:12205994:G:A,Inh_DeJager_eQTL,0.0430465373971526,1,Inh_DeJager_eQTL
chr7_10,RNF19B,ENSG00000116514,chr7:12205994:G:A,PCC_DeJager_eQTL,0.0430465373971526,1,PCC_DeJager_eQTL
chr7_10,CDH26,ENSG00000124215,chr7:12205994:G:A,AC_DeJager_eQTL,0.0430465373971526,1,AC_DeJager_eQTL
chr7_10,F12,ENSG00000131187,chr7:12205994:G:A,PCC_DeJager_eQTL,0.0430465373971526,1,PCC_DeJager_eQTL
chr7_10,CDK8,ENSG00000132964,chr7:12205994:G:A,PCC_DeJager_eQTL,0.0430465373971526,1,PCC_DeJager_eQTL
chr7_10,NYAP2,ENSG00000144460,chr7:12205994:G:A,Exc_DeJager_eQTL,0.0430465373971526,1,Exc_DeJager_eQTL
chr7_10,UTP23,ENSG00000147679,chr7:12205994:G:A,AC_DeJager_eQTL,0.0430465373971526,1,AC_DeJager_eQTL
chr7_10,NMT2,ENSG00000152465,chr7:12205994:G:A,PCC_DeJager_eQTL,0.0430465373971526,1,PCC_DeJager_eQTL
chr7_10,LPCAT1,ENSG00000153395,chr7:12205994:G:A,PCC_DeJager_eQTL,0.0430465373971526,1,PCC_DeJager_eQTL
chr7_10,CXorf38,ENSG00000185753,chr7:12205994:G:A,Exc_DeJager_eQTL,0.0430465373971526,1,Exc_DeJager_eQTL
chr7_10,GPATCH3,ENSG00000198746,chr7:12205994:G:A,Exc_DeJager_eQTL,0.0430465373971526,1,Exc_DeJager_eQTL
chr7_10,CEBPZOS,ENSG00000218739,chr7:12205994:G:A,Inh_DeJager_eQTL,0.0430465373971526,1,Inh_DeJager_eQTL
chr16_21,ZC3H15,ENSG00000065548,chr16:29951481:G:A,DLPFC_DeJager_eQTL,0.0422561867504688,1,DLPFC_DeJager_eQTL
chr16_21,FAM184A,ENSG00000111879,chr16:29951481:G:A,DLPFC_DeJager_eQTL,0.0422561867504688,1,DLPFC_DeJager_eQTL
chr16_21,DSTYK,ENSG00000133059,chr16:29951481:G:A,DLPFC_DeJager_eQTL,0.0422561867504688,1,DLPFC_DeJager_eQTL
chr16_21,SCN2B,ENSG00000149575,chr16:29951481:G:A,DLPFC_DeJager_eQTL,0.0422561867504688,1,DLPFC_DeJager_eQTL
chr16_21,YWHAB,ENSG00000166913,chr16:29951481:G:A,DLPFC_DeJager_eQTL,0.0422561867504688,1,DLPFC_DeJager_eQTL
chr16_21,PNMA6F,ENSG00000225110,chr16:29951481:G:A,DLPFC_DeJager_eQTL,0.0422561867504688,1,DLPFC_DeJager_eQTL
chr16_1,SPDL1,ENSG00000040275,chr16:19893761:G:A,Inh_DeJager_eQTL,0.0388708285090368,1,Inh_DeJager_eQTL
chr16_1,XRCC6,ENSG00000196419,chr16:19893761:G:A,Ast_10_Kellis_eQTL,0.0388708285090368,1,Ast_10_Kellis_eQTL
chr5_21,LRRC41,ENSG00000132128,chr5:87123124:GT:G,Ast_10_Kellis_eQTL,0.0382748362828071,1,Ast_10_Kellis_eQTL
chr5_21,BEAN1,ENSG00000166546,chr5:87123124:GT:G,DLPFC_DeJager_eQTL,0.0382748362828071,1,DLPFC_DeJager_eQTL
chr15_9,POLRMT,ENSG00000099821,chr15:50659179:C:T,Oli_DeJager_eQTL,0.036919550406887,1,Oli_DeJager_eQTL
chr15_9,RFC5,ENSG00000111445,chr15:50659179:C:T,PCC_DeJager_eQTL,0.036919550406887,1,PCC_DeJager_eQTL
chr15_9,ALDH8A1,ENSG00000118514,chr15:50659179:C:T,PCC_DeJager_eQTL,0.036919550406887,1,PCC_DeJager_eQTL
chr15_9,SH3PXD2B,ENSG00000174705,chr15:50659179:C:T,PCC_DeJager_eQTL,0.036919550406887,1,PCC_DeJager_eQTL
chr15_9,CEP95,ENSG00000258890,chr15:50659179:C:T,PCC_DeJager_eQTL,0.036919550406887,1,PCC_DeJager_eQTL
chr16_62,EXOC1,ENSG00000090989,chr16:31106377:C:T,Mic_12_Kellis_eQTL,0.0336582828719303,1,Mic_12_Kellis_eQTL
chr11_11,ZNF586,ENSG00000083828,chr11:47641497:A:G,OPC_DeJager_eQTL,0.0336033038651561,1,OPC_DeJager_eQTL
chr11_11,HM13,ENSG00000101294,chr11:47641497:A:G,Mic_12_Kellis_eQTL,0.0336033038651561,1,Mic_12_Kellis_eQTL
chr11_11,MRPL4,ENSG00000105364,chr11:47641497:A:G,Inh_DeJager_eQTL,0.0336033038651561,1,Inh_DeJager_eQTL
chr11_11,NEK6,ENSG00000119408,chr11:47641497:A:G,Inh_DeJager_eQTL,0.0336033038651561,1,Inh_DeJager_eQTL
chr11_11,TAF4,ENSG00000130699,chr11:47641497:A:G,Exc_DeJager_eQTL,0.0336033038651561,1,Exc_DeJager_eQTL
chr11_11,CHMP1A,ENSG00000131165,chr11:47641497:A:G,Inh_DeJager_eQTL,0.0336033038651561,1,Inh_DeJager_eQTL
chr11_11,CHSY1,ENSG00000131873,chr11:47641497:A:G,Exc_DeJager_eQTL,0.0336033038651561,1,Exc_DeJager_eQTL
chr11_11,MTSS1,ENSG00000170873,chr11:47641497:A:G,Inh_DeJager_eQTL,0.0336033038651561,1,Inh_DeJager_eQTL
chr10_34,DVL2,ENSG00000004975,chr10:80497814:T:C,protein_transmap,0.031393243989514,1,protein_transmap
chr10_34,GTPBP1,ENSG00000100226,chr10:80497814:T:C,protein_transmap,0.031393243989514,1,protein_transmap
chr10_34,SMCHD1,ENSG00000101596,chr10:80497814:T:C,protein_transmap,0.031393243989514,1,protein_transmap
chr10_34,NFKBIB,ENSG00000104825,chr10:80497814:T:C,protein_transmap,0.031393243989514,1,protein_transmap
chr10_34,PTK7,ENSG00000112655,chr10:80497814:T:C,protein_transmap,0.031393243989514,1,protein_transmap
chr10_34,SMG7,ENSG00000116698,chr10:80497814:T:C,protein_transmap,0.031393243989514,1,protein_transmap
chr10_34,NRP2,ENSG00000118257,chr10:80497814:T:C,protein_transmap,0.031393243989514,1,protein_transmap
chr10_34,FKBP15,ENSG00000119321,chr10:80497814:T:C,protein_transmap,0.031393243989514,1,protein_transmap
chr10_34,FAM126A,ENSG00000122591,chr10:80497814:T:C,protein_transmap,0.031393243989514,1,protein_transmap
chr10_34,NAT10,ENSG00000135372,chr10:80497814:T:C,protein_transmap,0.031393243989514,1,protein_transmap
chr10_34,UACA,ENSG00000137831,chr10:80497814:T:C,protein_transmap,0.031393243989514,1,protein_transmap
chr10_34,ELAPOR2,ENSG00000164659,chr10:80497814:T:C,protein_transmap,0.031393243989514,1,protein_transmap
chr10_34,SCRIB,ENSG00000180900,chr10:80497814:T:C,protein_transmap,0.031393243989514,1,protein_transmap
chr10_34,PCDHGA3,ENSG00000254245,chr10:80497814:T:C,protein_transmap,0.031393243989514,1,protein_transmap
chr2_3,SLC4A4,ENSG00000080493,chr2:9424405:C:T,OPC_DeJager_eQTL,0.0312280009397777,1,OPC_DeJager_eQTL
chr2_3,OR2T8,ENSG00000177462,chr2:9424405:C:T,PCC_DeJager_eQTL,0.0312280009397777,1,PCC_DeJager_eQTL
chr2_3,GTF2I,ENSG00000263001,chr2:9424405:C:T,OPC_DeJager_eQTL,0.0312280009397777,1,OPC_DeJager_eQTL
chr10_18,DPH1,ENSG00000108963,chr10:58294727:G:A,Ast_10_Kellis_eQTL,0.0274094887872536,1,Ast_10_Kellis_eQTL
chr10_18,PCDHB14,ENSG00000120327,chr10:58294727:G:A,Inh_DeJager_eQTL,0.0274094887872536,1,Inh_DeJager_eQTL
chr18_10,SEC24D,ENSG00000150961,chr18:62514569:A:G,protein_transmap,0.0254830911554806,1,protein_transmap
chr18_10,SENP8,ENSG00000166192,chr18:62514569:A:G,Exc_DeJager_eQTL,0.0254830911554806,1,Exc_DeJager_eQTL
chr18_10,RUFY2,ENSG00000204130,chr18:62514569:A:G,OPC_DeJager_eQTL,0.0254830911554806,1,OPC_DeJager_eQTL
chr18_10,DCDC2C,ENSG00000214866,chr18:62514569:A:G,AC_DeJager_eQTL,0.0254830911554806,1,AC_DeJager_eQTL
chr22_4,AP2B1,ENSG00000006125,chr22:38625830:G:GC,protein_transmap,0.0239609471655567,1,protein_transmap
chr22_4,HIF3A,ENSG00000124440,chr22:38625830:G:GC,protein_transmap,0.0239609471655567,1,protein_transmap
chr22_4,KIAA0513,ENSG00000135709,chr22:38625830:G:GC,protein_transmap,0.0239609471655567,1,protein_transmap
chr22_4,MAL2,ENSG00000147676,chr22:38625830:G:GC,protein_transmap,0.0239609471655567,1,protein_transmap
chr22_4,PSD3,ENSG00000156011,chr22:38625830:G:GC,protein_transmap,0.0239609471655567,1,protein_transmap
chr22_4,BORCS5,ENSG00000165714,chr22:38625830:G:GC,protein_transmap,0.0239609471655567,1,protein_transmap
chr16_81,SLC12A2,ENSG00000064651,chr16:70633376:C:T,OPC_DeJager_eQTL,0.0236801767736486,1,OPC_DeJager_eQTL
chr16_81,SOHLH2,ENSG00000120669,chr16:70633376:C:T,DLPFC_DeJager_eQTL,0.0236801767736486,1,DLPFC_DeJager_eQTL
chr16_81,SMC6,ENSG00000163029,chr16:70633376:C:T,OPC_DeJager_eQTL,0.0236801767736486,1,OPC_DeJager_eQTL
chr6_34,AC026316.4,ENSG00000013297,chr6:47619558:ACTT:A,AC_DeJager_eQTL,0.0207807968135307,1,AC_DeJager_eQTL
chr6_34,AGO1,ENSG00000092847,chr6:47619558:ACTT:A,OPC_DeJager_eQTL,0.0207807968135307,1,OPC_DeJager_eQTL
chr6_34,DUSP10,ENSG00000143507,chr6:47619558:ACTT:A,AC_DeJager_eQTL,0.0207807968135307,1,AC_DeJager_eQTL
chr6_34,MORC3,ENSG00000159256,chr6:47619558:ACTT:A,protein_transmap,0.0207807968135307,1,protein_transmap
chr6_34,CCDC158,ENSG00000163749,chr6:47619558:ACTT:A,Exc_DeJager_eQTL,0.0207807968135307,1,Exc_DeJager_eQTL
chr6_34,RNF115,ENSG00000265491,chr6:47619558:ACTT:A,AC_DeJager_eQTL,0.0207807968135307,1,AC_DeJager_eQTL
chr6_34,Z98752.3,ENSG00000277611,chr6:47619558:ACTT:A,AC_DeJager_eQTL,0.0207807968135307,1,AC_DeJager_eQTL
chr1_3,TSR3,ENSG00000007520,chr1:23992206:G:A,PCC_DeJager_eQTL,0.020453850217565,1,PCC_DeJager_eQTL
chr1_3,SGTA,ENSG00000104969,chr1:23992206:G:A,PCC_DeJager_eQTL,0.020453850217565,1,PCC_DeJager_eQTL
chr1_3,SNAPC2,ENSG00000104976,chr1:23992206:G:A,PCC_DeJager_eQTL,0.020453850217565,1,PCC_DeJager_eQTL
chr1_3,RBM42,ENSG00000126254,chr1:23992206:G:A,PCC_DeJager_eQTL,0.020453850217565,1,PCC_DeJager_eQTL
chr1_3,MAP2K2,ENSG00000126934,chr1:23992206:G:A,PCC_DeJager_eQTL,0.020453850217565,1,PCC_DeJager_eQTL
chr1_3,SMPD1,ENSG00000166311,chr1:23992206:G:A,PCC_DeJager_eQTL,0.020453850217565,1,PCC_DeJager_eQTL
chr1_3,C9orf16,ENSG00000171159,chr1:23992206:G:A,PCC_DeJager_eQTL,0.020453850217565,1,PCC_DeJager_eQTL
chr1_3,THAP4,ENSG00000176946,chr1:23992206:G:A,PCC_DeJager_eQTL,0.020453850217565,1,PCC_DeJager_eQTL
chr7_12,TSPAN6,ENSG00000000003,chr7:12232371:G:A,DLPFC_DeJager_eQTL,0.0198348284719473,1,DLPFC_DeJager_eQTL
chr7_12,DPM1,ENSG00000000419,chr7:12232371:G:A,Inh_DeJager_eQTL,0.0198348284719473,1,Inh_DeJager_eQTL
chr7_12,C1orf112,ENSG00000000460,chr7:12232371:G:A,PCC_DeJager_eQTL,0.0198348284719473,1,PCC_DeJager_eQTL
chr7_12,FGR,ENSG00000000938,chr7:12232371:G:A,DLPFC_DeJager_eQTL,0.0198348284719473,1,DLPFC_DeJager_eQTL
chr7_12,CFH,ENSG00000000971,chr7:12232371:G:A,DLPFC_DeJager_eQTL,0.0198348284719473,1,DLPFC_DeJager_eQTL
chr7_12,FUCA2,ENSG00000001036,chr7:12232371:G:A,PCC_DeJager_eQTL,0.0198348284719473,1,PCC_DeJager_eQTL
chr7_12,STPG1,ENSG00000001460,chr7:12232371:G:A,DLPFC_DeJager_eQTL,0.0198348284719473,2,DLPFC_DeJager_eQTL|PCC_DeJager_eQTL
chr7_12,NIPAL3,ENSG00000001461,chr7:12232371:G:A,Exc_DeJager_eQTL,0.0198348284719473,1,Exc_DeJager_eQTL
chr7_12,LAS1L,ENSG00000001497,chr7:12232371:G:A,PCC_DeJager_eQTL,0.0198348284719473,1,PCC_DeJager_eQTL
chr7_12,RAD52,ENSG00000002016,chr7:12232371:G:A,PCC_DeJager_eQTL,0.0198348284719473,1,PCC_DeJager_eQTL
chr7_12,BAD,ENSG00000002330,chr7:12232371:G:A,Exc_DeJager_eQTL,0.0198348284719473,1,Exc_DeJager_eQTL
chr7_12,LAP3,ENSG00000002549,chr7:12232371:G:A,DLPFC_DeJager_eQTL,0.0198348284719473,1,DLPFC_DeJager_eQTL
chr7_12,CD99,ENSG00000002586,chr7:12232371:G:A,DLPFC_DeJager_eQTL,0.0198348284719473,1,DLPFC_DeJager_eQTL
chr7_12,LASP1,ENSG00000002834,chr7:12232371:G:A,PCC_DeJager_eQTL,0.0198348284719473,1,PCC_DeJager_eQTL
chr7_12,KLHL13,ENSG00000003096,chr7:12232371:G:A,AC_DeJager_eQTL,0.0198348284719473,1,AC_DeJager_eQTL
chr7_12,DBNDD1,ENSG00000003249,chr7:12232371:G:A,PCC_DeJager_eQTL,0.0198348284719473,1,PCC_DeJager_eQTL
chr7_12,CASP10,ENSG00000003400,chr7:12232371:G:A,AC_DeJager_eQTL,0.0198348284719473,3,AC_DeJager_eQTL|DLPFC_DeJager_eQTL|PCC_DeJager_eQTL
chr7_12,CFLAR,ENSG00000003402,chr7:12232371:G:A,AC_DeJager_eQTL,0.0198348284719473,1,AC_DeJager_eQTL
chr7_12,SARM1,ENSG00000004139,chr7:12232371:G:A,Exc_DeJager_eQTL,0.0198348284719473,1,Exc_DeJager_eQTL
chr7_12,PLXND1,ENSG00000004399,chr7:12232371:G:A,AC_DeJager_eQTL,0.0198348284719473,1,AC_DeJager_eQTL
chr7_12,CD38,ENSG00000004468,chr7:12232371:G:A,DLPFC_DeJager_eQTL,0.0198348284719473,1,DLPFC_DeJager_eQTL
chr7_12,FKBP4,ENSG00000004478,chr7:12232371:G:A,Inh_DeJager_eQTL,0.0198348284719473,1,Inh_DeJager_eQTL
chr7_12,RBM6,ENSG00000004534,chr7:12232371:G:A,Exc_DeJager_eQTL,0.0198348284719473,2,Exc_DeJager_eQTL|PCC_DeJager_eQTL
chr7_12,CAMKK1,ENSG00000004660,chr7:12232371:G:A,DLPFC_DeJager_eQTL,0.0198348284719473,2,DLPFC_DeJager_eQTL|PCC_DeJager_eQTL
chr7_12,HSPB6,ENSG00000004776,chr7:12232371:G:A,AC_DeJager_eQTL,0.0198348284719473,1,AC_DeJager_eQTL
chr7_12,CDC27,ENSG00000004897,chr7:12232371:G:A,PCC_DeJager_eQTL,0.0198348284719473,1,PCC_DeJager_eQTL
chr7_12,HCCS,ENSG00000004961,chr7:12232371:G:A,AC_DeJager_eQTL,0.0198348284719473,1,AC_DeJager_eQTL
chr7_12,DVL2,ENSG00000004975,chr7:12232371:G:A,AC_DeJager_eQTL,0.0198348284719473,2,AC_DeJager_eQTL|PCC_DeJager_eQTL
chr7_12,DHX33,ENSG00000005100,chr7:12232371:G:A,PCC_DeJager_eQTL,0.0198348284719473,1,PCC_DeJager_eQTL
chr7_12,CIAPIN1,ENSG00000005194,chr7:12232371:G:A,DLPFC_DeJager_eQTL,0.0198348284719473,1,DLPFC_DeJager_eQTL
chr7_12,SPPL2B,ENSG00000005206,chr7:12232371:G:A,AC_DeJager_eQTL,0.0198348284719473,4,AC_DeJager_eQTL|Exc_DeJager_eQTL|Inh_DeJager_eQTL|PCC_DeJager_eQTL
chr7_12,MSL3,ENSG00000005302,chr7:12232371:G:A,AC_DeJager_eQTL,0.0198348284719473,3,AC_DeJager_eQTL|DLPFC_DeJager_eQTL|PCC_DeJager_eQTL
chr7_12,SOX8,ENSG00000005513,chr7:12232371:G:A,DLPFC_DeJager_eQTL,0.0198348284719473,2,DLPFC_DeJager_eQTL|PCC_DeJager_eQTL
chr7_12,FBXL3,ENSG00000005812,chr7:12232371:G:A,PCC_DeJager_eQTL,0.0198348284719473,1,PCC_DeJager_eQTL
chr7_12,ITGAL,ENSG00000005844,chr7:12232371:G:A,DLPFC_DeJager_eQTL,0.0198348284719473,1,DLPFC_DeJager_eQTL
chr7_12,PDK2,ENSG00000005882,chr7:12232371:G:A,PCC_DeJager_eQTL,0.0198348284719473,1,PCC_DeJager_eQTL
chr7_12,LAMP2,ENSG00000005893,chr7:12232371:G:A,DLPFC_DeJager_eQTL,0.0198348284719473,1,DLPFC_DeJager_eQTL
chr7_12,GDE1,ENSG00000006007,chr7:12232371:G:A,Inh_DeJager_eQTL,0.0198348284719473,1,Inh_DeJager_eQTL
chr7_12,TMEM98,ENSG00000006042,chr7:12232371:G:A,DLPFC_DeJager_eQTL,0.0198348284719473,2,DLPFC_DeJager_eQTL|PCC_DeJager_eQTL
chr7_12,CACNG3,ENSG00000006116,chr7:12232371:G:A,PCC_DeJager_eQTL,0.0198348284719473,1,PCC_DeJager_eQTL
chr7_12,ZNF263,ENSG00000006194,chr7:12232371:G:A,PCC_DeJager_eQTL,0.0198348284719473,1,PCC_DeJager_eQTL
chr7_12,MAP3K9,ENSG00000006432,chr7:12232371:G:A,DLPFC_DeJager_eQTL,0.0198348284719473,1,DLPFC_DeJager_eQTL
chr7_12,ALDH3B1,ENSG00000006534,chr7:12232371:G:A,PCC_DeJager_eQTL,0.0198348284719473,1,PCC_DeJager_eQTL
chr7_12,USH1C,ENSG00000006611,chr7:12232371:G:A,DLPFC_DeJager_eQTL,0.0198348284719473,1,DLPFC_DeJager_eQTL
chr7_12,ARHGAP44,ENSG00000006740,chr7:12232371:G:A,Exc_DeJager_eQTL,0.0198348284719473,1,Exc_DeJager_eQTL
chr7_12,ADIPOR2,ENSG00000006831,chr7:12232371:G:A,DLPFC_DeJager_eQTL,0.0198348284719473,1,DLPFC_DeJager_eQTL
chr7_12,CDKL3,ENSG00000006837,chr7:12232371:G:A,AC_DeJager_eQTL,0.0198348284719473,1,AC_DeJager_eQTL
chr7_12,PROM1,ENSG00000007062,chr7:12232371:G:A,DLPFC_DeJager_eQTL,0.0198348284719473,1,DLPFC_DeJager_eQTL
chr7_12,PAFAH1B1,ENSG00000007168,chr7:12232371:G:A,Exc_DeJager_eQTL,0.0198348284719473,1,Exc_DeJager_eQTL
chr7_12,NOS2,ENSG00000007171,chr7:12232371:G:A,DLPFC_DeJager_eQTL,0.0198348284719473,1,DLPFC_DeJager_eQTL
chr7_12,KIAA0100,ENSG00000007202,chr7:12232371:G:A,Exc_DeJager_eQTL,0.0198348284719473,1,Exc_DeJager_eQTL
chr7_12,GAS7,ENSG00000007237,chr7:12232371:G:A,Exc_DeJager_eQTL,0.0198348284719473,1,Exc_DeJager_eQTL
chr7_12,RHBDF1,ENSG00000007384,chr7:12232371:G:A,AC_DeJager_eQTL,0.0198348284719473,2,AC_DeJager_eQTL|PCC_DeJager_eQTL
chr7_12,LUC7L,ENSG00000007392,chr7:12232371:G:A,Exc_DeJager_eQTL,0.0198348284719473,1,Exc_DeJager_eQTL
chr7_12,DNAJC11,ENSG00000007923,chr7:12232371:G:A,AC_DeJager_eQTL,0.0198348284719473,2,AC_DeJager_eQTL|PCC_DeJager_eQTL
chr7_12,CYB561,ENSG00000008283,chr7:12232371:G:A,AC_DeJager_eQTL,0.0198348284719473,2,AC_DeJager_eQTL|PCC_DeJager_eQTL
chr7_12,SS18L2,ENSG00000008324,chr7:12232371:G:A,Exc_DeJager_eQTL,0.0198348284719473,1,Exc_DeJager_eQTL
chr7_12,MGST1,ENSG00000008394,chr7:12232371:G:A,DLPFC_DeJager_eQTL,0.0198348284719473,1,DLPFC_DeJager_eQTL
chr7_12,NFIX,ENSG00000008441,chr7:12232371:G:A,AC_DeJager_eQTL,0.0198348284719473,1,AC_DeJager_eQTL
chr7_12,HEATR5B,ENSG00000008869,chr7:12232371:G:A,AC_DeJager_eQTL,0.0198348284719473,1,AC_DeJager_eQTL
chr7_12,CSDE1,ENSG00000009307,chr7:12232371:G:A,Exc_DeJager_eQTL,0.0198348284719473,2,Exc_DeJager_eQTL|Inh_DeJager_eQTL
chr7_12,PAX7,ENSG00000009709,chr7:12232371:G:A,PCC_DeJager_eQTL,0.0198348284719473,1,PCC_DeJager_eQTL
chr7_12,TRAF3IP3,ENSG00000009790,chr7:12232371:G:A,DLPFC_DeJager_eQTL,0.0198348284719473,2,DLPFC_DeJager_eQTL|PCC_DeJager_eQTL
chr7_12,EEF1AKNMT,ENSG00000010165,chr7:12232371:G:A,AC_DeJager_eQTL,0.0198348284719473,3,AC_DeJager_eQTL|Exc_DeJager_eQTL|PCC_DeJager_eQTL
chr7_12,CD9,ENSG00000010278,chr7:12232371:G:A,DLPFC_DeJager_eQTL,0.0198348284719473,1,DLPFC_DeJager_eQTL
chr7_12,HHATL,ENSG00000010282,chr7:12232371:G:A,DLPFC_DeJager_eQTL,0.0198348284719473,2,DLPFC_DeJager_eQTL|PCC_DeJager_eQTL
chr7_12,NCAPD2,ENSG00000010292,chr7:12232371:G:A,DLPFC_DeJager_eQTL,0.0198348284719473,1,DLPFC_DeJager_eQTL
chr7_12,SEMA3G,ENSG00000010319,chr7:12232371:G:A,DLPFC_DeJager_eQTL,0.0198348284719473,1,DLPFC_DeJager_eQTL
chr7_12,STAB1,ENSG00000010327,chr7:12232371:G:A,DLPFC_DeJager_eQTL,0.0198348284719473,2,DLPFC_DeJager_eQTL|PCC_DeJager_eQTL
chr7_12,IDS,ENSG00000010404,chr7:12232371:G:A,PCC_DeJager_eQTL,0.0198348284719473,1,PCC_DeJager_eQTL
chr7_12,PRSS3,ENSG00000010438,chr7:12232371:G:A,AC_DeJager_eQTL,0.0198348284719473,1,AC_DeJager_eQTL
chr7_12,CD4,ENSG00000010610,chr7:12232371:G:A,DLPFC_DeJager_eQTL,0.0198348284719473,2,DLPFC_DeJager_eQTL|PCC_DeJager_eQTL
chr7_12,BTK,ENSG00000010671,chr7:12232371:G:A,DLPFC_DeJager_eQTL,0.0198348284719473,1,DLPFC_DeJager_eQTL
chr7_12,HFE,ENSG00000010704,chr7:12232371:G:A,DLPFC_DeJager_eQTL,0.0198348284719473,2,DLPFC_DeJager_eQTL|PCC_DeJager_eQTL
chr7_12,SCMH1,ENSG00000010803,chr7:12232371:G:A,Exc_DeJager_eQTL,0.0198348284719473,1,Exc_DeJager_eQTL
chr7_12,FYN,ENSG00000010810,chr7:12232371:G:A,Exc_DeJager_eQTL,0.0198348284719473,1,Exc_DeJager_eQTL
chr7_12,AKAP8L,ENSG00000011243,chr7:12232371:G:A,Inh_DeJager_eQTL,0.0198348284719473,1,Inh_DeJager_eQTL
chr7_12,PTBP1,ENSG00000011304,chr7:12232371:G:A,AC_DeJager_eQTL,0.0198348284719473,2,AC_DeJager_eQTL|DLPFC_DeJager_eQTL
chr7_12,MAP4K3,ENSG00000011566,chr7:12232371:G:A,PCC_DeJager_eQTL,0.0198348284719473,1,PCC_DeJager_eQTL
chr7_12,TMEM159,ENSG00000011638,chr7:12232371:G:A,AC_DeJager_eQTL,0.0198348284719473,1,AC_DeJager_eQTL
chr7_12,GABRA3,ENSG00000011677,chr7:12232371:G:A,DLPFC_DeJager_eQTL,0.0198348284719473,1,DLPFC_DeJager_eQTL
chr7_12,CD22,ENSG00000012124,chr7:12232371:G:A,PCC_DeJager_eQTL,0.0198348284719473,1,PCC_DeJager_eQTL
chr7_12,SEMA3B,ENSG00000012171,chr7:12232371:G:A,AC_DeJager_eQTL,0.0198348284719473,2,AC_DeJager_eQTL|PCC_DeJager_eQTL
chr7_12,PRICKLE3,ENSG00000012211,chr7:12232371:G:A,PCC_DeJager_eQTL,0.0198348284719473,1,PCC_DeJager_eQTL
chr7_12,ELOVL5,ENSG00000012660,chr7:12232371:G:A,PCC_DeJager_eQTL,0.0198348284719473,1,PCC_DeJager_eQTL
chr7_12,ALOX5,ENSG00000012779,chr7:12232371:G:A,DLPFC_DeJager_eQTL,0.0198348284719473,1,DLPFC_DeJager_eQTL
chr7_12,MAP4K5,ENSG00000012983,chr7:12232371:G:A,AC_DeJager_eQTL,0.0198348284719473,1,AC_DeJager_eQTL
chr7_12,EHD3,ENSG00000013016,chr7:12232371:G:A,AC_DeJager_eQTL,0.0198348284719473,1,AC_DeJager_eQTL
chr7_12,SLC7A14,ENSG00000013293,chr7:12232371:G:A,Inh_DeJager_eQTL,0.0198348284719473,1,Inh_DeJager_eQTL
chr7_12,AC026316.4,ENSG00000013297,chr7:12232371:G:A,PCC_DeJager_eQTL,0.0198348284719473,1,PCC_DeJager_eQTL
chr7_12,MVP,ENSG00000013364,chr7:12232371:G:A,PCC_DeJager_eQTL,0.0198348284719473,1,PCC_DeJager_eQTL
chr7_12,POLR3B,ENSG00000013503,chr7:12232371:G:A,AC_DeJager_eQTL,0.0198348284719473,2,AC_DeJager_eQTL|PCC_DeJager_eQTL
chr7_12,CAPN1,ENSG00000014216,chr7:12232371:G:A,Exc_DeJager_eQTL,0.0198348284719473,1,Exc_DeJager_eQTL
chr7_12,STMN4,ENSG00000015592,chr7:12232371:G:A,Exc_DeJager_eQTL,0.0198348284719473,2,Exc_DeJager_eQTL|Inh_DeJager_eQTL
chr7_12,CHDH,ENSG00000016391,chr7:12232371:G:A,DLPFC_DeJager_eQTL,0.0198348284719473,3,DLPFC_DeJager_eQTL|Exc_DeJager_eQTL|Inh_DeJager_eQTL
chr7_12,IL20RA,ENSG00000016402,chr7:12232371:G:A,DLPFC_DeJager_eQTL,0.0198348284719473,1,DLPFC_DeJager_eQTL
chr7_12,CLCA4,ENSG00000016602,chr7:12232371:G:A,DLPFC_DeJager_eQTL,0.0198348284719473,1,DLPFC_DeJager_eQTL
chr7_12,RALBP1,ENSG00000017797,chr7:12232371:G:A,PCC_DeJager_eQTL,0.0198348284719473,1,PCC_DeJager_eQTL
chr7_12,WWTR1,ENSG00000018408,chr7:12232371:G:A,DLPFC_DeJager_eQTL,0.0198348284719473,1,DLPFC_DeJager_eQTL
chr7_12,AGPS,ENSG00000018510,chr7:12232371:G:A,PCC_DeJager_eQTL,0.0198348284719473,1,PCC_DeJager_eQTL
chr7_12,ATP1A2,ENSG00000018625,chr7:12232371:G:A,DLPFC_DeJager_eQTL,0.0198348284719473,2,DLPFC_DeJager_eQTL|PCC_DeJager_eQTL
chr7_12,PHLDB1,ENSG00000019144,chr7:12232371:G:A,DLPFC_DeJager_eQTL,0.0198348284719473,1,DLPFC_DeJager_eQTL
chr7_12,PRDM11,ENSG00000019485,chr7:12232371:G:A,Inh_DeJager_eQTL,0.0198348284719473,1,Inh_DeJager_eQTL
chr7_12,SYT13,ENSG00000019505,chr7:12232371:G:A,Exc_DeJager_eQTL,0.0198348284719473,1,Exc_DeJager_eQTL
chr7_12,ADGRA2,ENSG00000020181,chr7:12232371:G:A,AC_DeJager_eQTL,0.0198348284719473,2,AC_DeJager_eQTL|PCC_DeJager_eQTL
chr7_12,RUNX3,ENSG00000020633,chr7:12232371:G:A,DLPFC_DeJager_eQTL,0.0198348284719473,1,DLPFC_DeJager_eQTL
chr7_12,MRE11,ENSG00000020922,chr7:12232371:G:A,AC_DeJager_eQTL,0.0198348284719473,1,AC_DeJager_eQTL
chr7_12,NRXN3,ENSG00000021645,chr7:12232371:G:A,Exc_DeJager_eQTL,0.0198348284719473,1,Exc_DeJager_eQTL
chr7_12,NLRP2,ENSG00000022556,chr7:12232371:G:A,DLPFC_DeJager_eQTL,0.0198348284719473,1,DLPFC_DeJager_eQTL
chr7_12,SLC45A4,ENSG00000022567,chr7:12232371:G:A,DLPFC_DeJager_eQTL,0.0198348284719473,1,DLPFC_DeJager_eQTL
chr7_12,RNF10,ENSG00000022840,chr7:12232371:G:A,PCC_DeJager_eQTL,0.0198348284719473,1,PCC_DeJager_eQTL
chr7_12,RNH1,ENSG00000023191,chr7:12232371:G:A,PCC_DeJager_eQTL,0.0198348284719473,1,PCC_DeJager_eQTL
chr7_12,NDUFS1,ENSG00000023228,chr7:12232371:G:A,Exc_DeJager_eQTL,0.0198348284719473,1,Exc_DeJager_eQTL
chr7_12,GLRX2,ENSG00000023572,chr7:12232371:G:A,AC_DeJager_eQTL,0.0198348284719473,1,AC_DeJager_eQTL
chr7_12,DEF6,ENSG00000023892,chr7:12232371:G:A,AC_DeJager_eQTL,0.0198348284719473,1,AC_DeJager_eQTL
chr7_12,GCLM,ENSG00000023909,chr7:12232371:G:A,PCC_DeJager_eQTL,0.0198348284719473,1,PCC_DeJager_eQTL
chr7_12,EHD2,ENSG00000024422,chr7:12232371:G:A,PCC_DeJager_eQTL,0.0198348284719473,1,PCC_DeJager_eQTL
chr7_12,RRAGD,ENSG00000025039,chr7:12232371:G:A,PCC_DeJager_eQTL,0.0198348284719473,1,PCC_DeJager_eQTL
chr7_12,KPNA6,ENSG00000025800,chr7:12232371:G:A,Exc_DeJager_eQTL,0.0198348284719473,1,Exc_DeJager_eQTL
chr7_12,VIM,ENSG00000026025,chr7:12232371:G:A,DLPFC_DeJager_eQTL,0.0198348284719473,1,DLPFC_DeJager_eQTL
chr7_12,RTEL1-TNFRSF6B,ENSG00000026036,chr7:12232371:G:A,PCC_DeJager_eQTL,0.0198348284719473,1,PCC_DeJager_eQTL
chr7_12,RNASET2,ENSG00000026297,chr7:12232371:G:A,DLPFC_DeJager_eQTL,0.0198348284719473,1,DLPFC_DeJager_eQTL
chr7_12,VRK2,ENSG00000028116,chr7:12232371:G:A,DLPFC_DeJager_eQTL,0.0198348284719473,2,DLPFC_DeJager_eQTL|PCC_DeJager_eQTL
chr7_12,TBPL1,ENSG00000028839,chr7:12232371:G:A,AC_DeJager_eQTL,0.0198348284719473,1,AC_DeJager_eQTL
chr7_12,ARNTL2,ENSG00000029153,chr7:12232371:G:A,Exc_DeJager_eQTL,0.0198348284719473,1,Exc_DeJager_eQTL
chr7_12,BCLAF1,ENSG00000029363,chr7:12232371:G:A,PCC_DeJager_eQTL,0.0198348284719473,1,PCC_DeJager_eQTL
chr7_12,NUP160,ENSG00000030066,chr7:12232371:G:A,AC_DeJager_eQTL,0.0198348284719473,2,AC_DeJager_eQTL|PCC_DeJager_eQTL
chr7_12,FAM13B,ENSG00000031003,chr7:12232371:G:A,AC_DeJager_eQTL,0.0198348284719473,1,AC_DeJager_eQTL
chr7_12,ARHGAP31,ENSG00000031081,chr7:12232371:G:A,AC_DeJager_eQTL,0.0198348284719473,3,AC_DeJager_eQTL|DLPFC_DeJager_eQTL|PCC_DeJager_eQTL
chr7_12,SARS1,ENSG00000031698,chr7:12232371:G:A,DLPFC_DeJager_eQTL,0.0198348284719473,1,DLPFC_DeJager_eQTL
chr7_12,ARID4A,ENSG00000032219,chr7:12232371:G:A,AC_DeJager_eQTL,0.0198348284719473,3,AC_DeJager_eQTL|Exc_DeJager_eQTL|PCC_DeJager_eQTL
chr7_12,GAB2,ENSG00000033327,chr7:12232371:G:A,AC_DeJager_eQTL,0.0198348284719473,1,AC_DeJager_eQTL
chr7_12,FAM136A,ENSG00000035141,chr7:12232371:G:A,Exc_DeJager_eQTL,0.0198348284719473,1,Exc_DeJager_eQTL
chr7_12,VCL,ENSG00000035403,chr7:12232371:G:A,PCC_DeJager_eQTL,0.0198348284719473,1,PCC_DeJager_eQTL
chr7_12,NSMAF,ENSG00000035681,chr7:12232371:G:A,Exc_DeJager_eQTL,0.0198348284719473,1,Exc_DeJager_eQTL
chr7_12,TIMP2,ENSG00000035862,chr7:12232371:G:A,Exc_DeJager_eQTL,0.0198348284719473,2,Exc_DeJager_eQTL|Inh_DeJager_eQTL
chr7_12,RFC1,ENSG00000035928,chr7:12232371:G:A,Exc_DeJager_eQTL,0.0198348284719473,1,Exc_DeJager_eQTL
chr7_12,CYP46A1,ENSG00000036530,chr7:12232371:G:A,AC_DeJager_eQTL,0.0198348284719473,2,AC_DeJager_eQTL|PCC_DeJager_eQTL
chr7_12,ZZZ3,ENSG00000036549,chr7:12232371:G:A,PCC_DeJager_eQTL,0.0198348284719473,1,PCC_DeJager_eQTL
chr7_12,USP2,ENSG00000036672,chr7:12232371:G:A,Exc_DeJager_eQTL,0.0198348284719473,1,Exc_DeJager_eQTL
chr7_12,FBXO42,ENSG00000037637,chr7:12232371:G:A,Exc_DeJager_eQTL,0.0198348284719473,1,Exc_DeJager_eQTL
chr7_12,MRI1,ENSG00000037757,chr7:12232371:G:A,AC_DeJager_eQTL,0.0198348284719473,2,AC_DeJager_eQTL|PCC_DeJager_eQTL
chr7_12,PI4K2B,ENSG00000038210,chr7:12232371:G:A,DLPFC_DeJager_eQTL,0.0198348284719473,1,DLPFC_DeJager_eQTL
chr7_12,VCAN,ENSG00000038427,chr7:12232371:G:A,AC_DeJager_eQTL,0.0198348284719473,1,AC_DeJager_eQTL
chr7_12,MSR1,ENSG00000038945,chr7:12232371:G:A,DLPFC_DeJager_eQTL,0.0198348284719473,2,DLPFC_DeJager_eQTL|Inh_DeJager_eQTL
chr7_12,CDH1,ENSG00000039068,chr7:12232371:G:A,DLPFC_DeJager_eQTL,0.0198348284719473,2,DLPFC_DeJager_eQTL|PCC_DeJager_eQTL
chr7_12,ZFYVE16,ENSG00000039319,chr7:12232371:G:A,AC_DeJager_eQTL,0.0198348284719473,2,AC_DeJager_eQTL|PCC_DeJager_eQTL
chr7_12,RAI14,ENSG00000039560,chr7:12232371:G:A,AC_DeJager_eQTL,0.0198348284719473,1,AC_DeJager_eQTL
chr7_12,CTNS,ENSG00000040531,chr7:12232371:G:A,PCC_DeJager_eQTL,0.0198348284719473,1,PCC_DeJager_eQTL
chr7_12,PHF23,ENSG00000040633,chr7:12232371:G:A,PCC_DeJager_eQTL,0.0198348284719473,1,PCC_DeJager_eQTL
chr7_12,LSG1,ENSG00000041802,chr7:12232371:G:A,Exc_DeJager_eQTL,0.0198348284719473,1,Exc_DeJager_eQTL
chr7_12,AIFM2,ENSG00000042286,chr7:12232371:G:A,PCC_DeJager_eQTL,0.0198348284719473,1,PCC_DeJager_eQTL
chr7_12,RETSAT,ENSG00000042445,chr7:12232371:G:A,DLPFC_DeJager_eQTL,0.0198348284719473,1,DLPFC_DeJager_eQTL
chr7_12,JADE2,ENSG00000043143,chr7:12232371:G:A,Exc_DeJager_eQTL,0.0198348284719473,2,Exc_DeJager_eQTL|PCC_DeJager_eQTL
chr7_12,TRIT1,ENSG00000043514,chr7:12232371:G:A,Exc_DeJager_eQTL,0.0198348284719473,1,Exc_DeJager_eQTL
chr7_12,PHKA2,ENSG00000044446,chr7:12232371:G:A,PCC_DeJager_eQTL,0.0198348284719473,1,PCC_DeJager_eQTL
chr7_12,OFD1,ENSG00000046651,chr7:12232371:G:A,PCC_DeJager_eQTL,0.0198348284719473,1,PCC_DeJager_eQTL
chr7_12,YTHDC2,ENSG00000047188,chr7:12232371:G:A,Exc_DeJager_eQTL,0.0198348284719473,1,Exc_DeJager_eQTL
chr7_12,CTPS2,ENSG00000047230,chr7:12232371:G:A,DLPFC_DeJager_eQTL,0.0198348284719473,1,DLPFC_DeJager_eQTL
chr7_12,KATNIP,ENSG00000047578,chr7:12232371:G:A,AC_DeJager_eQTL,0.0198348284719473,1,AC_DeJager_eQTL
chr7_12,C12orf4,ENSG00000047621,chr7:12232371:G:A,PCC_DeJager_eQTL,0.0198348284719473,1,PCC_DeJager_eQTL
chr7_12,WWC3,ENSG00000047644,chr7:12232371:G:A,DLPFC_DeJager_eQTL,0.0198348284719473,2,DLPFC_DeJager_eQTL|Exc_DeJager_eQTL
chr7_12,MAP4,ENSG00000047849,chr7:12232371:G:A,AC_DeJager_eQTL,0.0198348284719473,1,AC_DeJager_eQTL
chr7_12,USP28,ENSG00000048028,chr7:12232371:G:A,DLPFC_DeJager_eQTL,0.0198348284719473,1,DLPFC_DeJager_eQTL
chr7_12,TSPAN17,ENSG00000048140,chr7:12232371:G:A,PCC_DeJager_eQTL,0.0198348284719473,1,PCC_DeJager_eQTL
chr7_12,SNX29,ENSG00000048471,chr7:12232371:G:A,AC_DeJager_eQTL,0.0198348284719473,1,AC_DeJager_eQTL
chr7_12,LMO3,ENSG00000048540,chr7:12232371:G:A,PCC_DeJager_eQTL,0.0198348284719473,1,PCC_DeJager_eQTL
chr7_12,GUCA1A,ENSG00000048545,chr7:12232371:G:A,AC_DeJager_eQTL,0.0198348284719473,1,AC_DeJager_eQTL
chr7_12,COL9A2,ENSG00000049089,chr7:12232371:G:A,PCC_DeJager_eQTL,0.0198348284719473,1,PCC_DeJager_eQTL
chr7_12,H6PD,ENSG00000049239,chr7:12232371:G:A,Exc_DeJager_eQTL,0.0198348284719473,1,Exc_DeJager_eQTL
chr7_12,LTBP1,ENSG00000049323,chr7:12232371:G:A,PCC_DeJager_eQTL,0.0198348284719473,1,PCC_DeJager_eQTL
chr7_12,RCN1,ENSG00000049449,chr7:12232371:G:A,Exc_DeJager_eQTL,0.0198348284719473,1,Exc_DeJager_eQTL
chr7_12,NEDD4L,ENSG00000049759,chr7:12232371:G:A,DLPFC_DeJager_eQTL,0.0198348284719473,1,DLPFC_DeJager_eQTL
chr7_12,PPP1R3F,ENSG00000049769,chr7:12232371:G:A,AC_DeJager_eQTL,0.0198348284719473,2,AC_DeJager_eQTL|Exc_DeJager_eQTL
chr7_12,JKAMP,ENSG00000050130,chr7:12232371:G:A,Exc_DeJager_eQTL,0.0198348284719473,1,Exc_DeJager_eQTL
chr7_12,LAMC3,ENSG00000050555,chr7:12232371:G:A,PCC_DeJager_eQTL,0.0198348284719473,1,PCC_DeJager_eQTL
chr7_12,HOMER3,ENSG00000051128,chr7:12232371:G:A,PCC_DeJager_eQTL,0.0198348284719473,1,PCC_DeJager_eQTL
chr7_12,PRSS8,ENSG00000052344,chr7:12232371:G:A,DLPFC_DeJager_eQTL,0.0198348284719473,1,DLPFC_DeJager_eQTL
chr7_12,RRP12,ENSG00000052749,chr7:12232371:G:A,DLPFC_DeJager_eQTL,0.0198348284719473,1,DLPFC_DeJager_eQTL
chr7_12,ALX4,ENSG00000052850,chr7:12232371:G:A,DLPFC_DeJager_eQTL,0.0198348284719473,1,DLPFC_DeJager_eQTL
chr7_12,AKR7A2,ENSG00000053371,chr7:12232371:G:A,AC_DeJager_eQTL,0.0198348284719473,2,AC_DeJager_eQTL|DLPFC_DeJager_eQTL
chr7_12,USE1,ENSG00000053501,chr7:12232371:G:A,Exc_DeJager_eQTL,0.0198348284719473,1,Exc_DeJager_eQTL
chr7_12,MCF2L2,ENSG00000053524,chr7:12232371:G:A,PCC_DeJager_eQTL,0.0198348284719473,1,PCC_DeJager_eQTL
chr7_12,LAMA3,ENSG00000053747,chr7:12232371:G:A,AC_DeJager_eQTL,0.0198348284719473,1,AC_DeJager_eQTL
chr7_12,AP5M1,ENSG00000053770,chr7:12232371:G:A,AC_DeJager_eQTL,0.0198348284719473,2,AC_DeJager_eQTL|PCC_DeJager_eQTL
chr7_12,LY75,ENSG00000054219,chr7:12232371:G:A,DLPFC_DeJager_eQTL,0.0198348284719473,2,DLPFC_DeJager_eQTL|PCC_DeJager_eQTL
chr7_12,OPN3,ENSG00000054277,chr7:12232371:G:A,AC_DeJager_eQTL,0.0198348284719473,1,AC_DeJager_eQTL
chr7_12,FOXC1,ENSG00000054598,chr7:12232371:G:A,AC_DeJager_eQTL,0.0198348284719473,2,AC_DeJager_eQTL|DLPFC_DeJager_eQTL
chr7_12,SYNE2,ENSG00000054654,chr7:12232371:G:A,AC_DeJager_eQTL,0.0198348284719473,1,AC_DeJager_eQTL
chr7_12,NOP58,ENSG00000055044,chr7:12232371:G:A,Inh_DeJager_eQTL,0.0198348284719473,1,Inh_DeJager_eQTL
chr7_12,CYFIP2,ENSG00000055163,chr7:12232371:G:A,Inh_DeJager_eQTL,0.0198348284719473,1,Inh_DeJager_eQTL
chr7_12,EIF2AK2,ENSG00000055332,chr7:12232371:G:A,Exc_DeJager_eQTL,0.0198348284719473,1,Exc_DeJager_eQTL
chr7_12,TRAF3IP2,ENSG00000056972,chr7:12232371:G:A,DLPFC_DeJager_eQTL,0.0198348284719473,1,DLPFC_DeJager_eQTL
chr7_12,DCBLD2,ENSG00000057019,chr7:12232371:G:A,PCC_DeJager_eQTL,0.0198348284719473,1,PCC_DeJager_eQTL
chr7_12,PKP2,ENSG00000057294,chr7:12232371:G:A,PCC_DeJager_eQTL,0.0198348284719473,1,PCC_DeJager_eQTL
chr7_12,F7,ENSG00000057593,chr7:12232371:G:A,PCC_DeJager_eQTL,0.0198348284719473,1,PCC_DeJager_eQTL
chr7_12,PRDM1,ENSG00000057657,chr7:12232371:G:A,AC_DeJager_eQTL,0.0198348284719473,2,AC_DeJager_eQTL|DLPFC_DeJager_eQTL
chr7_12,NDC1,ENSG00000058804,chr7:12232371:G:A,PCC_DeJager_eQTL,0.0198348284719473,1,PCC_DeJager_eQTL
chr7_12,MXD1,ENSG00000059728,chr7:12232371:G:A,PCC_DeJager_eQTL,0.0198348284719473,1,PCC_DeJager_eQTL
chr7_12,CTDP1,ENSG00000060069,chr7:12232371:G:A,Exc_DeJager_eQTL,0.0198348284719473,1,Exc_DeJager_eQTL
chr7_12,CCAR1,ENSG00000060339,chr7:12232371:G:A,Exc_DeJager_eQTL,0.0198348284719473,2,Exc_DeJager_eQTL|Inh_DeJager_eQTL
chr7_12,PIGV,ENSG00000060642,chr7:12232371:G:A,Exc_DeJager_eQTL,0.0198348284719473,1,Exc_DeJager_eQTL
chr7_12,COL11A1,ENSG00000060718,chr7:12232371:G:A,PCC_DeJager_eQTL,0.0198348284719473,1,PCC_DeJager_eQTL
chr7_12,QSER1,ENSG00000060749,chr7:12232371:G:A,Exc_DeJager_eQTL,0.0198348284719473,1,Exc_DeJager_eQTL
chr7_12,HDAC7,ENSG00000061273,chr7:12232371:G:A,AC_DeJager_eQTL,0.0198348284719473,2,AC_DeJager_eQTL|Exc_DeJager_eQTL
chr7_12,MRPS35,ENSG00000061794,chr7:12232371:G:A,Exc_DeJager_eQTL,0.0198348284719473,1,Exc_DeJager_eQTL
chr7_12,SFSWAP,ENSG00000061936,chr7:12232371:G:A,AC_DeJager_eQTL,0.0198348284719473,3,AC_DeJager_eQTL|Exc_DeJager_eQTL|Inh_DeJager_eQTL
chr7_12,LTK,ENSG00000062524,chr7:12232371:G:A,DLPFC_DeJager_eQTL,0.0198348284719473,1,DLPFC_DeJager_eQTL
chr7_12,POLD1,ENSG00000062822,chr7:12232371:G:A,AC_DeJager_eQTL,0.0198348284719473,1,AC_DeJager_eQTL
chr7_12,EIF4B,ENSG00000063046,chr7:12232371:G:A,AC_DeJager_eQTL,0.0198348284719473,2,AC_DeJager_eQTL|Inh_DeJager_eQTL
chr7_12,ZNF275,ENSG00000063587,chr7:12232371:G:A,DLPFC_DeJager_eQTL,0.0198348284719473,1,DLPFC_DeJager_eQTL
chr7_12,RNF4,ENSG00000063978,chr7:12232371:G:A,PCC_DeJager_eQTL,0.0198348284719473,1,PCC_DeJager_eQTL
chr7_12,CASP8,ENSG00000064012,chr7:12232371:G:A,DLPFC_DeJager_eQTL,0.0198348284719473,1,DLPFC_DeJager_eQTL
chr7_12,TM7SF3,ENSG00000064115,chr7:12232371:G:A,PCC_DeJager_eQTL,0.0198348284719473,1,PCC_DeJager_eQTL
chr7_12,DMRT3,ENSG00000064218,chr7:12232371:G:A,DLPFC_DeJager_eQTL,0.0198348284719473,1,DLPFC_DeJager_eQTL
chr7_12,SLC12A2,ENSG00000064651,chr7:12232371:G:A,AC_DeJager_eQTL,0.0198348284719473,1,AC_DeJager_eQTL
chr7_12,ABCA7,ENSG00000064687,chr7:12232371:G:A,Exc_DeJager_eQTL,0.0198348284719473,1,Exc_DeJager_eQTL
chr7_12,BTBD1,ENSG00000064726,chr7:12232371:G:A,Exc_DeJager_eQTL,0.0198348284719473,1,Exc_DeJager_eQTL
chr7_12,CHI3L2,ENSG00000064886,chr7:12232371:G:A,DLPFC_DeJager_eQTL,0.0198348284719473,1,DLPFC_DeJager_eQTL
chr7_12,ANKS1A,ENSG00000064999,chr7:12232371:G:A,AC_DeJager_eQTL,0.0198348284719473,2,AC_DeJager_eQTL|Exc_DeJager_eQTL
chr7_12,PKN2,ENSG00000065243,chr7:12232371:G:A,AC_DeJager_eQTL,0.0198348284719473,1,AC_DeJager_eQTL
chr7_12,NTN1,ENSG00000065320,chr7:12232371:G:A,DLPFC_DeJager_eQTL,0.0198348284719473,2,DLPFC_DeJager_eQTL|PCC_DeJager_eQTL
chr7_12,GLP2R,ENSG00000065325,chr7:12232371:G:A,DLPFC_DeJager_eQTL,0.0198348284719473,2,DLPFC_DeJager_eQTL|PCC_DeJager_eQTL
chr7_12,DGKA,ENSG00000065357,chr7:12232371:G:A,AC_DeJager_eQTL,0.0198348284719473,1,AC_DeJager_eQTL
chr7_12,TBC1D22B,ENSG00000065491,chr7:12232371:G:A,AC_DeJager_eQTL,0.0198348284719473,1,AC_DeJager_eQTL
chr7_12,MYLK,ENSG00000065534,chr7:12232371:G:A,AC_DeJager_eQTL,0.0198348284719473,2,AC_DeJager_eQTL|PCC_DeJager_eQTL
chr7_12,PACC1,ENSG00000065600,chr7:12232371:G:A,DLPFC_DeJager_eQTL,0.0198348284719473,1,DLPFC_DeJager_eQTL
chr7_12,GSTO2,ENSG00000065621,chr7:12232371:G:A,AC_DeJager_eQTL,0.0198348284719473,1,AC_DeJager_eQTL
chr7_12,SEC61A2,ENSG00000065665,chr7:12232371:G:A,AC_DeJager_eQTL,0.0198348284719473,1,AC_DeJager_eQTL
chr7_12,ASB1,ENSG00000065802,chr7:12232371:G:A,AC_DeJager_eQTL,0.0198348284719473,1,AC_DeJager_eQTL
chr7_12,YBX1,ENSG00000065978,chr7:12232371:G:A,AC_DeJager_eQTL,0.0198348284719473,1,AC_DeJager_eQTL
chr7_12,CTNNA2,ENSG00000066032,chr7:12232371:G:A,Exc_DeJager_eQTL,0.0198348284719473,1,Exc_DeJager_eQTL
chr7_12,ELAVL1,ENSG00000066044,chr7:12232371:G:A,PCC_DeJager_eQTL,0.0198348284719473,1,PCC_DeJager_eQTL
chr7_12,TIE1,ENSG00000066056,chr7:12232371:G:A,DLPFC_DeJager_eQTL,0.0198348284719473,1,DLPFC_DeJager_eQTL
chr7_12,CD84,ENSG00000066294,chr7:12232371:G:A,DLPFC_DeJager_eQTL,0.0198348284719473,2,DLPFC_DeJager_eQTL|PCC_DeJager_eQTL
chr7_12,MPPED2,ENSG00000066382,chr7:12232371:G:A,Inh_DeJager_eQTL,0.0198348284719473,1,Inh_DeJager_eQTL
chr7_12,FGFR2,ENSG00000066468,chr7:12232371:G:A,AC_DeJager_eQTL,0.0198348284719473,1,AC_DeJager_eQTL
chr7_12,THUMPD1,ENSG00000066654,chr7:12232371:G:A,Exc_DeJager_eQTL,0.0198348284719473,1,Exc_DeJager_eQTL
chr7_12,KIF26A,ENSG00000066735,chr7:12232371:G:A,AC_DeJager_eQTL,0.0198348284719473,1,AC_DeJager_eQTL
chr7_12,ZFAT,ENSG00000066827,chr7:12232371:G:A,Exc_DeJager_eQTL,0.0198348284719473,1,Exc_DeJager_eQTL
chr7_12,SP100,ENSG00000067066,chr7:12232371:G:A,DLPFC_DeJager_eQTL,0.0198348284719473,1,DLPFC_DeJager_eQTL
chr7_12,NEO1,ENSG00000067141,chr7:12232371:G:A,PCC_DeJager_eQTL,0.0198348284719473,1,PCC_DeJager_eQTL
chr7_12,ROGDI,ENSG00000067836,chr7:12232371:G:A,Exc_DeJager_eQTL,0.0198348284719473,1,Exc_DeJager_eQTL
chr7_12,ROCK1,ENSG00000067900,chr7:12232371:G:A,DLPFC_DeJager_eQTL,0.0198348284719473,1,DLPFC_DeJager_eQTL
chr7_12,CBFB,ENSG00000067955,chr7:12232371:G:A,DLPFC_DeJager_eQTL,0.0198348284719473,1,DLPFC_DeJager_eQTL
chr7_12,IFI35,ENSG00000068079,chr7:12232371:G:A,DLPFC_DeJager_eQTL,0.0198348284719473,1,DLPFC_DeJager_eQTL
chr7_12,TFE3,ENSG00000068323,chr7:12232371:G:A,Exc_DeJager_eQTL,0.0198348284719473,1,Exc_DeJager_eQTL
chr7_12,GPKOW,ENSG00000068394,chr7:12232371:G:A,Exc_DeJager_eQTL,0.0198348284719473,1,Exc_DeJager_eQTL
chr7_12,IP6K2,ENSG00000068745,chr7:12232371:G:A,AC_DeJager_eQTL,0.0198348284719473,1,AC_DeJager_eQTL
chr7_12,ERLEC1,ENSG00000068912,chr7:12232371:G:A,Inh_DeJager_eQTL,0.0198348284719473,1,Inh_DeJager_eQTL
chr7_12,PYGM,ENSG00000068976,chr7:12232371:G:A,DLPFC_DeJager_eQTL,0.0198348284719473,2,DLPFC_DeJager_eQTL|PCC_DeJager_eQTL
chr7_12,ABCC9,ENSG00000069431,chr7:12232371:G:A,AC_DeJager_eQTL,0.0198348284719473,2,AC_DeJager_eQTL|PCC_DeJager_eQTL
chr7_12,NEDD4,ENSG00000069869,chr7:12232371:G:A,AC_DeJager_eQTL,0.0198348284719473,1,AC_DeJager_eQTL
chr7_12,GNB5,ENSG00000069966,chr7:12232371:G:A,DLPFC_DeJager_eQTL,0.0198348284719473,2,DLPFC_DeJager_eQTL|Exc_DeJager_eQTL
chr7_12,DAPP1,ENSG00000070190,chr7:12232371:G:A,DLPFC_DeJager_eQTL,0.0198348284719473,1,DLPFC_DeJager_eQTL
chr7_12,FSTL3,ENSG00000070404,chr7:12232371:G:A,PCC_DeJager_eQTL,0.0198348284719473,1,PCC_DeJager_eQTL
chr7_12,DGCR2,ENSG00000070413,chr7:12232371:G:A,PCC_DeJager_eQTL,0.0198348284719473,1,PCC_DeJager_eQTL
chr7_12,ST6GALNAC1,ENSG00000070526,chr7:12232371:G:A,DLPFC_DeJager_eQTL,0.0198348284719473,1,DLPFC_DeJager_eQTL
chr7_12,WIPI1,ENSG00000070540,chr7:12232371:G:A,DLPFC_DeJager_eQTL,0.0198348284719473,1,DLPFC_DeJager_eQTL
chr7_12,GBA2,ENSG00000070610,chr7:12232371:G:A,PCC_DeJager_eQTL,0.0198348284719473,1,PCC_DeJager_eQTL
chr7_12,AP3M2,ENSG00000070718,chr7:12232371:G:A,Inh_DeJager_eQTL,0.0198348284719473,1,Inh_DeJager_eQTL
chr7_12,PABPC1,ENSG00000070756,chr7:12232371:G:A,DLPFC_DeJager_eQTL,0.0198348284719473,1,DLPFC_DeJager_eQTL
chr7_12,TESK2,ENSG00000070759,chr7:12232371:G:A,DLPFC_DeJager_eQTL,0.0198348284719473,2,DLPFC_DeJager_eQTL|PCC_DeJager_eQTL
chr7_12,CAMK2A,ENSG00000070808,chr7:12232371:G:A,PCC_DeJager_eQTL,0.0198348284719473,1,PCC_DeJager_eQTL
chr7_12,MGAT4A,ENSG00000071073,chr7:12232371:G:A,PCC_DeJager_eQTL,0.0198348284719473,1,PCC_DeJager_eQTL
chr7_12,LMCD1,ENSG00000071282,chr7:12232371:G:A,DLPFC_DeJager_eQTL,0.0198348284719473,1,DLPFC_DeJager_eQTL
chr7_12,TRIB2,ENSG00000071575,chr7:12232371:G:A,AC_DeJager_eQTL,0.0198348284719473,2,AC_DeJager_eQTL|DLPFC_DeJager_eQTL
chr7_12,CDH19,ENSG00000071991,chr7:12232371:G:A,DLPFC_DeJager_eQTL,0.0198348284719473,1,DLPFC_DeJager_eQTL
chr7_12,RPS6KA6,ENSG00000072133,chr7:12232371:G:A,AC_DeJager_eQTL,0.0198348284719473,2,AC_DeJager_eQTL|PCC_DeJager_eQTL
chr7_12,LIMS2,ENSG00000072163,chr7:12232371:G:A,PCC_DeJager_eQTL,0.0198348284719473,1,PCC_DeJager_eQTL
chr7_12,TFRC,ENSG00000072274,chr7:12232371:G:A,DLPFC_DeJager_eQTL,0.0198348284719473,1,DLPFC_DeJager_eQTL
chr7_12,SREBF1,ENSG00000072310,chr7:12232371:G:A,PCC_DeJager_eQTL,0.0198348284719473,1,PCC_DeJager_eQTL
chr7_12,TRPC5,ENSG00000072315,chr7:12232371:G:A,Exc_DeJager_eQTL,0.0198348284719473,1,Exc_DeJager_eQTL
chr7_12,MPP5,ENSG00000072415,chr7:12232371:G:A,Exc_DeJager_eQTL,0.0198348284719473,1,Exc_DeJager_eQTL
chr7_12,RHOBTB1,ENSG00000072422,chr7:12232371:G:A,Exc_DeJager_eQTL,0.0198348284719473,1,Exc_DeJager_eQTL
chr7_12,TRNT1,ENSG00000072756,chr7:12232371:G:A,Exc_DeJager_eQTL,0.0198348284719473,1,Exc_DeJager_eQTL
chr7_12,STK10,ENSG00000072786,chr7:12232371:G:A,AC_DeJager_eQTL,0.0198348284719473,1,AC_DeJager_eQTL
chr7_12,CRMP1,ENSG00000072832,chr7:12232371:G:A,PCC_DeJager_eQTL,0.0198348284719473,1,PCC_DeJager_eQTL
chr7_12,EVC,ENSG00000072840,chr7:12232371:G:A,AC_DeJager_eQTL,0.0198348284719473,1,AC_DeJager_eQTL
chr7_12,NDE1,ENSG00000072864,chr7:12232371:G:A,DLPFC_DeJager_eQTL,0.0198348284719473,1,DLPFC_DeJager_eQTL
chr7_12,IRAG1,ENSG00000072952,chr7:12232371:G:A,DLPFC_DeJager_eQTL,0.0198348284719473,1,DLPFC_DeJager_eQTL
chr7_12,TMEM38A,ENSG00000072954,chr7:12232371:G:A,AC_DeJager_eQTL,0.0198348284719473,1,AC_DeJager_eQTL
chr7_12,SCARB1,ENSG00000073060,chr7:12232371:G:A,Exc_DeJager_eQTL,0.0198348284719473,1,Exc_DeJager_eQTL
chr7_12,ALPK1,ENSG00000073331,chr7:12232371:G:A,DLPFC_DeJager_eQTL,0.0198348284719473,1,DLPFC_DeJager_eQTL
chr7_12,LLGL2,ENSG00000073350,chr7:12232371:G:A,PCC_DeJager_eQTL,0.0198348284719473,1,PCC_DeJager_eQTL
chr7_12,PDE8A,ENSG00000073417,chr7:12232371:G:A,DLPFC_DeJager_eQTL,0.0198348284719473,1,DLPFC_DeJager_eQTL
chr7_12,NLE1,ENSG00000073536,chr7:12232371:G:A,DLPFC_DeJager_eQTL,0.0198348284719473,2,DLPFC_DeJager_eQTL|PCC_DeJager_eQTL
chr7_12,PPP2R3A,ENSG00000073711,chr7:12232371:G:A,AC_DeJager_eQTL,0.0198348284719473,1,AC_DeJager_eQTL
chr7_12,MAP3K13,ENSG00000073803,chr7:12232371:G:A,AC_DeJager_eQTL,0.0198348284719473,1,AC_DeJager_eQTL
chr7_12,ST6GAL1,ENSG00000073849,chr7:12232371:G:A,AC_DeJager_eQTL,0.0198348284719473,1,AC_DeJager_eQTL
chr7_12,MRPS34,ENSG00000074071,chr7:12232371:G:A,Inh_DeJager_eQTL,0.0198348284719473,1,Inh_DeJager_eQTL
chr7_12,NOTCH3,ENSG00000074181,chr7:12232371:G:A,PCC_DeJager_eQTL,0.0198348284719473,1,PCC_DeJager_eQTL
chr7_12,CA12,ENSG00000074410,chr7:12232371:G:A,AC_DeJager_eQTL,0.0198348284719473,1,AC_DeJager_eQTL
chr7_12,SLC24A1,ENSG00000074621,chr7:12232371:G:A,DLPFC_DeJager_eQTL,0.0198348284719473,1,DLPFC_DeJager_eQTL
chr7_12,SCARF1,ENSG00000074660,chr7:12232371:G:A,PCC_DeJager_eQTL,0.0198348284719473,1,PCC_DeJager_eQTL
chr7_12,SLC12A1,ENSG00000074803,chr7:12232371:G:A,AC_DeJager_eQTL,0.0198348284719473,2,AC_DeJager_eQTL|PCC_DeJager_eQTL
chr7_12,KCNQ2,ENSG00000075043,chr7:12232371:G:A,Inh_DeJager_eQTL,0.0198348284719473,1,Inh_DeJager_eQTL
chr7_12,FNDC3B,ENSG00000075420,chr7:12232371:G:A,AC_DeJager_eQTL,0.0198348284719473,1,AC_DeJager_eQTL
chr7_12,CACNG5,ENSG00000075429,chr7:12232371:G:A,DLPFC_DeJager_eQTL,0.0198348284719473,1,DLPFC_DeJager_eQTL
chr7_12,MKRN2,ENSG00000075975,chr7:12232371:G:A,Exc_DeJager_eQTL,0.0198348284719473,1,Exc_DeJager_eQTL
chr7_12,FMO4,ENSG00000076258,chr7:12232371:G:A,DLPFC_DeJager_eQTL,0.0198348284719473,1,DLPFC_DeJager_eQTL
chr7_12,SPAG5,ENSG00000076382,chr7:12232371:G:A,DLPFC_DeJager_eQTL,0.0198348284719473,1,DLPFC_DeJager_eQTL
chr7_12,TRAF4,ENSG00000076604,chr7:12232371:G:A,DLPFC_DeJager_eQTL,0.0198348284719473,1,DLPFC_DeJager_eQTL
chr7_12,PAG1,ENSG00000076641,chr7:12232371:G:A,AC_DeJager_eQTL,0.0198348284719473,1,AC_DeJager_eQTL
chr7_12,MCAM,ENSG00000076706,chr7:12232371:G:A,DLPFC_DeJager_eQTL,0.0198348284719473,2,DLPFC_DeJager_eQTL|PCC_DeJager_eQTL
chr7_12,GPC4,ENSG00000076716,chr7:12232371:G:A,DLPFC_DeJager_eQTL,0.0198348284719473,1,DLPFC_DeJager_eQTL
chr7_12,RARB,ENSG00000077092,chr7:12232371:G:A,PCC_DeJager_eQTL,0.0198348284719473,1,PCC_DeJager_eQTL
chr7_12,TM9SF3,ENSG00000077147,chr7:12232371:G:A,Exc_DeJager_eQTL,0.0198348284719473,2,Exc_DeJager_eQTL|Inh_DeJager_eQTL
chr7_12,EXOSC5,ENSG00000077348,chr7:12232371:G:A,Exc_DeJager_eQTL,0.0198348284719473,1,Exc_DeJager_eQTL
chr7_12,ACTN2,ENSG00000077522,chr7:12232371:G:A,DLPFC_DeJager_eQTL,0.0198348284719473,2,DLPFC_DeJager_eQTL|PCC_DeJager_eQTL
chr7_12,JADE1,ENSG00000077684,chr7:12232371:G:A,PCC_DeJager_eQTL,0.0198348284719473,1,PCC_DeJager_eQTL
chr7_12,FGFR1,ENSG00000077782,chr7:12232371:G:A,DLPFC_DeJager_eQTL,0.0198348284719473,1,DLPFC_DeJager_eQTL
chr7_12,FBLN1,ENSG00000077942,chr7:12232371:G:A,AC_DeJager_eQTL,0.0198348284719473,3,AC_DeJager_eQTL|DLPFC_DeJager_eQTL|PCC_DeJager_eQTL
chr7_12,NEBL,ENSG00000078114,chr7:12232371:G:A,Exc_DeJager_eQTL,0.0198348284719473,1,Exc_DeJager_eQTL
chr7_12,PIK3C3,ENSG00000078142,chr7:12232371:G:A,PCC_DeJager_eQTL,0.0198348284719473,1,PCC_DeJager_eQTL
chr7_12,TULP3,ENSG00000078246,chr7:12232371:G:A,AC_DeJager_eQTL,0.0198348284719473,2,AC_DeJager_eQTL|DLPFC_DeJager_eQTL
chr7_12,ADCY2,ENSG00000078295,chr7:12232371:G:A,Exc_DeJager_eQTL,0.0198348284719473,1,Exc_DeJager_eQTL
chr7_12,GNB1,ENSG00000078369,chr7:12232371:G:A,Inh_DeJager_eQTL,0.0198348284719473,1,Inh_DeJager_eQTL
chr7_12,MLLT10,ENSG00000078403,chr7:12232371:G:A,AC_DeJager_eQTL,0.0198348284719473,1,AC_DeJager_eQTL
chr7_12,ITM2A,ENSG00000078596,chr7:12232371:G:A,Exc_DeJager_eQTL,0.0198348284719473,1,Exc_DeJager_eQTL
chr7_12,VDAC3,ENSG00000078668,chr7:12232371:G:A,Exc_DeJager_eQTL,0.0198348284719473,1,Exc_DeJager_eQTL
chr7_12,CBFA2T2,ENSG00000078699,chr7:12232371:G:A,Inh_DeJager_eQTL,0.0198348284719473,1,Inh_DeJager_eQTL
chr7_12,SDF4,ENSG00000078808,chr7:12232371:G:A,AC_DeJager_eQTL,0.0198348284719473,1,AC_DeJager_eQTL
chr7_12,TP73,ENSG00000078900,chr7:12232371:G:A,DLPFC_DeJager_eQTL,0.0198348284719473,1,DLPFC_DeJager_eQTL
chr7_12,OSBPL6,ENSG00000079156,chr7:12232371:G:A,Exc_DeJager_eQTL,0.0198348284719473,1,Exc_DeJager_eQTL
chr7_12,SP140,ENSG00000079263,chr7:12232371:G:A,AC_DeJager_eQTL,0.0198348284719473,3,AC_DeJager_eQTL|DLPFC_DeJager_eQTL|PCC_DeJager_eQTL
chr7_12,TNS1,ENSG00000079308,chr7:12232371:G:A,DLPFC_DeJager_eQTL,0.0198348284719473,1,DLPFC_DeJager_eQTL
chr7_12,SAR1A,ENSG00000079332,chr7:12232371:G:A,Exc_DeJager_eQTL,0.0198348284719473,1,Exc_DeJager_eQTL
chr7_12,RAPGEF3,ENSG00000079337,chr7:12232371:G:A,PCC_DeJager_eQTL,0.0198348284719473,1,PCC_DeJager_eQTL
chr7_12,CEACAM1,ENSG00000079385,chr7:12232371:G:A,DLPFC_DeJager_eQTL,0.0198348284719473,1,DLPFC_DeJager_eQTL
chr7_12,SENP1,ENSG00000079387,chr7:12232371:G:A,AC_DeJager_eQTL,0.0198348284719473,2,AC_DeJager_eQTL|Exc_DeJager_eQTL
chr7_12,LIPE,ENSG00000079435,chr7:12232371:G:A,DLPFC_DeJager_eQTL,0.0198348284719473,1,DLPFC_DeJager_eQTL
chr7_12,SCGN,ENSG00000079689,chr7:12232371:G:A,DLPFC_DeJager_eQTL,0.0198348284719473,1,DLPFC_DeJager_eQTL
chr7_12,CARMIL1,ENSG00000079691,chr7:12232371:G:A,AC_DeJager_eQTL,0.0198348284719473,2,AC_DeJager_eQTL|PCC_DeJager_eQTL
chr7_12,DNM2,ENSG00000079805,chr7:12232371:G:A,AC_DeJager_eQTL,0.0198348284719473,2,AC_DeJager_eQTL|Inh_DeJager_eQTL
chr7_12,SMARCA2,ENSG00000080503,chr7:12232371:G:A,PCC_DeJager_eQTL,0.0198348284719473,1,PCC_DeJager_eQTL
chr7_12,SESN1,ENSG00000080546,chr7:12232371:G:A,DLPFC_DeJager_eQTL,0.0198348284719473,2,DLPFC_DeJager_eQTL|PCC_DeJager_eQTL
chr7_12,PSEN1,ENSG00000080815,chr7:12232371:G:A,Exc_DeJager_eQTL,0.0198348284719473,1,Exc_DeJager_eQTL
chr7_12,HSP90AA1,ENSG00000080824,chr7:12232371:G:A,Inh_DeJager_eQTL,0.0198348284719473,1,Inh_DeJager_eQTL
chr7_12,RSBN1,ENSG00000081019,chr7:12232371:G:A,AC_DeJager_eQTL,0.0198348284719473,1,AC_DeJager_eQTL
chr7_12,COL4A4,ENSG00000081052,chr7:12232371:G:A,DLPFC_DeJager_eQTL,0.0198348284719473,1,DLPFC_DeJager_eQTL
chr7_12,PCNP,ENSG00000081154,chr7:12232371:G:A,Exc_DeJager_eQTL,0.0198348284719473,1,Exc_DeJager_eQTL
chr7_12,CDC14B,ENSG00000081377,chr7:12232371:G:A,AC_DeJager_eQTL,0.0198348284719473,3,AC_DeJager_eQTL|DLPFC_DeJager_eQTL|Exc_DeJager_eQTL
chr7_12,LRP2,ENSG00000081479,chr7:12232371:G:A,PCC_DeJager_eQTL,0.0198348284719473,1,PCC_DeJager_eQTL
chr7_12,AACS,ENSG00000081760,chr7:12232371:G:A,AC_DeJager_eQTL,0.0198348284719473,1,AC_DeJager_eQTL
chr7_12,PHLPP1,ENSG00000081913,chr7:12232371:G:A,AC_DeJager_eQTL,0.0198348284719473,2,AC_DeJager_eQTL|PCC_DeJager_eQTL
chr7_12,WDR70,ENSG00000082068,chr7:12232371:G:A,Exc_DeJager_eQTL,0.0198348284719473,1,Exc_DeJager_eQTL
chr7_12,C1QTNF3,ENSG00000082196,chr7:12232371:G:A,DLPFC_DeJager_eQTL,0.0198348284719473,1,DLPFC_DeJager_eQTL
chr7_12,COBLL1,ENSG00000082438,chr7:12232371:G:A,AC_DeJager_eQTL,0.0198348284719473,1,AC_DeJager_eQTL
chr7_12,DLG3,ENSG00000082458,chr7:12232371:G:A,Exc_DeJager_eQTL,0.0198348284719473,1,Exc_DeJager_eQTL
chr7_12,SERTAD4,ENSG00000082497,chr7:12232371:G:A,DLPFC_DeJager_eQTL,0.0198348284719473,2,DLPFC_DeJager_eQTL|Exc_DeJager_eQTL
chr7_12,OPRK1,ENSG00000082556,chr7:12232371:G:A,DLPFC_DeJager_eQTL,0.0198348284719473,2,DLPFC_DeJager_eQTL|PCC_DeJager_eQTL
chr7_12,NFE2L1,ENSG00000082641,chr7:12232371:G:A,Inh_DeJager_eQTL,0.0198348284719473,1,Inh_DeJager_eQTL
chr7_12,LYRM2,ENSG00000083099,chr7:12232371:G:A,Inh_DeJager_eQTL,0.0198348284719473,1,Inh_DeJager_eQTL
chr7_12,ITGAE,ENSG00000083457,chr7:12232371:G:A,Exc_DeJager_eQTL,0.0198348284719473,1,Exc_DeJager_eQTL
chr7_12,DIS3,ENSG00000083520,chr7:12232371:G:A,Exc_DeJager_eQTL,0.0198348284719473,1,Exc_DeJager_eQTL
chr7_12,ZNF324,ENSG00000083812,chr7:12232371:G:A,Exc_DeJager_eQTL,0.0198348284719473,1,Exc_DeJager_eQTL
chr7_12,ZMPSTE24,ENSG00000084073,chr7:12232371:G:A,Exc_DeJager_eQTL,0.0198348284719473,1,Exc_DeJager_eQTL
chr7_12,OVGP1,ENSG00000085465,chr7:12232371:G:A,Exc_DeJager_eQTL,0.0198348284719473,1,Exc_DeJager_eQTL
chr7_12,IGSF9,ENSG00000085552,chr7:12232371:G:A,PCC_DeJager_eQTL,0.0198348284719473,1,PCC_DeJager_eQTL
chr7_12,CPNE3,ENSG00000085719,chr7:12232371:G:A,Exc_DeJager_eQTL,0.0198348284719473,1,Exc_DeJager_eQTL
chr7_12,RRN3,ENSG00000085721,chr7:12232371:G:A,Exc_DeJager_eQTL,0.0198348284719473,1,Exc_DeJager_eQTL
chr7_12,TTC39A,ENSG00000085831,chr7:12232371:G:A,DLPFC_DeJager_eQTL,0.0198348284719473,1,DLPFC_DeJager_eQTL
chr7_12,ATG16L1,ENSG00000085978,chr7:12232371:G:A,AC_DeJager_eQTL,0.0198348284719473,1,AC_DeJager_eQTL
chr7_12,USP40,ENSG00000085982,chr7:12232371:G:A,DLPFC_DeJager_eQTL,0.0198348284719473,3,DLPFC_DeJager_eQTL|Exc_DeJager_eQTL|Inh_DeJager_eQTL
chr7_12,B4GALT1,ENSG00000086062,chr7:12232371:G:A,DLPFC_DeJager_eQTL,0.0198348284719473,1,DLPFC_DeJager_eQTL
chr7_12,TMED2,ENSG00000086598,chr7:12232371:G:A,Inh_DeJager_eQTL,0.0198348284719473,1,Inh_DeJager_eQTL
chr7_12,ALG9,ENSG00000086848,chr7:12232371:G:A,PCC_DeJager_eQTL,0.0198348284719473,1,PCC_DeJager_eQTL
chr7_12,NOX4,ENSG00000086991,chr7:12232371:G:A,AC_DeJager_eQTL,0.0198348284719473,1,AC_DeJager_eQTL
chr7_12,NLK,ENSG00000087095,chr7:12232371:G:A,AC_DeJager_eQTL,0.0198348284719473,1,AC_DeJager_eQTL
chr7_12,ATXN7L3,ENSG00000087152,chr7:12232371:G:A,AC_DeJager_eQTL,0.0198348284719473,2,AC_DeJager_eQTL|DLPFC_DeJager_eQTL
chr7_12,MMP2,ENSG00000087245,chr7:12232371:G:A,DLPFC_DeJager_eQTL,0.0198348284719473,1,DLPFC_DeJager_eQTL
chr7_12,SH3BP2,ENSG00000087266,chr7:12232371:G:A,PCC_DeJager_eQTL,0.0198348284719473,1,PCC_DeJager_eQTL
chr7_12,RTRAF,ENSG00000087302,chr7:12232371:G:A,Exc_DeJager_eQTL,0.0198348284719473,1,Exc_DeJager_eQTL
chr7_12,PTHLH,ENSG00000087494,chr7:12232371:G:A,AC_DeJager_eQTL,0.0198348284719473,3,AC_DeJager_eQTL|DLPFC_DeJager_eQTL|PCC_DeJager_eQTL
chr7_12,PHACTR3,ENSG00000087495,chr7:12232371:G:A,DLPFC_DeJager_eQTL,0.0198348284719473,1,DLPFC_DeJager_eQTL
chr7_12,ERGIC2,ENSG00000087502,chr7:12232371:G:A,PCC_DeJager_eQTL,0.0198348284719473,1,PCC_DeJager_eQTL
chr7_12,CASS4,ENSG00000087589,chr7:12232371:G:A,DLPFC_DeJager_eQTL,0.0198348284719473,1,DLPFC_DeJager_eQTL
chr7_12,PIR,ENSG00000087842,chr7:12232371:G:A,DLPFC_DeJager_eQTL,0.0198348284719473,1,DLPFC_DeJager_eQTL
chr7_12,GP6,ENSG00000088053,chr7:12232371:G:A,AC_DeJager_eQTL,0.0198348284719473,1,AC_DeJager_eQTL
chr7_12,ASAP3,ENSG00000088280,chr7:12232371:G:A,PCC_DeJager_eQTL,0.0198348284719473,1,PCC_DeJager_eQTL
chr7_12,EDEM2,ENSG00000088298,chr7:12232371:G:A,DLPFC_DeJager_eQTL,0.0198348284719473,1,DLPFC_DeJager_eQTL
chr7_12,TPX2,ENSG00000088325,chr7:12232371:G:A,DLPFC_DeJager_eQTL,0.0198348284719473,1,DLPFC_DeJager_eQTL
chr7_12,FKBP1A,ENSG00000088832,chr7:12232371:G:A,PCC_DeJager_eQTL,0.0198348284719473,1,PCC_DeJager_eQTL
chr7_12,EBF4,ENSG00000088881,chr7:12232371:G:A,AC_DeJager_eQTL,0.0198348284719473,1,AC_DeJager_eQTL
chr7_12,LZTS3,ENSG00000088899,chr7:12232371:G:A,Exc_DeJager_eQTL,0.0198348284719473,1,Exc_DeJager_eQTL
chr7_12,P2RX7,ENSG00000089041,chr7:12232371:G:A,PCC_DeJager_eQTL,0.0198348284719473,1,PCC_DeJager_eQTL
chr7_12,SLC23A2,ENSG00000089057,chr7:12232371:G:A,Exc_DeJager_eQTL,0.0198348284719473,1,Exc_DeJager_eQTL
chr7_12,SLC8B1,ENSG00000089060,chr7:12232371:G:A,AC_DeJager_eQTL,0.0198348284719473,1,AC_DeJager_eQTL
chr7_12,PXN,ENSG00000089159,chr7:12232371:G:A,Inh_DeJager_eQTL,0.0198348284719473,1,Inh_DeJager_eQTL
chr7_12,KIF16B,ENSG00000089177,chr7:12232371:G:A,AC_DeJager_eQTL,0.0198348284719473,2,AC_DeJager_eQTL|Exc_DeJager_eQTL
chr7_12,CHGB,ENSG00000089199,chr7:12232371:G:A,Exc_DeJager_eQTL,0.0198348284719473,2,Exc_DeJager_eQTL|Inh_DeJager_eQTL
chr7_12,ERP29,ENSG00000089248,chr7:12232371:G:A,Inh_DeJager_eQTL,0.0198348284719473,1,Inh_DeJager_eQTL
chr7_12,IGBP1,ENSG00000089289,chr7:12232371:G:A,Exc_DeJager_eQTL,0.0198348284719473,1,Exc_DeJager_eQTL
chr7_12,GANAB,ENSG00000089597,chr7:12232371:G:A,Exc_DeJager_eQTL,0.0198348284719473,2,Exc_DeJager_eQTL|Inh_DeJager_eQTL
chr7_12,OTUB2,ENSG00000089723,chr7:12232371:G:A,DLPFC_DeJager_eQTL,0.0198348284719473,2,DLPFC_DeJager_eQTL|PCC_DeJager_eQTL
chr7_12,DDX24,ENSG00000089737,chr7:12232371:G:A,Exc_DeJager_eQTL,0.0198348284719473,1,Exc_DeJager_eQTL
chr7_12,CCNK,ENSG00000090061,chr7:12232371:G:A,AC_DeJager_eQTL,0.0198348284719473,2,AC_DeJager_eQTL|PCC_DeJager_eQTL
chr7_12,YPEL3,ENSG00000090238,chr7:12232371:G:A,PCC_DeJager_eQTL,0.0198348284719473,1,PCC_DeJager_eQTL
chr7_12,ICAM1,ENSG00000090339,chr7:12232371:G:A,DLPFC_DeJager_eQTL,0.0198348284719473,1,DLPFC_DeJager_eQTL
chr7_12,P3H2,ENSG00000090530,chr7:12232371:G:A,Exc_DeJager_eQTL,0.0198348284719473,1,Exc_DeJager_eQTL
chr7_12,FLT3LG,ENSG00000090554,chr7:12232371:G:A,PCC_DeJager_eQTL,0.0198348284719473,1,PCC_DeJager_eQTL
chr7_12,USP48,ENSG00000090686,chr7:12232371:G:A,AC_DeJager_eQTL,0.0198348284719473,1,AC_DeJager_eQTL
chr7_12,PLEKHG2,ENSG00000090924,chr7:12232371:G:A,AC_DeJager_eQTL,0.0198348284719473,2,AC_DeJager_eQTL|DLPFC_DeJager_eQTL
chr7_12,DLL3,ENSG00000090932,chr7:12232371:G:A,AC_DeJager_eQTL,0.0198348284719473,1,AC_DeJager_eQTL
chr7_12,ABCC6,ENSG00000091262,chr7:12232371:G:A,DLPFC_DeJager_eQTL,0.0198348284719473,1,DLPFC_DeJager_eQTL
chr7_12,ITGA6,ENSG00000091409,chr7:12232371:G:A,PCC_DeJager_eQTL,0.0198348284719473,1,PCC_DeJager_eQTL
chr7_12,NLRP1,ENSG00000091592,chr7:12232371:G:A,AC_DeJager_eQTL,0.0198348284719473,1,AC_DeJager_eQTL
chr7_12,SPAG7,ENSG00000091640,chr7:12232371:G:A,Exc_DeJager_eQTL,0.0198348284719473,1,Exc_DeJager_eQTL
chr7_12,ORC6,ENSG00000091651,chr7:12232371:G:A,AC_DeJager_eQTL,0.0198348284719473,1,AC_DeJager_eQTL
chr7_12,ZFHX4,ENSG00000091656,chr7:12232371:G:A,DLPFC_DeJager_eQTL,0.0198348284719473,1,DLPFC_DeJager_eQTL
chr7_12,RGS17,ENSG00000091844,chr7:12232371:G:A,DLPFC_DeJager_eQTL,0.0198348284719473,1,DLPFC_DeJager_eQTL
chr7_12,CCDC80,ENSG00000091986,chr7:12232371:G:A,DLPFC_DeJager_eQTL,0.0198348284719473,1,DLPFC_DeJager_eQTL
chr7_12,SCFD1,ENSG00000092108,chr7:12232371:G:A,AC_DeJager_eQTL,0.0198348284719473,1,AC_DeJager_eQTL
chr7_12,G2E3,ENSG00000092140,chr7:12232371:G:A,AC_DeJager_eQTL,0.0198348284719473,2,AC_DeJager_eQTL|PCC_DeJager_eQTL
chr7_12,HECTD1,ENSG00000092148,chr7:12232371:G:A,Exc_DeJager_eQTL,0.0198348284719473,1,Exc_DeJager_eQTL
chr7_12,TOX4,ENSG00000092203,chr7:12232371:G:A,AC_DeJager_eQTL,0.0198348284719473,1,AC_DeJager_eQTL
chr7_12,SEMA6A,ENSG00000092421,chr7:12232371:G:A,DLPFC_DeJager_eQTL,0.0198348284719473,1,DLPFC_DeJager_eQTL
chr7_12,TYRO3,ENSG00000092445,chr7:12232371:G:A,Exc_DeJager_eQTL,0.0198348284719473,2,Exc_DeJager_eQTL|PCC_DeJager_eQTL
chr7_12,CAPN3,ENSG00000092529,chr7:12232371:G:A,DLPFC_DeJager_eQTL,0.0198348284719473,2,DLPFC_DeJager_eQTL|PCC_DeJager_eQTL
chr7_12,SNAP23,ENSG00000092531,chr7:12232371:G:A,DLPFC_DeJager_eQTL,0.0198348284719473,1,DLPFC_DeJager_eQTL
chr7_12,TBX15,ENSG00000092607,chr7:12232371:G:A,DLPFC_DeJager_eQTL,0.0198348284719473,1,DLPFC_DeJager_eQTL
chr7_12,EZR,ENSG00000092820,chr7:12232371:G:A,PCC_DeJager_eQTL,0.0198348284719473,1,PCC_DeJager_eQTL
chr7_12,RFFL,ENSG00000092871,chr7:12232371:G:A,AC_DeJager_eQTL,0.0198348284719473,1,AC_DeJager_eQTL
chr7_12,UNC13D,ENSG00000092929,chr7:12232371:G:A,PCC_DeJager_eQTL,0.0198348284719473,1,PCC_DeJager_eQTL
chr7_12,TGFB2,ENSG00000092969,chr7:12232371:G:A,DLPFC_DeJager_eQTL,0.0198348284719473,1,DLPFC_DeJager_eQTL
chr7_12,COMT,ENSG00000093010,chr7:12232371:G:A,AC_DeJager_eQTL,0.0198348284719473,2,AC_DeJager_eQTL|Exc_DeJager_eQTL
chr7_12,ADA2,ENSG00000093072,chr7:12232371:G:A,AC_DeJager_eQTL,0.0198348284719473,1,AC_DeJager_eQTL
chr7_12,SEC22C,ENSG00000093183,chr7:12232371:G:A,AC_DeJager_eQTL,0.0198348284719473,2,AC_DeJager_eQTL|Exc_DeJager_eQTL
chr7_12,HDAC6,ENSG00000094631,chr7:12232371:G:A,PCC_DeJager_eQTL,0.0198348284719473,1,PCC_DeJager_eQTL
chr7_12,CDC6,ENSG00000094804,chr7:12232371:G:A,DLPFC_DeJager_eQTL,0.0198348284719473,1,DLPFC_DeJager_eQTL
chr7_12,UPRT,ENSG00000094841,chr7:12232371:G:A,PCC_DeJager_eQTL,0.0198348284719473,1,PCC_DeJager_eQTL
chr7_12,EPB41L4B,ENSG00000095203,chr7:12232371:G:A,Exc_DeJager_eQTL,0.0198348284719473,1,Exc_DeJager_eQTL
chr7_12,PTGS1,ENSG00000095303,chr7:12232371:G:A,PCC_DeJager_eQTL,0.0198348284719473,1,PCC_DeJager_eQTL
chr7_12,TBC1D2,ENSG00000095383,chr7:12232371:G:A,PCC_DeJager_eQTL,0.0198348284719473,1,PCC_DeJager_eQTL
chr7_12,BAMBI,ENSG00000095739,chr7:12232371:G:A,DLPFC_DeJager_eQTL,0.0198348284719473,1,DLPFC_DeJager_eQTL
chr7_12,TREM2,ENSG00000095970,chr7:12232371:G:A,DLPFC_DeJager_eQTL,0.0198348284719473,1,DLPFC_DeJager_eQTL
chr7_12,BRPF3,ENSG00000096070,chr7:12232371:G:A,Exc_DeJager_eQTL,0.0198348284719473,1,Exc_DeJager_eQTL
chr7_12,DSP,ENSG00000096696,chr7:12232371:G:A,DLPFC_DeJager_eQTL,0.0198348284719473,1,DLPFC_DeJager_eQTL
chr7_12,PCSK5,ENSG00000099139,chr7:12232371:G:A,PCC_DeJager_eQTL,0.0198348284719473,1,PCC_DeJager_eQTL
chr7_12,SCD,ENSG00000099194,chr7:12232371:G:A,DLPFC_DeJager_eQTL,0.0198348284719473,2,DLPFC_DeJager_eQTL|PCC_DeJager_eQTL
chr7_12,ABLIM1,ENSG00000099204,chr7:12232371:G:A,AC_DeJager_eQTL,0.0198348284719473,1,AC_DeJager_eQTL
chr7_12,PALMD,ENSG00000099260,chr7:12232371:G:A,DLPFC_DeJager_eQTL,0.0198348284719473,1,DLPFC_DeJager_eQTL
chr7_12,TSPAN15,ENSG00000099282,chr7:12232371:G:A,DLPFC_DeJager_eQTL,0.0198348284719473,1,DLPFC_DeJager_eQTL
chr7_12,OCEL1,ENSG00000099330,chr7:12232371:G:A,Exc_DeJager_eQTL,0.0198348284719473,1,Exc_DeJager_eQTL
chr7_12,MYO9B,ENSG00000099331,chr7:12232371:G:A,Exc_DeJager_eQTL,0.0198348284719473,1,Exc_DeJager_eQTL
chr7_12,CATSPERG,ENSG00000099338,chr7:12232371:G:A,PCC_DeJager_eQTL,0.0198348284719473,1,PCC_DeJager_eQTL
chr7_12,KLHL22,ENSG00000099910,chr7:12232371:G:A,AC_DeJager_eQTL,0.0198348284719473,2,AC_DeJager_eQTL|PCC_DeJager_eQTL
chr7_12,MED15,ENSG00000099917,chr7:12232371:G:A,Exc_DeJager_eQTL,0.0198348284719473,1,Exc_DeJager_eQTL
chr7_12,CRKL,ENSG00000099942,chr7:12232371:G:A,PCC_DeJager_eQTL,0.0198348284719473,1,PCC_DeJager_eQTL
chr7_12,CECR2,ENSG00000099954,chr7:12232371:G:A,DLPFC_DeJager_eQTL,0.0198348284719473,1,DLPFC_DeJager_eQTL
chr7_12,SUSD2,ENSG00000099994,chr7:12232371:G:A,PCC_DeJager_eQTL,0.0198348284719473,1,PCC_DeJager_eQTL
chr7_12,SF3A1,ENSG00000099995,chr7:12232371:G:A,Inh_DeJager_eQTL,0.0198348284719473,1,Inh_DeJager_eQTL
chr7_12,GGT5,ENSG00000099998,chr7:12232371:G:A,PCC_DeJager_eQTL,0.0198348284719473,1,PCC_DeJager_eQTL
chr7_12,SNRPD3,ENSG00000100028,chr7:12232371:G:A,Exc_DeJager_eQTL,0.0198348284719473,1,Exc_DeJager_eQTL
chr7_12,GGT1,ENSG00000100031,chr7:12232371:G:A,AC_DeJager_eQTL,0.0198348284719473,2,AC_DeJager_eQTL|PCC_DeJager_eQTL
chr7_12,ESS2,ENSG00000100056,chr7:12232371:G:A,PCC_DeJager_eQTL,0.0198348284719473,1,PCC_DeJager_eQTL
chr7_12,HIRA,ENSG00000100084,chr7:12232371:G:A,PCC_DeJager_eQTL,0.0198348284719473,1,PCC_DeJager_eQTL
chr7_12,HPS4,ENSG00000100099,chr7:12232371:G:A,AC_DeJager_eQTL,0.0198348284719473,1,AC_DeJager_eQTL
chr7_12,PIK3IP1,ENSG00000100100,chr7:12232371:G:A,Exc_DeJager_eQTL,0.0198348284719473,1,Exc_DeJager_eQTL
chr7_12,Z83844.1,ENSG00000100101,chr7:12232371:G:A,PCC_DeJager_eQTL,0.0198348284719473,1,PCC_DeJager_eQTL
chr7_12,SRRD,ENSG00000100104,chr7:12232371:G:A,AC_DeJager_eQTL,0.0198348284719473,1,AC_DeJager_eQTL
chr7_12,EIF3L,ENSG00000100129,chr7:12232371:G:A,Exc_DeJager_eQTL,0.0198348284719473,1,Exc_DeJager_eQTL
chr7_12,SEPTIN3,ENSG00000100167,chr7:12232371:G:A,AC_DeJager_eQTL,0.0198348284719473,2,AC_DeJager_eQTL|DLPFC_DeJager_eQTL
chr7_12,DMC1,ENSG00000100206,chr7:12232371:G:A,DLPFC_DeJager_eQTL,0.0198348284719473,1,DLPFC_DeJager_eQTL
chr7_12,XBP1,ENSG00000100219,chr7:12232371:G:A,Exc_DeJager_eQTL,0.0198348284719473,2,Exc_DeJager_eQTL|Inh_DeJager_eQTL
chr7_12,RTCB,ENSG00000100220,chr7:12232371:G:A,Exc_DeJager_eQTL,0.0198348284719473,1,Exc_DeJager_eQTL
chr7_12,JOSD1,ENSG00000100221,chr7:12232371:G:A,AC_DeJager_eQTL,0.0198348284719473,1,AC_DeJager_eQTL
chr7_12,POLDIP3,ENSG00000100227,chr7:12232371:G:A,Inh_DeJager_eQTL,0.0198348284719473,1,Inh_DeJager_eQTL
chr7_12,SUN2,ENSG00000100242,chr7:12232371:G:A,DLPFC_DeJager_eQTL,0.0198348284719473,1,DLPFC_DeJager_eQTL
chr7_12,RASL10A,ENSG00000100276,chr7:12232371:G:A,Exc_DeJager_eQTL,0.0198348284719473,1,Exc_DeJager_eQTL
chr7_12,MCAT,ENSG00000100294,chr7:12232371:G:A,Inh_DeJager_eQTL,0.0198348284719473,1,Inh_DeJager_eQTL
chr7_12,MCM5,ENSG00000100297,chr7:12232371:G:A,AC_DeJager_eQTL,0.0198348284719473,2,AC_DeJager_eQTL|PCC_DeJager_eQTL
chr7_12,ARSA,ENSG00000100299,chr7:12232371:G:A,AC_DeJager_eQTL,0.0198348284719473,2,AC_DeJager_eQTL|PCC_DeJager_eQTL
chr7_12,CBX7,ENSG00000100307,chr7:12232371:G:A,PCC_DeJager_eQTL,0.0198348284719473,1,PCC_DeJager_eQTL
chr7_12,MIEF1,ENSG00000100335,chr7:12232371:G:A,PCC_DeJager_eQTL,0.0198348284719473,1,PCC_DeJager_eQTL
chr7_12,FOXRED2,ENSG00000100350,chr7:12232371:G:A,Inh_DeJager_eQTL,0.0198348284719473,1,Inh_DeJager_eQTL
chr7_12,CSF2RB,ENSG00000100368,chr7:12232371:G:A,DLPFC_DeJager_eQTL,0.0198348284719473,1,DLPFC_DeJager_eQTL
chr7_12,L3MBTL2,ENSG00000100395,chr7:12232371:G:A,DLPFC_DeJager_eQTL,0.0198348284719473,1,DLPFC_DeJager_eQTL
chr7_12,CHADL,ENSG00000100399,chr7:12232371:G:A,PCC_DeJager_eQTL,0.0198348284719473,1,PCC_DeJager_eQTL
chr7_12,CERK,ENSG00000100422,chr7:12232371:G:A,Exc_DeJager_eQTL,0.0198348284719473,2,Exc_DeJager_eQTL|PCC_DeJager_eQTL
chr7_12,RBM23,ENSG00000100461,chr7:12232371:G:A,Exc_DeJager_eQTL,0.0198348284719473,1,Exc_DeJager_eQTL
chr7_12,AP4S1,ENSG00000100478,chr7:12232371:G:A,AC_DeJager_eQTL,0.0198348284719473,3,AC_DeJager_eQTL|DLPFC_DeJager_eQTL|PCC_DeJager_eQTL
chr7_12,VCPKMT,ENSG00000100483,chr7:12232371:G:A,DLPFC_DeJager_eQTL,0.0198348284719473,1,DLPFC_DeJager_eQTL
chr7_12,PYGL,ENSG00000100504,chr7:12232371:G:A,DLPFC_DeJager_eQTL,0.0198348284719473,1,DLPFC_DeJager_eQTL
chr7_12,GNPNAT1,ENSG00000100522,chr7:12232371:G:A,DLPFC_DeJager_eQTL,0.0198348284719473,1,DLPFC_DeJager_eQTL
chr7_12,PIGH,ENSG00000100564,chr7:12232371:G:A,Exc_DeJager_eQTL,0.0198348284719473,1,Exc_DeJager_eQTL
chr7_12,ALKBH1,ENSG00000100601,chr7:12232371:G:A,AC_DeJager_eQTL,0.0198348284719473,1,AC_DeJager_eQTL
chr7_12,GALNT16,ENSG00000100626,chr7:12232371:G:A,DLPFC_DeJager_eQTL,0.0198348284719473,2,DLPFC_DeJager_eQTL|PCC_DeJager_eQTL
chr7_12,SUSD6,ENSG00000100647,chr7:12232371:G:A,Exc_DeJager_eQTL,0.0198348284719473,1,Exc_DeJager_eQTL
chr7_12,EIF5,ENSG00000100664,chr7:12232371:G:A,AC_DeJager_eQTL,0.0198348284719473,1,AC_DeJager_eQTL
chr7_12,PAPLN,ENSG00000100767,chr7:12232371:G:A,AC_DeJager_eQTL,0.0198348284719473,2,AC_DeJager_eQTL|PCC_DeJager_eQTL
chr7_12,C14orf93,ENSG00000100802,chr7:12232371:G:A,DLPFC_DeJager_eQTL,0.0198348284719473,1,DLPFC_DeJager_eQTL
chr7_12,YY1,ENSG00000100811,chr7:12232371:G:A,AC_DeJager_eQTL,0.0198348284719473,2,AC_DeJager_eQTL|PCC_DeJager_eQTL
chr7_12,CINP,ENSG00000100865,chr7:12232371:G:A,Exc_DeJager_eQTL,0.0198348284719473,1,Exc_DeJager_eQTL
chr7_12,PCK2,ENSG00000100889,chr7:12232371:G:A,DLPFC_DeJager_eQTL,0.0198348284719473,1,DLPFC_DeJager_eQTL
chr7_12,PRORP,ENSG00000100890,chr7:12232371:G:A,PCC_DeJager_eQTL,0.0198348284719473,1,PCC_DeJager_eQTL
chr7_12,GMPR2,ENSG00000100938,chr7:12232371:G:A,Inh_DeJager_eQTL,0.0198348284719473,1,Inh_DeJager_eQTL
chr7_12,RABGGTA,ENSG00000100949,chr7:12232371:G:A,AC_DeJager_eQTL,0.0198348284719473,1,AC_DeJager_eQTL
chr7_12,VSX1,ENSG00000100987,chr7:12232371:G:A,DLPFC_DeJager_eQTL,0.0198348284719473,1,DLPFC_DeJager_eQTL
chr7_12,NINL,ENSG00000101004,chr7:12232371:G:A,PCC_DeJager_eQTL,0.0198348284719473,1,PCC_DeJager_eQTL
chr7_12,SGK2,ENSG00000101049,chr7:12232371:G:A,AC_DeJager_eQTL,0.0198348284719473,2,AC_DeJager_eQTL|DLPFC_DeJager_eQTL
chr7_12,HNF4A,ENSG00000101076,chr7:12232371:G:A,DLPFC_DeJager_eQTL,0.0198348284719473,1,DLPFC_DeJager_eQTL
chr7_12,NDRG3,ENSG00000101079,chr7:12232371:G:A,Exc_DeJager_eQTL,0.0198348284719473,1,Exc_DeJager_eQTL
chr7_12,NFATC2,ENSG00000101096,chr7:12232371:G:A,DLPFC_DeJager_eQTL,0.0198348284719473,1,DLPFC_DeJager_eQTL
chr7_12,RIMS4,ENSG00000101098,chr7:12232371:G:A,PCC_DeJager_eQTL,0.0198348284719473,1,PCC_DeJager_eQTL
chr7_12,STK4,ENSG00000101109,chr7:12232371:G:A,PCC_DeJager_eQTL,0.0198348284719473,1,PCC_DeJager_eQTL
chr7_12,CSTF1,ENSG00000101138,chr7:12232371:G:A,Exc_DeJager_eQTL,0.0198348284719473,2,Exc_DeJager_eQTL|PCC_DeJager_eQTL
chr7_12,RAE1,ENSG00000101146,chr7:12232371:G:A,Exc_DeJager_eQTL,0.0198348284719473,1,Exc_DeJager_eQTL
chr7_12,DIDO1,ENSG00000101191,chr7:12232371:G:A,Exc_DeJager_eQTL,0.0198348284719473,1,Exc_DeJager_eQTL
chr7_12,GID8,ENSG00000101193,chr7:12232371:G:A,PCC_DeJager_eQTL,0.0198348284719473,1,PCC_DeJager_eQTL
chr7_12,NDUFAF5,ENSG00000101247,chr7:12232371:G:A,PCC_DeJager_eQTL,0.0198348284719473,1,PCC_DeJager_eQTL
chr7_12,CDS2,ENSG00000101290,chr7:12232371:G:A,Inh_DeJager_eQTL,0.0198348284719473,1,Inh_DeJager_eQTL
chr7_12,PLCB4,ENSG00000101333,chr7:12232371:G:A,PCC_DeJager_eQTL,0.0198348284719473,1,PCC_DeJager_eQTL
chr7_12,CRNKL1,ENSG00000101343,chr7:12232371:G:A,Exc_DeJager_eQTL,0.0198348284719473,1,Exc_DeJager_eQTL
chr7_12,KIF3B,ENSG00000101350,chr7:12232371:G:A,AC_DeJager_eQTL,0.0198348284719473,2,AC_DeJager_eQTL|Exc_DeJager_eQTL
chr7_12,NOP56,ENSG00000101361,chr7:12232371:G:A,Exc_DeJager_eQTL,0.0198348284719473,1,Exc_DeJager_eQTL
chr7_12,CST3,ENSG00000101439,chr7:12232371:G:A,DLPFC_DeJager_eQTL,0.0198348284719473,2,DLPFC_DeJager_eQTL|PCC_DeJager_eQTL
chr7_12,AHCY,ENSG00000101444,chr7:12232371:G:A,Inh_DeJager_eQTL,0.0198348284719473,1,Inh_DeJager_eQTL
chr7_12,PPP1R16B,ENSG00000101445,chr7:12232371:G:A,Exc_DeJager_eQTL,0.0198348284719473,2,Exc_DeJager_eQTL|PCC_DeJager_eQTL
chr7_12,FAM83D,ENSG00000101447,chr7:12232371:G:A,DLPFC_DeJager_eQTL,0.0198348284719473,1,DLPFC_DeJager_eQTL
chr7_12,ACOT8,ENSG00000101473,chr7:12232371:G:A,Exc_DeJager_eQTL,0.0198348284719473,1,Exc_DeJager_eQTL
chr7_12,SMCHD1,ENSG00000101596,chr7:12232371:G:A,AC_DeJager_eQTL,0.0198348284719473,1,AC_DeJager_eQTL
chr7_12,CEP76,ENSG00000101624,chr7:12232371:G:A,AC_DeJager_eQTL,0.0198348284719473,1,AC_DeJager_eQTL
chr7_12,CEP192,ENSG00000101639,chr7:12232371:G:A,Exc_DeJager_eQTL,0.0198348284719473,1,Exc_DeJager_eQTL
chr7_12,LAMA1,ENSG00000101680,chr7:12232371:G:A,AC_DeJager_eQTL,0.0198348284719473,1,AC_DeJager_eQTL
chr7_12,RNF125,ENSG00000101695,chr7:12232371:G:A,DLPFC_DeJager_eQTL,0.0198348284719473,2,DLPFC_DeJager_eQTL|PCC_DeJager_eQTL
chr7_12,RBBP8,ENSG00000101773,chr7:12232371:G:A,Exc_DeJager_eQTL,0.0198348284719473,1,Exc_DeJager_eQTL
chr7_12,RIOK3,ENSG00000101782,chr7:12232371:G:A,Exc_DeJager_eQTL,0.0198348284719473,1,Exc_DeJager_eQTL
chr7_12,GPR143,ENSG00000101850,chr7:12232371:G:A,DLPFC_DeJager_eQTL,0.0198348284719473,1,DLPFC_DeJager_eQTL
chr7_12,POLA1,ENSG00000101868,chr7:12232371:G:A,PCC_DeJager_eQTL,0.0198348284719473,1,PCC_DeJager_eQTL
chr7_12,MOSPD1,ENSG00000101928,chr7:12232371:G:A,Exc_DeJager_eQTL,0.0198348284719473,1,Exc_DeJager_eQTL
chr7_12,SRPX,ENSG00000101955,chr7:12232371:G:A,DLPFC_DeJager_eQTL,0.0198348284719473,1,DLPFC_DeJager_eQTL
chr7_12,GLRA2,ENSG00000101958,chr7:12232371:G:A,AC_DeJager_eQTL,0.0198348284719473,1,AC_DeJager_eQTL
chr7_12,CACNA1F,ENSG00000102001,chr7:12232371:G:A,AC_DeJager_eQTL,0.0198348284719473,2,AC_DeJager_eQTL|PCC_DeJager_eQTL
chr7_12,SYP,ENSG00000102003,chr7:12232371:G:A,Inh_DeJager_eQTL,0.0198348284719473,1,Inh_DeJager_eQTL
chr7_12,PCYT1B,ENSG00000102230,chr7:12232371:G:A,AC_DeJager_eQTL,0.0198348284719473,1,AC_DeJager_eQTL
chr7_12,TIMP1,ENSG00000102265,chr7:12232371:G:A,DLPFC_DeJager_eQTL,0.0198348284719473,1,DLPFC_DeJager_eQTL
chr7_12,KLHL4,ENSG00000102271,chr7:12232371:G:A,PCC_DeJager_eQTL,0.0198348284719473,1,PCC_DeJager_eQTL
chr7_12,TAF7L,ENSG00000102387,chr7:12232371:G:A,AC_DeJager_eQTL,0.0198348284719473,2,AC_DeJager_eQTL|DLPFC_DeJager_eQTL
chr7_12,NALCN,ENSG00000102452,chr7:12232371:G:A,Exc_DeJager_eQTL,0.0198348284719473,1,Exc_DeJager_eQTL
chr7_12,ACP5,ENSG00000102575,chr7:12232371:G:A,DLPFC_DeJager_eQTL,0.0198348284719473,1,DLPFC_DeJager_eQTL
chr7_12,UGGT2,ENSG00000102595,chr7:12232371:G:A,AC_DeJager_eQTL,0.0198348284719473,1,AC_DeJager_eQTL
chr7_12,FGF9,ENSG00000102678,chr7:12232371:G:A,AC_DeJager_eQTL,0.0198348284719473,2,AC_DeJager_eQTL|DLPFC_DeJager_eQTL
chr7_12,SGCG,ENSG00000102683,chr7:12232371:G:A,DLPFC_DeJager_eQTL,0.0198348284719473,1,DLPFC_DeJager_eQTL
chr7_12,PARP4,ENSG00000102699,chr7:12232371:G:A,AC_DeJager_eQTL,0.0198348284719473,1,AC_DeJager_eQTL
chr7_12,RGCC,ENSG00000102760,chr7:12232371:G:A,DLPFC_DeJager_eQTL,0.0198348284719473,1,DLPFC_DeJager_eQTL
chr7_12,CLN5,ENSG00000102805,chr7:12232371:G:A,DLPFC_DeJager_eQTL,0.0198348284719473,1,DLPFC_DeJager_eQTL
chr7_12,OLFM4,ENSG00000102837,chr7:12232371:G:A,PCC_DeJager_eQTL,0.0198348284719473,1,PCC_DeJager_eQTL
chr7_12,ZNF629,ENSG00000102870,chr7:12232371:G:A,Exc_DeJager_eQTL,0.0198348284719473,2,Exc_DeJager_eQTL|Inh_DeJager_eQTL
chr7_12,HSF4,ENSG00000102878,chr7:12232371:G:A,PCC_DeJager_eQTL,0.0198348284719473,1,PCC_DeJager_eQTL
chr7_12,MAPK3,ENSG00000102882,chr7:12232371:G:A,Exc_DeJager_eQTL,0.0198348284719473,2,Exc_DeJager_eQTL|PCC_DeJager_eQTL
chr7_12,CBLN1,ENSG00000102924,chr7:12232371:G:A,AC_DeJager_eQTL,0.0198348284719473,3,AC_DeJager_eQTL|DLPFC_DeJager_eQTL|PCC_DeJager_eQTL
chr7_12,ZNF423,ENSG00000102935,chr7:12232371:G:A,DLPFC_DeJager_eQTL,0.0198348284719473,1,DLPFC_DeJager_eQTL
chr7_12,POLR2C,ENSG00000102978,chr7:12232371:G:A,Inh_DeJager_eQTL,0.0198348284719473,1,Inh_DeJager_eQTL
chr7_12,ZNF821,ENSG00000102984,chr7:12232371:G:A,AC_DeJager_eQTL,0.0198348284719473,1,AC_DeJager_eQTL
chr7_12,HAS3,ENSG00000103044,chr7:12232371:G:A,DLPFC_DeJager_eQTL,0.0198348284719473,1,DLPFC_DeJager_eQTL
chr7_12,TANGO6,ENSG00000103047,chr7:12232371:G:A,Exc_DeJager_eQTL,0.0198348284719473,1,Exc_DeJager_eQTL
chr7_12,MON1B,ENSG00000103111,chr7:12232371:G:A,DLPFC_DeJager_eQTL,0.0198348284719473,2,DLPFC_DeJager_eQTL|Exc_DeJager_eQTL
chr7_12,NECAB2,ENSG00000103154,chr7:12232371:G:A,PCC_DeJager_eQTL,0.0198348284719473,1,PCC_DeJager_eQTL
chr7_12,HSDL1,ENSG00000103160,chr7:12232371:G:A,Inh_DeJager_eQTL,0.0198348284719473,1,Inh_DeJager_eQTL
chr7_12,NAGPA,ENSG00000103174,chr7:12232371:G:A,PCC_DeJager_eQTL,0.0198348284719473,1,PCC_DeJager_eQTL
chr7_12,FOXF1,ENSG00000103241,chr7:12232371:G:A,AC_DeJager_eQTL,0.0198348284719473,2,AC_DeJager_eQTL|DLPFC_DeJager_eQTL
chr7_12,SLC7A5,ENSG00000103257,chr7:12232371:G:A,AC_DeJager_eQTL,0.0198348284719473,1,AC_DeJager_eQTL
chr7_12,UBE2I,ENSG00000103275,chr7:12232371:G:A,AC_DeJager_eQTL,0.0198348284719473,2,AC_DeJager_eQTL|PCC_DeJager_eQTL
chr7_12,UBFD1,ENSG00000103353,chr7:12232371:G:A,AC_DeJager_eQTL,0.0198348284719473,1,AC_DeJager_eQTL
chr7_12,EARS2,ENSG00000103356,chr7:12232371:G:A,PCC_DeJager_eQTL,0.0198348284719473,1,PCC_DeJager_eQTL
chr7_12,GGA2,ENSG00000103365,chr7:12232371:G:A,AC_DeJager_eQTL,0.0198348284719473,2,AC_DeJager_eQTL|DLPFC_DeJager_eQTL
chr7_12,DNAJA3,ENSG00000103423,chr7:12232371:G:A,AC_DeJager_eQTL,0.0198348284719473,1,AC_DeJager_eQTL
chr7_12,TOX3,ENSG00000103460,chr7:12232371:G:A,PCC_DeJager_eQTL,0.0198348284719473,1,PCC_DeJager_eQTL
chr7_12,PYCARD,ENSG00000103490,chr7:12232371:G:A,PCC_DeJager_eQTL,0.0198348284719473,1,PCC_DeJager_eQTL
chr7_12,AQP9,ENSG00000103569,chr7:12232371:G:A,DLPFC_DeJager_eQTL,0.0198348284719473,2,DLPFC_DeJager_eQTL|PCC_DeJager_eQTL
chr7_12,HERC1,ENSG00000103657,chr7:12232371:G:A,Inh_DeJager_eQTL,0.0198348284719473,1,Inh_DeJager_eQTL
chr7_12,RASL12,ENSG00000103710,chr7:12232371:G:A,DLPFC_DeJager_eQTL,0.0198348284719473,1,DLPFC_DeJager_eQTL
chr7_12,AP3B2,ENSG00000103723,chr7:12232371:G:A,Exc_DeJager_eQTL,0.0198348284719473,1,Exc_DeJager_eQTL
chr7_12,IGDCC4,ENSG00000103742,chr7:12232371:G:A,DLPFC_DeJager_eQTL,0.0198348284719473,1,DLPFC_DeJager_eQTL
chr7_12,CTSH,ENSG00000103811,chr7:12232371:G:A,DLPFC_DeJager_eQTL,0.0198348284719473,2,DLPFC_DeJager_eQTL|PCC_DeJager_eQTL
chr7_12,CD276,ENSG00000103855,chr7:12232371:G:A,PCC_DeJager_eQTL,0.0198348284719473,1,PCC_DeJager_eQTL
chr7_12,RPAP1,ENSG00000103932,chr7:12232371:G:A,Exc_DeJager_eQTL,0.0198348284719473,1,Exc_DeJager_eQTL
chr7_12,HOMER2,ENSG00000103942,chr7:12232371:G:A,AC_DeJager_eQTL,0.0198348284719473,2,AC_DeJager_eQTL|Exc_DeJager_eQTL
chr7_12,EHD4,ENSG00000103966,chr7:12232371:G:A,AC_DeJager_eQTL,0.0198348284719473,3,AC_DeJager_eQTL|DLPFC_DeJager_eQTL|PCC_DeJager_eQTL
chr7_12,FAM189A1,ENSG00000104059,chr7:12232371:G:A,Exc_DeJager_eQTL,0.0198348284719473,1,Exc_DeJager_eQTL
chr7_12,RHOV,ENSG00000104140,chr7:12232371:G:A,PCC_DeJager_eQTL,0.0198348284719473,1,PCC_DeJager_eQTL
chr7_12,SLC30A4,ENSG00000104154,chr7:12232371:G:A,AC_DeJager_eQTL,0.0198348284719473,1,AC_DeJager_eQTL
chr7_12,BLOC1S6,ENSG00000104164,chr7:12232371:G:A,Inh_DeJager_eQTL,0.0198348284719473,1,Inh_DeJager_eQTL
chr7_12,MYEF2,ENSG00000104177,chr7:12232371:G:A,AC_DeJager_eQTL,0.0198348284719473,2,AC_DeJager_eQTL|PCC_DeJager_eQTL
chr7_12,SGK3,ENSG00000104205,chr7:12232371:G:A,PCC_DeJager_eQTL,0.0198348284719473,1,PCC_DeJager_eQTL
chr7_12,PDGFRL,ENSG00000104213,chr7:12232371:G:A,AC_DeJager_eQTL,0.0198348284719473,1,AC_DeJager_eQTL
chr7_12,BRF2,ENSG00000104221,chr7:12232371:G:A,DLPFC_DeJager_eQTL,0.0198348284719473,1,DLPFC_DeJager_eQTL
chr7_12,ZFAND1,ENSG00000104231,chr7:12232371:G:A,AC_DeJager_eQTL,0.0198348284719473,1,AC_DeJager_eQTL
chr7_12,NBN,ENSG00000104320,chr7:12232371:G:A,AC_DeJager_eQTL,0.0198348284719473,1,AC_DeJager_eQTL
chr7_12,CALB1,ENSG00000104327,chr7:12232371:G:A,Inh_DeJager_eQTL,0.0198348284719473,2,Inh_DeJager_eQTL|PCC_DeJager_eQTL
chr7_12,SFRP1,ENSG00000104332,chr7:12232371:G:A,DLPFC_DeJager_eQTL,0.0198348284719473,1,DLPFC_DeJager_eQTL
chr7_12,LAPTM4B,ENSG00000104341,chr7:12232371:G:A,Exc_DeJager_eQTL,0.0198348284719473,1,Exc_DeJager_eQTL
chr7_12,NIPAL2,ENSG00000104361,chr7:12232371:G:A,PCC_DeJager_eQTL,0.0198348284719473,1,PCC_DeJager_eQTL
chr7_12,IKBKB,ENSG00000104365,chr7:12232371:G:A,AC_DeJager_eQTL,0.0198348284719473,1,AC_DeJager_eQTL
chr7_12,PLAT,ENSG00000104368,chr7:12232371:G:A,DLPFC_DeJager_eQTL,0.0198348284719473,1,DLPFC_DeJager_eQTL
chr7_12,STK3,ENSG00000104375,chr7:12232371:G:A,DLPFC_DeJager_eQTL,0.0198348284719473,1,DLPFC_DeJager_eQTL
chr7_12,EIF3E,ENSG00000104408,chr7:12232371:G:A,Exc_DeJager_eQTL,0.0198348284719473,1,Exc_DeJager_eQTL
chr7_12,ESRP1,ENSG00000104413,chr7:12232371:G:A,DLPFC_DeJager_eQTL,0.0198348284719473,1,DLPFC_DeJager_eQTL
chr7_12,SNX16,ENSG00000104497,chr7:12232371:G:A,PCC_DeJager_eQTL,0.0198348284719473,1,PCC_DeJager_eQTL
chr7_12,SH2D4A,ENSG00000104611,chr7:12232371:G:A,DLPFC_DeJager_eQTL,0.0198348284719473,1,DLPFC_DeJager_eQTL
chr7_12,MTMR9,ENSG00000104643,chr7:12232371:G:A,Inh_DeJager_eQTL,0.0198348284719473,1,Inh_DeJager_eQTL
chr7_12,LEPROTL1,ENSG00000104660,chr7:12232371:G:A,Inh_DeJager_eQTL,0.0198348284719473,1,Inh_DeJager_eQTL
chr7_12,TNFRSF10A,ENSG00000104689,chr7:12232371:G:A,DLPFC_DeJager_eQTL,0.0198348284719473,1,DLPFC_DeJager_eQTL
chr7_12,ARHGEF10,ENSG00000104728,chr7:12232371:G:A,DLPFC_DeJager_eQTL,0.0198348284719473,1,DLPFC_DeJager_eQTL
chr7_12,MCM4,ENSG00000104738,chr7:12232371:G:A,Inh_DeJager_eQTL,0.0198348284719473,1,Inh_DeJager_eQTL
chr7_12,ASAH1,ENSG00000104763,chr7:12232371:G:A,Exc_DeJager_eQTL,0.0198348284719473,1,Exc_DeJager_eQTL
chr7_12,MAN2B1,ENSG00000104774,chr7:12232371:G:A,Exc_DeJager_eQTL,0.0198348284719473,1,Exc_DeJager_eQTL
chr7_12,MAP4K1,ENSG00000104814,chr7:12232371:G:A,PCC_DeJager_eQTL,0.0198348284719473,1,PCC_DeJager_eQTL
chr7_12,HNRNPL,ENSG00000104824,chr7:12232371:G:A,Exc_DeJager_eQTL,0.0198348284719473,1,Exc_DeJager_eQTL
chr7_12,PPP1R13L,ENSG00000104881,chr7:12232371:G:A,AC_DeJager_eQTL,0.0198348284719473,2,AC_DeJager_eQTL|PCC_DeJager_eQTL
chr7_12,CCDC130,ENSG00000104957,chr7:12232371:G:A,PCC_DeJager_eQTL,0.0198348284719473,1,PCC_DeJager_eQTL
chr7_12,TLE5,ENSG00000104964,chr7:12232371:G:A,AC_DeJager_eQTL,0.0198348284719473,1,AC_DeJager_eQTL
chr7_12,LILRB1,ENSG00000104972,chr7:12232371:G:A,AC_DeJager_eQTL,0.0198348284719473,2,AC_DeJager_eQTL|DLPFC_DeJager_eQTL
chr7_12,LILRA1,ENSG00000104974,chr7:12232371:G:A,DLPFC_DeJager_eQTL,0.0198348284719473,1,DLPFC_DeJager_eQTL
chr7_12,CCDC61,ENSG00000104983,chr7:12232371:G:A,AC_DeJager_eQTL,0.0198348284719473,2,AC_DeJager_eQTL|PCC_DeJager_eQTL
chr7_12,ASF1B,ENSG00000105011,chr7:12232371:G:A,DLPFC_DeJager_eQTL,0.0198348284719473,1,DLPFC_DeJager_eQTL
chr7_12,AKT2,ENSG00000105221,chr7:12232371:G:A,Exc_DeJager_eQTL,0.0198348284719473,1,Exc_DeJager_eQTL
chr7_12,PRKD2,ENSG00000105287,chr7:12232371:G:A,AC_DeJager_eQTL,0.0198348284719473,1,AC_DeJager_eQTL
chr7_12,CCDC9,ENSG00000105321,chr7:12232371:G:A,AC_DeJager_eQTL,0.0198348284719473,1,AC_DeJager_eQTL
chr7_12,HNRNPUL1,ENSG00000105323,chr7:12232371:G:A,AC_DeJager_eQTL,0.0198348284719473,1,AC_DeJager_eQTL
chr7_12,DMAC2,ENSG00000105341,chr7:12232371:G:A,Exc_DeJager_eQTL,0.0198348284719473,1,Exc_DeJager_eQTL
chr7_12,MYH14,ENSG00000105357,chr7:12232371:G:A,AC_DeJager_eQTL,0.0198348284719473,1,AC_DeJager_eQTL
chr7_12,SIGLEC8,ENSG00000105366,chr7:12232371:G:A,DLPFC_DeJager_eQTL,0.0198348284719473,1,DLPFC_DeJager_eQTL
chr7_12,MEGF8,ENSG00000105429,chr7:12232371:G:A,Inh_DeJager_eQTL,0.0198348284719473,1,Inh_DeJager_eQTL
chr7_12,KDELR1,ENSG00000105438,chr7:12232371:G:A,Inh_DeJager_eQTL,0.0198348284719473,1,Inh_DeJager_eQTL
chr7_12,CYTH2,ENSG00000105443,chr7:12232371:G:A,PCC_DeJager_eQTL,0.0198348284719473,1,PCC_DeJager_eQTL
chr7_12,CCDC114,ENSG00000105479,chr7:12232371:G:A,PCC_DeJager_eQTL,0.0198348284719473,1,PCC_DeJager_eQTL
chr7_12,RAB3D,ENSG00000105514,chr7:12232371:G:A,AC_DeJager_eQTL,0.0198348284719473,1,AC_DeJager_eQTL
chr7_12,PLPPR2,ENSG00000105520,chr7:12232371:G:A,PCC_DeJager_eQTL,0.0198348284719473,1,PCC_DeJager_eQTL
chr7_12,TNPO2,ENSG00000105576,chr7:12232371:G:A,PCC_DeJager_eQTL,0.0198348284719473,1,PCC_DeJager_eQTL
chr7_12,LILRB5,ENSG00000105609,chr7:12232371:G:A,DLPFC_DeJager_eQTL,0.0198348284719473,1,DLPFC_DeJager_eQTL
chr7_12,TFPT,ENSG00000105619,chr7:12232371:G:A,Exc_DeJager_eQTL,0.0198348284719473,1,Exc_DeJager_eQTL
chr7_12,HPN,ENSG00000105707,chr7:12232371:G:A,PCC_DeJager_eQTL,0.0198348284719473,1,PCC_DeJager_eQTL
chr7_12,SCN1B,ENSG00000105711,chr7:12232371:G:A,AC_DeJager_eQTL,0.0198348284719473,1,AC_DeJager_eQTL
chr7_12,PBX4,ENSG00000105717,chr7:12232371:G:A,Exc_DeJager_eQTL,0.0198348284719473,1,Exc_DeJager_eQTL
chr7_12,SLC1A1,ENSG00000106688,chr7:12232371:G:A,AC_DeJager_eQTL,0.0198348284719473,2,AC_DeJager_eQTL|PCC_DeJager_eQTL
chr7_12,C5,ENSG00000106804,chr7:12232371:G:A,DLPFC_DeJager_eQTL,0.0198348284719473,1,DLPFC_DeJager_eQTL
chr7_12,ECM2,ENSG00000106823,chr7:12232371:G:A,DLPFC_DeJager_eQTL,0.0198348284719473,1,DLPFC_DeJager_eQTL
chr7_12,TNFSF8,ENSG00000106952,chr7:12232371:G:A,DLPFC_DeJager_eQTL,0.0198348284719473,1,DLPFC_DeJager_eQTL
chr7_12,ENG,ENSG00000106991,chr7:12232371:G:A,AC_DeJager_eQTL,0.0198348284719473,2,AC_DeJager_eQTL|PCC_DeJager_eQTL
chr7_12,KDM4C,ENSG00000107077,chr7:12232371:G:A,Inh_DeJager_eQTL,0.0198348284719473,1,Inh_DeJager_eQTL
chr7_12,PTGDS,ENSG00000107317,chr7:12232371:G:A,AC_DeJager_eQTL,0.0198348284719473,1,AC_DeJager_eQTL
chr7_12,SHB,ENSG00000107338,chr7:12232371:G:A,DLPFC_DeJager_eQTL,0.0198348284719473,1,DLPFC_DeJager_eQTL
chr7_12,ERLIN1,ENSG00000107566,chr7:12232371:G:A,AC_DeJager_eQTL,0.0198348284719473,1,AC_DeJager_eQTL
chr7_12,PLEKHA1,ENSG00000107679,chr7:12232371:G:A,DLPFC_DeJager_eQTL,0.0198348284719473,2,DLPFC_DeJager_eQTL|PCC_DeJager_eQTL
chr7_12,UNC5B,ENSG00000107731,chr7:12232371:G:A,PCC_DeJager_eQTL,0.0198348284719473,1,PCC_DeJager_eQTL
chr7_12,CDH23,ENSG00000107736,chr7:12232371:G:A,DLPFC_DeJager_eQTL,0.0198348284719473,2,DLPFC_DeJager_eQTL|PCC_DeJager_eQTL
chr7_12,SPOCK2,ENSG00000107742,chr7:12232371:G:A,Inh_DeJager_eQTL,0.0198348284719473,1,Inh_DeJager_eQTL
chr7_12,ACTA2,ENSG00000107796,chr7:12232371:G:A,DLPFC_DeJager_eQTL,0.0198348284719473,1,DLPFC_DeJager_eQTL
chr7_12,SFXN3,ENSG00000107819,chr7:12232371:G:A,AC_DeJager_eQTL,0.0198348284719473,4,AC_DeJager_eQTL|DLPFC_DeJager_eQTL|Exc_DeJager_eQTL|PCC_DeJager_eQTL
chr7_12,CUEDC2,ENSG00000107874,chr7:12232371:G:A,Inh_DeJager_eQTL,0.0198348284719473,1,Inh_DeJager_eQTL
chr7_12,MAP3K8,ENSG00000107968,chr7:12232371:G:A,DLPFC_DeJager_eQTL,0.0198348284719473,1,DLPFC_DeJager_eQTL
chr7_12,SORCS1,ENSG00000108018,chr7:12232371:G:A,Exc_DeJager_eQTL,0.0198348284719473,1,Exc_DeJager_eQTL
chr7_12,TASOR2,ENSG00000108021,chr7:12232371:G:A,Exc_DeJager_eQTL,0.0198348284719473,1,Exc_DeJager_eQTL
chr7_12,PBLD,ENSG00000108187,chr7:12232371:G:A,DLPFC_DeJager_eQTL,0.0198348284719473,1,DLPFC_DeJager_eQTL
chr7_12,RUNDC3A,ENSG00000108309,chr7:12232371:G:A,PCC_DeJager_eQTL,0.0198348284719473,1,PCC_DeJager_eQTL
chr7_12,AC004687.2,ENSG00000108375,chr7:12232371:G:A,DLPFC_DeJager_eQTL,0.0198348284719473,2,DLPFC_DeJager_eQTL|PCC_DeJager_eQTL
chr7_12,WNT3,ENSG00000108379,chr7:12232371:G:A,AC_DeJager_eQTL,0.0198348284719473,1,AC_DeJager_eQTL
chr7_12,ASPA,ENSG00000108381,chr7:12232371:G:A,DLPFC_DeJager_eQTL,0.0198348284719473,1,DLPFC_DeJager_eQTL
chr7_12,KPNB1,ENSG00000108424,chr7:12232371:G:A,Exc_DeJager_eQTL,0.0198348284719473,2,Exc_DeJager_eQTL|Inh_DeJager_eQTL
chr7_12,RPS6KB1,ENSG00000108443,chr7:12232371:G:A,Inh_DeJager_eQTL,0.0198348284719473,1,Inh_DeJager_eQTL
chr7_12,GALK1,ENSG00000108479,chr7:12232371:G:A,PCC_DeJager_eQTL,0.0198348284719473,1,PCC_DeJager_eQTL
chr7_12,BLMH,ENSG00000108578,chr7:12232371:G:A,AC_DeJager_eQTL,0.0198348284719473,1,AC_DeJager_eQTL
chr7_12,AKAP10,ENSG00000108599,chr7:12232371:G:A,PCC_DeJager_eQTL,0.0198348284719473,1,PCC_DeJager_eQTL
chr7_12,SMARCD2,ENSG00000108604,chr7:12232371:G:A,AC_DeJager_eQTL,0.0198348284719473,1,AC_DeJager_eQTL
chr7_12,ASIC2,ENSG00000108684,chr7:12232371:G:A,Exc_DeJager_eQTL,0.0198348284719473,1,Exc_DeJager_eQTL
chr7_12,NAGLU,ENSG00000108784,chr7:12232371:G:A,PCC_DeJager_eQTL,0.0198348284719473,1,PCC_DeJager_eQTL
chr7_12,LRRC59,ENSG00000108829,chr7:12232371:G:A,Inh_DeJager_eQTL,0.0198348284719473,1,Inh_DeJager_eQTL
chr7_12,ABCC3,ENSG00000108846,chr7:12232371:G:A,PCC_DeJager_eQTL,0.0198348284719473,1,PCC_DeJager_eQTL
chr7_12,SMURF2,ENSG00000108854,chr7:12232371:G:A,DLPFC_DeJager_eQTL,0.0198348284719473,1,DLPFC_DeJager_eQTL
chr7_12,DUSP3,ENSG00000108861,chr7:12232371:G:A,AC_DeJager_eQTL,0.0198348284719473,1,AC_DeJager_eQTL
chr7_12,HLF,ENSG00000108924,chr7:12232371:G:A,Exc_DeJager_eQTL,0.0198348284719473,1,Exc_DeJager_eQTL
chr7_12,EFNB3,ENSG00000108947,chr7:12232371:G:A,Exc_DeJager_eQTL,0.0198348284719473,1,Exc_DeJager_eQTL
chr7_12,WSB1,ENSG00000109046,chr7:12232371:G:A,PCC_DeJager_eQTL,0.0198348284719473,1,PCC_DeJager_eQTL
chr7_12,SLC9A3R1,ENSG00000109062,chr7:12232371:G:A,PCC_DeJager_eQTL,0.0198348284719473,1,PCC_DeJager_eQTL
chr7_12,MYH3,ENSG00000109063,chr7:12232371:G:A,PCC_DeJager_eQTL,0.0198348284719473,1,PCC_DeJager_eQTL
chr7_12,TMEM104,ENSG00000109066,chr7:12232371:G:A,AC_DeJager_eQTL,0.0198348284719473,1,AC_DeJager_eQTL
chr7_12,TNFAIP1,ENSG00000109079,chr7:12232371:G:A,Exc_DeJager_eQTL,0.0198348284719473,1,Exc_DeJager_eQTL
chr7_12,MANBA,ENSG00000109323,chr7:12232371:G:A,Exc_DeJager_eQTL,0.0198348284719473,2,Exc_DeJager_eQTL|PCC_DeJager_eQTL
chr7_12,MAPK10,ENSG00000109339,chr7:12232371:G:A,AC_DeJager_eQTL,0.0198348284719473,1,AC_DeJager_eQTL
chr7_12,GRPEL1,ENSG00000109519,chr7:12232371:G:A,Inh_DeJager_eQTL,0.0198348284719473,1,Inh_DeJager_eQTL
chr7_12,CLCN3,ENSG00000109572,chr7:12232371:G:A,Inh_DeJager_eQTL,0.0198348284719473,1,Inh_DeJager_eQTL
chr7_12,SOD3,ENSG00000109610,chr7:12232371:G:A,PCC_DeJager_eQTL,0.0198348284719473,1,PCC_DeJager_eQTL
chr7_12,SLC2A9,ENSG00000109667,chr7:12232371:G:A,AC_DeJager_eQTL,0.0198348284719473,2,AC_DeJager_eQTL|DLPFC_DeJager_eQTL
chr7_12,SH3D19,ENSG00000109686,chr7:12232371:G:A,AC_DeJager_eQTL,0.0198348284719473,2,AC_DeJager_eQTL|Inh_DeJager_eQTL
chr7_12,BST1,ENSG00000109743,chr7:12232371:G:A,DLPFC_DeJager_eQTL,0.0198348284719473,1,DLPFC_DeJager_eQTL
chr7_12,UFSP2,ENSG00000109775,chr7:12232371:G:A,Exc_DeJager_eQTL,0.0198348284719473,1,Exc_DeJager_eQTL
chr7_12,CRYAB,ENSG00000109846,chr7:12232371:G:A,DLPFC_DeJager_eQTL,0.0198348284719473,1,DLPFC_DeJager_eQTL
chr7_12,ZPR1,ENSG00000109917,chr7:12232371:G:A,AC_DeJager_eQTL,0.0198348284719473,1,AC_DeJager_eQTL
chr7_12,FNBP4,ENSG00000109920,chr7:12232371:G:A,AC_DeJager_eQTL,0.0198348284719473,1,AC_DeJager_eQTL
chr7_12,JHY,ENSG00000109944,chr7:12232371:G:A,PCC_DeJager_eQTL,0.0198348284719473,1,PCC_DeJager_eQTL
chr7_12,VWA5A,ENSG00000110002,chr7:12232371:G:A,AC_DeJager_eQTL,0.0198348284719473,2,AC_DeJager_eQTL|DLPFC_DeJager_eQTL
chr7_12,DTX4,ENSG00000110042,chr7:12232371:G:A,PCC_DeJager_eQTL,0.0198348284719473,1,PCC_DeJager_eQTL
chr7_12,UNC93B1,ENSG00000110057,chr7:12232371:G:A,PCC_DeJager_eQTL,0.0198348284719473,1,PCC_DeJager_eQTL
chr7_12,DCPS,ENSG00000110063,chr7:12232371:G:A,AC_DeJager_eQTL,0.0198348284719473,1,AC_DeJager_eQTL
chr7_12,CPT1A,ENSG00000110090,chr7:12232371:G:A,DLPFC_DeJager_eQTL,0.0198348284719473,1,DLPFC_DeJager_eQTL
chr7_12,CCND1,ENSG00000110092,chr7:12232371:G:A,DLPFC_DeJager_eQTL,0.0198348284719473,2,DLPFC_DeJager_eQTL|PCC_DeJager_eQTL
chr7_12,CCKBR,ENSG00000110148,chr7:12232371:G:A,Exc_DeJager_eQTL,0.0198348284719473,1,Exc_DeJager_eQTL
chr7_12,PANX1,ENSG00000110218,chr7:12232371:G:A,Exc_DeJager_eQTL,0.0198348284719473,1,Exc_DeJager_eQTL
chr7_12,ARHGEF17,ENSG00000110237,chr7:12232371:G:A,Exc_DeJager_eQTL,0.0198348284719473,1,Exc_DeJager_eQTL
chr7_12,CEP164,ENSG00000110274,chr7:12232371:G:A,AC_DeJager_eQTL,0.0198348284719473,1,AC_DeJager_eQTL
chr7_12,UBE4A,ENSG00000110344,chr7:12232371:G:A,Exc_DeJager_eQTL,0.0198348284719473,1,Exc_DeJager_eQTL
chr7_12,CD5,ENSG00000110448,chr7:12232371:G:A,DLPFC_DeJager_eQTL,0.0198348284719473,1,DLPFC_DeJager_eQTL
chr7_12,MADD,ENSG00000110514,chr7:12232371:G:A,Exc_DeJager_eQTL,0.0198348284719473,1,Exc_DeJager_eQTL
chr7_12,SLC35F2,ENSG00000110660,chr7:12232371:G:A,PCC_DeJager_eQTL,0.0198348284719473,1,PCC_DeJager_eQTL
chr7_12,AIP,ENSG00000110711,chr7:12232371:G:A,Inh_DeJager_eQTL,0.0198348284719473,1,Inh_DeJager_eQTL
chr7_12,NUP98,ENSG00000110713,chr7:12232371:G:A,AC_DeJager_eQTL,0.0198348284719473,2,AC_DeJager_eQTL|Exc_DeJager_eQTL
chr7_12,HPS5,ENSG00000110756,chr7:12232371:G:A,PCC_DeJager_eQTL,0.0198348284719473,1,PCC_DeJager_eQTL
chr7_12,VWF,ENSG00000110799,chr7:12232371:G:A,DLPFC_DeJager_eQTL,0.0198348284719473,1,DLPFC_DeJager_eQTL
chr7_12,PPFIBP1,ENSG00000110841,chr7:12232371:G:A,AC_DeJager_eQTL,0.0198348284719473,1,AC_DeJager_eQTL
chr7_12,CLEC2B,ENSG00000110852,chr7:12232371:G:A,DLPFC_DeJager_eQTL,0.0198348284719473,1,DLPFC_DeJager_eQTL
chr7_12,CAPRIN2,ENSG00000110888,chr7:12232371:G:A,Inh_DeJager_eQTL,0.0198348284719473,1,Inh_DeJager_eQTL
chr7_12,KCTD10,ENSG00000110906,chr7:12232371:G:A,Exc_DeJager_eQTL,0.0198348284719473,1,Exc_DeJager_eQTL
chr7_12,CAMKK2,ENSG00000110931,chr7:12232371:G:A,DLPFC_DeJager_eQTL,0.0198348284719473,1,DLPFC_DeJager_eQTL
chr7_12,TNS2,ENSG00000111077,chr7:12232371:G:A,AC_DeJager_eQTL,0.0198348284719473,1,AC_DeJager_eQTL
chr7_12,WNT5B,ENSG00000111186,chr7:12232371:G:A,AC_DeJager_eQTL,0.0198348284719473,2,AC_DeJager_eQTL|PCC_DeJager_eQTL
chr7_12,TRPV4,ENSG00000111199,chr7:12232371:G:A,PCC_DeJager_eQTL,0.0198348284719473,1,PCC_DeJager_eQTL
chr7_12,FOXM1,ENSG00000111206,chr7:12232371:G:A,DLPFC_DeJager_eQTL,0.0198348284719473,1,DLPFC_DeJager_eQTL
chr7_12,GPN3,ENSG00000111231,chr7:12232371:G:A,Exc_DeJager_eQTL,0.0198348284719473,1,Exc_DeJager_eQTL
chr7_12,AKAP3,ENSG00000111254,chr7:12232371:G:A,DLPFC_DeJager_eQTL,0.0198348284719473,1,DLPFC_DeJager_eQTL
chr7_12,MANSC1,ENSG00000111261,chr7:12232371:G:A,Exc_DeJager_eQTL,0.0198348284719473,1,Exc_DeJager_eQTL
chr7_12,DUSP16,ENSG00000111266,chr7:12232371:G:A,DLPFC_DeJager_eQTL,0.0198348284719473,1,DLPFC_DeJager_eQTL
chr7_12,OAS3,ENSG00000111331,chr7:12232371:G:A,DLPFC_DeJager_eQTL,0.0198348284719473,1,DLPFC_DeJager_eQTL
chr7_12,SLC38A1,ENSG00000111371,chr7:12232371:G:A,AC_DeJager_eQTL,0.0198348284719473,1,AC_DeJager_eQTL
chr7_12,FZD10,ENSG00000111432,chr7:12232371:G:A,PCC_DeJager_eQTL,0.0198348284719473,1,PCC_DeJager_eQTL
chr7_12,CAND1,ENSG00000111530,chr7:12232371:G:A,AC_DeJager_eQTL,0.0198348284719473,1,AC_DeJager_eQTL
chr7_12,KRR1,ENSG00000111615,chr7:12232371:G:A,AC_DeJager_eQTL,0.0198348284719473,1,AC_DeJager_eQTL
chr7_12,ACRBP,ENSG00000111644,chr7:12232371:G:A,AC_DeJager_eQTL,0.0198348284719473,1,AC_DeJager_eQTL
chr7_12,GNPTAB,ENSG00000111670,chr7:12232371:G:A,PCC_DeJager_eQTL,0.0198348284719473,1,PCC_DeJager_eQTL
chr7_12,C2CD5,ENSG00000111731,chr7:12232371:G:A,AC_DeJager_eQTL,0.0198348284719473,1,AC_DeJager_eQTL
chr7_12,RIC8B,ENSG00000111785,chr7:12232371:G:A,PCC_DeJager_eQTL,0.0198348284719473,1,PCC_DeJager_eQTL
chr7_12,SRSF9,ENSG00000111786,chr7:12232371:G:A,Inh_DeJager_eQTL,0.0198348284719473,1,Inh_DeJager_eQTL
chr7_12,CEP85L,ENSG00000111860,chr7:12232371:G:A,Exc_DeJager_eQTL,0.0198348284719473,1,Exc_DeJager_eQTL
chr7_12,MAN1A1,ENSG00000111885,chr7:12232371:G:A,PCC_DeJager_eQTL,0.0198348284719473,1,PCC_DeJager_eQTL
chr7_12,NCOA7,ENSG00000111912,chr7:12232371:G:A,Exc_DeJager_eQTL,0.0198348284719473,2,Exc_DeJager_eQTL|Inh_DeJager_eQTL
chr7_12,UST,ENSG00000111962,chr7:12232371:G:A,AC_DeJager_eQTL,0.0198348284719473,1,AC_DeJager_eQTL
chr7_12,MTRF1L,ENSG00000112031,chr7:12232371:G:A,Exc_DeJager_eQTL,0.0198348284719473,1,Exc_DeJager_eQTL
chr7_12,PPARD,ENSG00000112033,chr7:12232371:G:A,Exc_DeJager_eQTL,0.0198348284719473,1,Exc_DeJager_eQTL
chr7_12,MAPK14,ENSG00000112062,chr7:12232371:G:A,AC_DeJager_eQTL,0.0198348284719473,2,AC_DeJager_eQTL|PCC_DeJager_eQTL
chr7_12,MCM3,ENSG00000112118,chr7:12232371:G:A,Exc_DeJager_eQTL,0.0198348284719473,1,Exc_DeJager_eQTL
chr7_12,RNF8,ENSG00000112130,chr7:12232371:G:A,Exc_DeJager_eQTL,0.0198348284719473,1,Exc_DeJager_eQTL
chr7_12,CILK1,ENSG00000112144,chr7:12232371:G:A,AC_DeJager_eQTL,0.0198348284719473,1,AC_DeJager_eQTL
chr7_12,CD83,ENSG00000112149,chr7:12232371:G:A,Exc_DeJager_eQTL,0.0198348284719473,1,Exc_DeJager_eQTL
chr7_12,RBM24,ENSG00000112183,chr7:12232371:G:A,AC_DeJager_eQTL,0.0198348284719473,2,AC_DeJager_eQTL|PCC_DeJager_eQTL
chr7_12,RAB23,ENSG00000112210,chr7:12232371:G:A,PCC_DeJager_eQTL,0.0198348284719473,1,PCC_DeJager_eQTL
chr7_12,FHL5,ENSG00000112214,chr7:12232371:G:A,DLPFC_DeJager_eQTL,0.0198348284719473,1,DLPFC_DeJager_eQTL
chr7_12,E2F3,ENSG00000112242,chr7:12232371:G:A,PCC_DeJager_eQTL,0.0198348284719473,1,PCC_DeJager_eQTL
chr7_12,CRYBG1,ENSG00000112297,chr7:12232371:G:A,AC_DeJager_eQTL,0.0198348284719473,2,AC_DeJager_eQTL|DLPFC_DeJager_eQTL
chr7_12,SOBP,ENSG00000112320,chr7:12232371:G:A,PCC_DeJager_eQTL,0.0198348284719473,1,PCC_DeJager_eQTL
chr7_12,ZBTB24,ENSG00000112365,chr7:12232371:G:A,Exc_DeJager_eQTL,0.0198348284719473,1,Exc_DeJager_eQTL
chr7_12,PACRG,ENSG00000112530,chr7:12232371:G:A,Exc_DeJager_eQTL,0.0198348284719473,1,Exc_DeJager_eQTL
chr7_12,PTK7,ENSG00000112655,chr7:12232371:G:A,Exc_DeJager_eQTL,0.0198348284719473,1,Exc_DeJager_eQTL
chr7_12,CUL9,ENSG00000112659,chr7:12232371:G:A,Exc_DeJager_eQTL,0.0198348284719473,1,Exc_DeJager_eQTL
chr7_12,DUSP22,ENSG00000112679,chr7:12232371:G:A,Exc_DeJager_eQTL,0.0198348284719473,2,Exc_DeJager_eQTL|PCC_DeJager_eQTL
chr7_12,SLC29A1,ENSG00000112759,chr7:12232371:G:A,DLPFC_DeJager_eQTL,0.0198348284719473,1,DLPFC_DeJager_eQTL
chr7_12,LAMA4,ENSG00000112769,chr7:12232371:G:A,AC_DeJager_eQTL,0.0198348284719473,3,AC_DeJager_eQTL|DLPFC_DeJager_eQTL|PCC_DeJager_eQTL
chr7_12,TENT5A,ENSG00000112773,chr7:12232371:G:A,DLPFC_DeJager_eQTL,0.0198348284719473,1,DLPFC_DeJager_eQTL
chr7_12,ENPP5,ENSG00000112796,chr7:12232371:G:A,Exc_DeJager_eQTL,0.0198348284719473,1,Exc_DeJager_eQTL
chr7_12,LY86,ENSG00000112799,chr7:12232371:G:A,DLPFC_DeJager_eQTL,0.0198348284719473,1,DLPFC_DeJager_eQTL
chr7_12,MAN2A1,ENSG00000112893,chr7:12232371:G:A,Exc_DeJager_eQTL,0.0198348284719473,1,Exc_DeJager_eQTL
chr7_12,SEMA5A,ENSG00000112902,chr7:12232371:G:A,DLPFC_DeJager_eQTL,0.0198348284719473,1,DLPFC_DeJager_eQTL
chr7_12,C7,ENSG00000112936,chr7:12232371:G:A,DLPFC_DeJager_eQTL,0.0198348284719473,1,DLPFC_DeJager_eQTL
chr7_12,BRD8,ENSG00000112983,chr7:12232371:G:A,Exc_DeJager_eQTL,0.0198348284719473,1,Exc_DeJager_eQTL
chr7_12,MRPS27,ENSG00000113048,chr7:12232371:G:A,DLPFC_DeJager_eQTL,0.0198348284719473,1,DLPFC_DeJager_eQTL
chr7_12,SPARC,ENSG00000113140,chr7:12232371:G:A,DLPFC_DeJager_eQTL,0.0198348284719473,1,DLPFC_DeJager_eQTL
chr7_12,PCDHB5,ENSG00000113209,chr7:12232371:G:A,DLPFC_DeJager_eQTL,0.0198348284719473,1,DLPFC_DeJager_eQTL
chr7_12,PCDHB7,ENSG00000113212,chr7:12232371:G:A,AC_DeJager_eQTL,0.0198348284719473,1,AC_DeJager_eQTL
chr7_12,PDE8B,ENSG00000113231,chr7:12232371:G:A,PCC_DeJager_eQTL,0.0198348284719473,1,PCC_DeJager_eQTL
chr7_12,RNF130,ENSG00000113269,chr7:12232371:G:A,PCC_DeJager_eQTL,0.0198348284719473,1,PCC_DeJager_eQTL
chr7_12,THBS4,ENSG00000113296,chr7:12232371:G:A,DLPFC_DeJager_eQTL,0.0198348284719473,1,DLPFC_DeJager_eQTL
chr7_12,CNOT6,ENSG00000113300,chr7:12232371:G:A,AC_DeJager_eQTL,0.0198348284719473,1,AC_DeJager_eQTL
chr7_12,TTC1,ENSG00000113312,chr7:12232371:G:A,Exc_DeJager_eQTL,0.0198348284719473,1,Exc_DeJager_eQTL
chr7_12,CCNG1,ENSG00000113328,chr7:12232371:G:A,Exc_DeJager_eQTL,0.0198348284719473,1,Exc_DeJager_eQTL
chr7_12,LMNB1,ENSG00000113368,chr7:12232371:G:A,Exc_DeJager_eQTL,0.0198348284719473,1,Exc_DeJager_eQTL
chr7_12,NPR3,ENSG00000113389,chr7:12232371:G:A,DLPFC_DeJager_eQTL,0.0198348284719473,2,DLPFC_DeJager_eQTL|PCC_DeJager_eQTL
chr7_12,RAD1,ENSG00000113456,chr7:12232371:G:A,Exc_DeJager_eQTL,0.0198348284719473,1,Exc_DeJager_eQTL
chr7_12,SLC12A7,ENSG00000113504,chr7:12232371:G:A,AC_DeJager_eQTL,0.0198348284719473,1,AC_DeJager_eQTL
chr7_12,TCERG1,ENSG00000113649,chr7:12232371:G:A,Inh_DeJager_eQTL,0.0198348284719473,1,Inh_DeJager_eQTL
chr7_12,PDGFRB,ENSG00000113721,chr7:12232371:G:A,AC_DeJager_eQTL,0.0198348284719473,1,AC_DeJager_eQTL
chr7_12,HRH2,ENSG00000113749,chr7:12232371:G:A,DLPFC_DeJager_eQTL,0.0198348284719473,1,DLPFC_DeJager_eQTL
chr7_12,EHHADH,ENSG00000113790,chr7:12232371:G:A,DLPFC_DeJager_eQTL,0.0198348284719473,1,DLPFC_DeJager_eQTL
chr7_12,SMC4,ENSG00000113810,chr7:12232371:G:A,DLPFC_DeJager_eQTL,0.0198348284719473,1,DLPFC_DeJager_eQTL
chr7_12,UBE3A,ENSG00000114062,chr7:12232371:G:A,AC_DeJager_eQTL,0.0198348284719473,1,AC_DeJager_eQTL
chr7_12,BCHE,ENSG00000114200,chr7:12232371:G:A,DLPFC_DeJager_eQTL,0.0198348284719473,1,DLPFC_DeJager_eQTL
chr7_12,PRKAR2A,ENSG00000114302,chr7:12232371:G:A,AC_DeJager_eQTL,0.0198348284719473,1,AC_DeJager_eQTL
chr7_12,HES1,ENSG00000114315,chr7:12232371:G:A,DLPFC_DeJager_eQTL,0.0198348284719473,1,DLPFC_DeJager_eQTL
chr7_12,USP4,ENSG00000114316,chr7:12232371:G:A,DLPFC_DeJager_eQTL,0.0198348284719473,1,DLPFC_DeJager_eQTL
chr7_12,GNB4,ENSG00000114450,chr7:12232371:G:A,DLPFC_DeJager_eQTL,0.0198348284719473,1,DLPFC_DeJager_eQTL
chr7_12,NCBP2,ENSG00000114503,chr7:12232371:G:A,Inh_DeJager_eQTL,0.0198348284719473,1,Inh_DeJager_eQTL
chr7_12,FRMD4B,ENSG00000114541,chr7:12232371:G:A,Inh_DeJager_eQTL,0.0198348284719473,1,Inh_DeJager_eQTL
chr7_12,ABTB1,ENSG00000114626,chr7:12232371:G:A,PCC_DeJager_eQTL,0.0198348284719473,1,PCC_DeJager_eQTL
chr7_12,COMMD2,ENSG00000114744,chr7:12232371:G:A,Exc_DeJager_eQTL,0.0198348284719473,1,Exc_DeJager_eQTL
chr7_12,ABHD14B,ENSG00000114779,chr7:12232371:G:A,PCC_DeJager_eQTL,0.0198348284719473,1,PCC_DeJager_eQTL
chr7_12,SSR3,ENSG00000114850,chr7:12232371:G:A,DLPFC_DeJager_eQTL,0.0198348284719473,2,DLPFC_DeJager_eQTL|Inh_DeJager_eQTL
chr7_12,NKTR,ENSG00000114857,chr7:12232371:G:A,Inh_DeJager_eQTL,0.0198348284719473,1,Inh_DeJager_eQTL
chr7_12,CLCN2,ENSG00000114859,chr7:12232371:G:A,AC_DeJager_eQTL,0.0198348284719473,3,AC_DeJager_eQTL|Exc_DeJager_eQTL|PCC_DeJager_eQTL
chr7_12,FOXP1,ENSG00000114861,chr7:12232371:G:A,Exc_DeJager_eQTL,0.0198348284719473,2,Exc_DeJager_eQTL|PCC_DeJager_eQTL
chr7_12,TTL,ENSG00000114999,chr7:12232371:G:A,AC_DeJager_eQTL,0.0198348284719473,2,AC_DeJager_eQTL|PCC_DeJager_eQTL
chr7_12,EPB41L5,ENSG00000115109,chr7:12232371:G:A,PCC_DeJager_eQTL,0.0198348284719473,1,PCC_DeJager_eQTL
chr7_12,CYTIP,ENSG00000115165,chr7:12232371:G:A,DLPFC_DeJager_eQTL,0.0198348284719473,1,DLPFC_DeJager_eQTL
chr7_12,TANC1,ENSG00000115183,chr7:12232371:G:A,PCC_DeJager_eQTL,0.0198348284719473,1,PCC_DeJager_eQTL
chr7_12,GRB14,ENSG00000115290,chr7:12232371:G:A,PCC_DeJager_eQTL,0.0198348284719473,1,PCC_DeJager_eQTL
chr7_12,LOXL3,ENSG00000115318,chr7:12232371:G:A,DLPFC_DeJager_eQTL,0.0198348284719473,1,DLPFC_DeJager_eQTL
chr7_12,CCDC88A,ENSG00000115355,chr7:12232371:G:A,AC_DeJager_eQTL,0.0198348284719473,1,AC_DeJager_eQTL
chr7_12,EVA1A,ENSG00000115363,chr7:12232371:G:A,AC_DeJager_eQTL,0.0198348284719473,1,AC_DeJager_eQTL
chr7_12,FN1,ENSG00000115414,chr7:12232371:G:A,PCC_DeJager_eQTL,0.0198348284719473,1,PCC_DeJager_eQTL
chr7_12,STAT1,ENSG00000115415,chr7:12232371:G:A,Exc_DeJager_eQTL,0.0198348284719473,1,Exc_DeJager_eQTL
chr7_12,IGFBP5,ENSG00000115461,chr7:12232371:G:A,Exc_DeJager_eQTL,0.0198348284719473,1,Exc_DeJager_eQTL
chr7_12,EFHD1,ENSG00000115468,chr7:12232371:G:A,PCC_DeJager_eQTL,0.0198348284719473,1,PCC_DeJager_eQTL
chr7_12,OTX1,ENSG00000115507,chr7:12232371:G:A,PCC_DeJager_eQTL,0.0198348284719473,1,PCC_DeJager_eQTL
chr7_12,IL1R1,ENSG00000115594,chr7:12232371:G:A,DLPFC_DeJager_eQTL,0.0198348284719473,1,DLPFC_DeJager_eQTL
chr7_12,IL1RL2,ENSG00000115598,chr7:12232371:G:A,DLPFC_DeJager_eQTL,0.0198348284719473,1,DLPFC_DeJager_eQTL
chr7_12,PROC,ENSG00000115718,chr7:12232371:G:A,AC_DeJager_eQTL,0.0198348284719473,1,AC_DeJager_eQTL
chr7_12,PRKD3,ENSG00000115825,chr7:12232371:G:A,AC_DeJager_eQTL,0.0198348284719473,1,AC_DeJager_eQTL
chr7_12,WIPF1,ENSG00000115935,chr7:12232371:G:A,AC_DeJager_eQTL,0.0198348284719473,1,AC_DeJager_eQTL
chr7_12,PLEK,ENSG00000115956,chr7:12232371:G:A,DLPFC_DeJager_eQTL,0.0198348284719473,1,DLPFC_DeJager_eQTL
chr7_12,C2orf42,ENSG00000115998,chr7:12232371:G:A,PCC_DeJager_eQTL,0.0198348284719473,1,PCC_DeJager_eQTL
chr7_12,PCYOX1,ENSG00000116005,chr7:12232371:G:A,Inh_DeJager_eQTL,0.0198348284719473,1,Inh_DeJager_eQTL
chr7_12,EPAS1,ENSG00000116016,chr7:12232371:G:A,AC_DeJager_eQTL,0.0198348284719473,1,AC_DeJager_eQTL
chr7_12,PLEKHA3,ENSG00000116095,chr7:12232371:G:A,AC_DeJager_eQTL,0.0198348284719473,2,AC_DeJager_eQTL|Inh_DeJager_eQTL
chr7_12,EPHA4,ENSG00000116106,chr7:12232371:G:A,AC_DeJager_eQTL,0.0198348284719473,1,AC_DeJager_eQTL
chr7_12,DHCR24,ENSG00000116133,chr7:12232371:G:A,PCC_DeJager_eQTL,0.0198348284719473,1,PCC_DeJager_eQTL
chr7_12,CHD5,ENSG00000116254,chr7:12232371:G:A,Inh_DeJager_eQTL,0.0198348284719473,1,Inh_DeJager_eQTL
chr7_12,OPRD1,ENSG00000116329,chr7:12232371:G:A,DLPFC_DeJager_eQTL,0.0198348284719473,1,DLPFC_DeJager_eQTL
chr7_12,AMPD2,ENSG00000116337,chr7:12232371:G:A,PCC_DeJager_eQTL,0.0198348284719473,1,PCC_DeJager_eQTL
chr7_12,TRIM62,ENSG00000116525,chr7:12232371:G:A,DLPFC_DeJager_eQTL,0.0198348284719473,1,DLPFC_DeJager_eQTL
chr7_12,DOCK7,ENSG00000116641,chr7:12232371:G:A,AC_DeJager_eQTL,0.0198348284719473,1,AC_DeJager_eQTL
chr7_12,KIAA2013,ENSG00000116685,chr7:12232371:G:A,Exc_DeJager_eQTL,0.0198348284719473,1,Exc_DeJager_eQTL
chr7_12,NCF2,ENSG00000116701,chr7:12232371:G:A,PCC_DeJager_eQTL,0.0198348284719473,1,PCC_DeJager_eQTL
chr7_12,SLC35D1,ENSG00000116704,chr7:12232371:G:A,Exc_DeJager_eQTL,0.0198348284719473,1,Exc_DeJager_eQTL
chr7_12,OLFML3,ENSG00000116774,chr7:12232371:G:A,DLPFC_DeJager_eQTL,0.0198348284719473,2,DLPFC_DeJager_eQTL|PCC_DeJager_eQTL
chr7_12,CD58,ENSG00000116815,chr7:12232371:G:A,DLPFC_DeJager_eQTL,0.0198348284719473,1,DLPFC_DeJager_eQTL
chr7_12,TFAP2E,ENSG00000116819,chr7:12232371:G:A,PCC_DeJager_eQTL,0.0198348284719473,1,PCC_DeJager_eQTL
chr7_12,TTF2,ENSG00000116830,chr7:12232371:G:A,AC_DeJager_eQTL,0.0198348284719473,3,AC_DeJager_eQTL|DLPFC_DeJager_eQTL|PCC_DeJager_eQTL
chr7_12,EXOC8,ENSG00000116903,chr7:12232371:G:A,Inh_DeJager_eQTL,0.0198348284719473,1,Inh_DeJager_eQTL
chr7_12,TSNAX,ENSG00000116918,chr7:12232371:G:A,Exc_DeJager_eQTL,0.0198348284719473,1,Exc_DeJager_eQTL
chr7_12,C1orf109,ENSG00000116922,chr7:12232371:G:A,AC_DeJager_eQTL,0.0198348284719473,2,AC_DeJager_eQTL|Exc_DeJager_eQTL
chr7_12,RRAGC,ENSG00000116954,chr7:12232371:G:A,Inh_DeJager_eQTL,0.0198348284719473,1,Inh_DeJager_eQTL
chr7_12,NID1,ENSG00000116962,chr7:12232371:G:A,PCC_DeJager_eQTL,0.0198348284719473,1,PCC_DeJager_eQTL
chr7_12,HPCAL4,ENSG00000116983,chr7:12232371:G:A,AC_DeJager_eQTL,0.0198348284719473,2,AC_DeJager_eQTL|Inh_DeJager_eQTL
chr7_12,BMP8B,ENSG00000116985,chr7:12232371:G:A,DLPFC_DeJager_eQTL,0.0198348284719473,1,DLPFC_DeJager_eQTL
chr7_12,ADGRL2,ENSG00000117114,chr7:12232371:G:A,AC_DeJager_eQTL,0.0198348284719473,1,AC_DeJager_eQTL
chr7_12,PADI2,ENSG00000117115,chr7:12232371:G:A,AC_DeJager_eQTL,0.0198348284719473,3,AC_DeJager_eQTL|DLPFC_DeJager_eQTL|PCC_DeJager_eQTL
chr7_12,SSX2IP,ENSG00000117155,chr7:12232371:G:A,Exc_DeJager_eQTL,0.0198348284719473,1,Exc_DeJager_eQTL
chr7_12,RBBP5,ENSG00000117222,chr7:12232371:G:A,Exc_DeJager_eQTL,0.0198348284719473,2,Exc_DeJager_eQTL|Inh_DeJager_eQTL
chr7_12,GBP3,ENSG00000117226,chr7:12232371:G:A,DLPFC_DeJager_eQTL,0.0198348284719473,1,DLPFC_DeJager_eQTL
chr7_12,GBP1,ENSG00000117228,chr7:12232371:G:A,DLPFC_DeJager_eQTL,0.0198348284719473,1,DLPFC_DeJager_eQTL
chr7_12,CDK18,ENSG00000117266,chr7:12232371:G:A,PCC_DeJager_eQTL,0.0198348284719473,1,PCC_DeJager_eQTL
chr7_12,RAB29,ENSG00000117280,chr7:12232371:G:A,Exc_DeJager_eQTL,0.0198348284719473,1,Exc_DeJager_eQTL
chr7_12,ID3,ENSG00000117318,chr7:12232371:G:A,PCC_DeJager_eQTL,0.0198348284719473,1,PCC_DeJager_eQTL
chr7_12,P3H1,ENSG00000117385,chr7:12232371:G:A,AC_DeJager_eQTL,0.0198348284719473,2,AC_DeJager_eQTL|PCC_DeJager_eQTL
chr7_12,TSPAN1,ENSG00000117472,chr7:12232371:G:A,DLPFC_DeJager_eQTL,0.0198348284719473,1,DLPFC_DeJager_eQTL
chr7_12,CCDC181,ENSG00000117477,chr7:12232371:G:A,PCC_DeJager_eQTL,0.0198348284719473,1,PCC_DeJager_eQTL
chr7_12,F3,ENSG00000117525,chr7:12232371:G:A,DLPFC_DeJager_eQTL,0.0198348284719473,1,DLPFC_DeJager_eQTL
chr7_12,HSD11B1,ENSG00000117594,chr7:12232371:G:A,DLPFC_DeJager_eQTL,0.0198348284719473,1,DLPFC_DeJager_eQTL
chr7_12,RCAN3,ENSG00000117602,chr7:12232371:G:A,DLPFC_DeJager_eQTL,0.0198348284719473,1,DLPFC_DeJager_eQTL
chr7_12,SLC35A3,ENSG00000117620,chr7:12232371:G:A,AC_DeJager_eQTL,0.0198348284719473,2,AC_DeJager_eQTL|PCC_DeJager_eQTL
chr7_12,RPS6KA1,ENSG00000117676,chr7:12232371:G:A,DLPFC_DeJager_eQTL,0.0198348284719473,1,DLPFC_DeJager_eQTL
chr7_12,RPA2,ENSG00000117748,chr7:12232371:G:A,Exc_DeJager_eQTL,0.0198348284719473,1,Exc_DeJager_eQTL
chr7_12,MESD,ENSG00000117899,chr7:12232371:G:A,DLPFC_DeJager_eQTL,0.0198348284719473,1,DLPFC_DeJager_eQTL
chr7_12,IFT46,ENSG00000118096,chr7:12232371:G:A,DLPFC_DeJager_eQTL,0.0198348284719473,3,DLPFC_DeJager_eQTL|Exc_DeJager_eQTL|PCC_DeJager_eQTL
chr7_12,MREG,ENSG00000118242,chr7:12232371:G:A,DLPFC_DeJager_eQTL,0.0198348284719473,2,DLPFC_DeJager_eQTL|PCC_DeJager_eQTL
chr7_12,CREB1,ENSG00000118260,chr7:12232371:G:A,PCC_DeJager_eQTL,0.0198348284719473,1,PCC_DeJager_eQTL
chr7_12,CA14,ENSG00000118298,chr7:12232371:G:A,DLPFC_DeJager_eQTL,0.0198348284719473,2,DLPFC_DeJager_eQTL|PCC_DeJager_eQTL
chr7_12,ATP10B,ENSG00000118322,chr7:12232371:G:A,PCC_DeJager_eQTL,0.0198348284719473,1,PCC_DeJager_eQTL
chr7_12,ANKRD13C,ENSG00000118454,chr7:12232371:G:A,PCC_DeJager_eQTL,0.0198348284719473,1,PCC_DeJager_eQTL
chr7_12,FBXO30,ENSG00000118496,chr7:12232371:G:A,AC_DeJager_eQTL,0.0198348284719473,1,AC_DeJager_eQTL
chr7_12,TNFAIP3,ENSG00000118503,chr7:12232371:G:A,DLPFC_DeJager_eQTL,0.0198348284719473,1,DLPFC_DeJager_eQTL
chr7_12,PMFBP1,ENSG00000118557,chr7:12232371:G:A,PCC_DeJager_eQTL,0.0198348284719473,1,PCC_DeJager_eQTL
chr7_12,ARMC2,ENSG00000118690,chr7:12232371:G:A,Exc_DeJager_eQTL,0.0198348284719473,1,Exc_DeJager_eQTL
chr7_12,PKD2,ENSG00000118762,chr7:12232371:G:A,Exc_DeJager_eQTL,0.0198348284719473,2,Exc_DeJager_eQTL|PCC_DeJager_eQTL
chr7_12,SPP1,ENSG00000118785,chr7:12232371:G:A,DLPFC_DeJager_eQTL,0.0198348284719473,1,DLPFC_DeJager_eQTL
chr7_12,PPL,ENSG00000118898,chr7:12232371:G:A,Exc_DeJager_eQTL,0.0198348284719473,1,Exc_DeJager_eQTL
chr7_12,LDAH,ENSG00000118961,chr7:12232371:G:A,AC_DeJager_eQTL,0.0198348284719473,1,AC_DeJager_eQTL
chr7_12,TRPM6,ENSG00000119121,chr7:12232371:G:A,PCC_DeJager_eQTL,0.0198348284719473,1,PCC_DeJager_eQTL
chr7_12,TJP2,ENSG00000119139,chr7:12232371:G:A,AC_DeJager_eQTL,0.0198348284719473,1,AC_DeJager_eQTL
chr7_12,ITGB1BP1,ENSG00000119185,chr7:12232371:G:A,AC_DeJager_eQTL,0.0198348284719473,1,AC_DeJager_eQTL
chr7_12,CCDC92,ENSG00000119242,chr7:12232371:G:A,PCC_DeJager_eQTL,0.0198348284719473,1,PCC_DeJager_eQTL
chr7_12,FKBP15,ENSG00000119321,chr7:12232371:G:A,AC_DeJager_eQTL,0.0198348284719473,2,AC_DeJager_eQTL|PCC_DeJager_eQTL
chr7_12,CTNNAL1,ENSG00000119326,chr7:12232371:G:A,PCC_DeJager_eQTL,0.0198348284719473,1,PCC_DeJager_eQTL
chr7_12,CNTRL,ENSG00000119397,chr7:12232371:G:A,AC_DeJager_eQTL,0.0198348284719473,1,AC_DeJager_eQTL
chr7_12,FBXW2,ENSG00000119402,chr7:12232371:G:A,AC_DeJager_eQTL,0.0198348284719473,1,AC_DeJager_eQTL
chr7_12,NEK6,ENSG00000119408,chr7:12232371:G:A,DLPFC_DeJager_eQTL,0.0198348284719473,1,DLPFC_DeJager_eQTL
chr7_12,PPP6C,ENSG00000119414,chr7:12232371:G:A,Exc_DeJager_eQTL,0.0198348284719473,1,Exc_DeJager_eQTL
chr7_12,CSF3R,ENSG00000119535,chr7:12232371:G:A,DLPFC_DeJager_eQTL,0.0198348284719473,1,DLPFC_DeJager_eQTL
chr7_12,KDSR,ENSG00000119537,chr7:12232371:G:A,DLPFC_DeJager_eQTL,0.0198348284719473,1,DLPFC_DeJager_eQTL
chr7_12,VPS4B,ENSG00000119541,chr7:12232371:G:A,Exc_DeJager_eQTL,0.0198348284719473,1,Exc_DeJager_eQTL
chr7_12,DCAF4,ENSG00000119599,chr7:12232371:G:A,DLPFC_DeJager_eQTL,0.0198348284719473,1,DLPFC_DeJager_eQTL
chr7_12,LTBP2,ENSG00000119681,chr7:12232371:G:A,DLPFC_DeJager_eQTL,0.0198348284719473,1,DLPFC_DeJager_eQTL
chr7_12,AREL1,ENSG00000119682,chr7:12232371:G:A,PCC_DeJager_eQTL,0.0198348284719473,1,PCC_DeJager_eQTL
chr7_12,MLH3,ENSG00000119684,chr7:12232371:G:A,Exc_DeJager_eQTL,0.0198348284719473,1,Exc_DeJager_eQTL
chr7_12,FLVCR2,ENSG00000119686,chr7:12232371:G:A,DLPFC_DeJager_eQTL,0.0198348284719473,1,DLPFC_DeJager_eQTL
chr7_12,ZC2HC1C,ENSG00000119703,chr7:12232371:G:A,DLPFC_DeJager_eQTL,0.0198348284719473,1,DLPFC_DeJager_eQTL
chr7_12,ALDH6A1,ENSG00000119711,chr7:12232371:G:A,DLPFC_DeJager_eQTL,0.0198348284719473,1,DLPFC_DeJager_eQTL
chr7_12,SUPT7L,ENSG00000119760,chr7:12232371:G:A,AC_DeJager_eQTL,0.0198348284719473,1,AC_DeJager_eQTL
chr7_12,ATL2,ENSG00000119787,chr7:12232371:G:A,PCC_DeJager_eQTL,0.0198348284719473,1,PCC_DeJager_eQTL
chr7_12,YIPF4,ENSG00000119820,chr7:12232371:G:A,Inh_DeJager_eQTL,0.0198348284719473,1,Inh_DeJager_eQTL
chr7_12,AFTPH,ENSG00000119844,chr7:12232371:G:A,DLPFC_DeJager_eQTL,0.0198348284719473,1,DLPFC_DeJager_eQTL
chr7_12,CRIPT,ENSG00000119878,chr7:12232371:G:A,Exc_DeJager_eQTL,0.0198348284719473,1,Exc_DeJager_eQTL
chr7_12,SLC17A5,ENSG00000119899,chr7:12232371:G:A,AC_DeJager_eQTL,0.0198348284719473,1,AC_DeJager_eQTL
chr7_12,SLF2,ENSG00000119906,chr7:12232371:G:A,Exc_DeJager_eQTL,0.0198348284719473,2,Exc_DeJager_eQTL|Inh_DeJager_eQTL
chr7_12,IFIT2,ENSG00000119922,chr7:12232371:G:A,Inh_DeJager_eQTL,0.0198348284719473,1,Inh_DeJager_eQTL
chr7_12,PPP1R3C,ENSG00000119938,chr7:12232371:G:A,DLPFC_DeJager_eQTL,0.0198348284719473,1,DLPFC_DeJager_eQTL
chr7_12,PYROXD2,ENSG00000119943,chr7:12232371:G:A,PCC_DeJager_eQTL,0.0198348284719473,1,PCC_DeJager_eQTL
chr7_12,DENND10,ENSG00000119979,chr7:12232371:G:A,Exc_DeJager_eQTL,0.0198348284719473,1,Exc_DeJager_eQTL
chr7_12,SFRP5,ENSG00000120057,chr7:12232371:G:A,AC_DeJager_eQTL,0.0198348284719473,2,AC_DeJager_eQTL|DLPFC_DeJager_eQTL
chr7_12,MOB3B,ENSG00000120162,chr7:12232371:G:A,DLPFC_DeJager_eQTL,0.0198348284719473,1,DLPFC_DeJager_eQTL
chr7_12,MTHFD1L,ENSG00000120254,chr7:12232371:G:A,Exc_DeJager_eQTL,0.0198348284719473,2,Exc_DeJager_eQTL|Inh_DeJager_eQTL
chr7_12,PLEKHG1,ENSG00000120278,chr7:12232371:G:A,AC_DeJager_eQTL,0.0198348284719473,1,AC_DeJager_eQTL
chr7_12,TASL,ENSG00000120280,chr7:12232371:G:A,DLPFC_DeJager_eQTL,0.0198348284719473,1,DLPFC_DeJager_eQTL
chr7_12,ARAP3,ENSG00000120318,chr7:12232371:G:A,AC_DeJager_eQTL,0.0198348284719473,2,AC_DeJager_eQTL|PCC_DeJager_eQTL
chr7_12,MRPS14,ENSG00000120333,chr7:12232371:G:A,Exc_DeJager_eQTL,0.0198348284719473,1,Exc_DeJager_eQTL
chr7_12,KCNJ5,ENSG00000120457,chr7:12232371:G:A,DLPFC_DeJager_eQTL,0.0198348284719473,2,DLPFC_DeJager_eQTL|PCC_DeJager_eQTL
chr7_12,NUDCD1,ENSG00000120526,chr7:12232371:G:A,PCC_DeJager_eQTL,0.0198348284719473,1,PCC_DeJager_eQTL
chr7_12,ENOX1,ENSG00000120658,chr7:12232371:G:A,DLPFC_DeJager_eQTL,0.0198348284719473,1,DLPFC_DeJager_eQTL
chr7_12,HSPH1,ENSG00000120694,chr7:12232371:G:A,PCC_DeJager_eQTL,0.0198348284719473,1,PCC_DeJager_eQTL
chr7_12,KBTBD7,ENSG00000120696,chr7:12232371:G:A,Inh_DeJager_eQTL,0.0198348284719473,1,Inh_DeJager_eQTL
chr7_12,PAIP2,ENSG00000120727,chr7:12232371:G:A,Exc_DeJager_eQTL,0.0198348284719473,1,Exc_DeJager_eQTL
chr7_12,SERP1,ENSG00000120742,chr7:12232371:G:A,Exc_DeJager_eQTL,0.0198348284719473,1,Exc_DeJager_eQTL
chr7_12,TMPO,ENSG00000120802,chr7:12232371:G:A,PCC_DeJager_eQTL,0.0198348284719473,1,PCC_DeJager_eQTL
chr7_12,GLT8D2,ENSG00000120820,chr7:12232371:G:A,AC_DeJager_eQTL,0.0198348284719473,1,AC_DeJager_eQTL
chr7_12,TNFRSF10B,ENSG00000120889,chr7:12232371:G:A,DLPFC_DeJager_eQTL,0.0198348284719473,1,DLPFC_DeJager_eQTL
chr7_12,CHRNA2,ENSG00000120903,chr7:12232371:G:A,DLPFC_DeJager_eQTL,0.0198348284719473,1,DLPFC_DeJager_eQTL
chr7_12,PPP3CC,ENSG00000120910,chr7:12232371:G:A,Exc_DeJager_eQTL,0.0198348284719473,1,Exc_DeJager_eQTL
chr7_12,UBIAD1,ENSG00000120942,chr7:12232371:G:A,DLPFC_DeJager_eQTL,0.0198348284719473,1,DLPFC_DeJager_eQTL
chr7_12,ZNF706,ENSG00000120963,chr7:12232371:G:A,AC_DeJager_eQTL,0.0198348284719473,2,AC_DeJager_eQTL|PCC_DeJager_eQTL
chr7_12,RDH10,ENSG00000121039,chr7:12232371:G:A,DLPFC_DeJager_eQTL,0.0198348284719473,1,DLPFC_DeJager_eQTL
chr7_12,SCPEP1,ENSG00000121064,chr7:12232371:G:A,protein_transmap,0.0198348284719473,1,protein_transmap
chr7_12,TBX2,ENSG00000121068,chr7:12232371:G:A,AC_DeJager_eQTL,0.0198348284719473,1,AC_DeJager_eQTL
chr7_12,LRAT,ENSG00000121207,chr7:12232371:G:A,DLPFC_DeJager_eQTL,0.0198348284719473,1,DLPFC_DeJager_eQTL
chr7_12,ABCC11,ENSG00000121270,chr7:12232371:G:A,DLPFC_DeJager_eQTL,0.0198348284719473,1,DLPFC_DeJager_eQTL
chr7_12,PLBD1,ENSG00000121316,chr7:12232371:G:A,DLPFC_DeJager_eQTL,0.0198348284719473,1,DLPFC_DeJager_eQTL
chr7_12,ZSCAN18,ENSG00000121413,chr7:12232371:G:A,Exc_DeJager_eQTL,0.0198348284719473,1,Exc_DeJager_eQTL
chr7_12,PDZRN3,ENSG00000121440,chr7:12232371:G:A,AC_DeJager_eQTL,0.0198348284719473,2,AC_DeJager_eQTL|Exc_DeJager_eQTL
chr7_12,TRMT1L,ENSG00000121486,chr7:12232371:G:A,PCC_DeJager_eQTL,0.0198348284719473,1,PCC_DeJager_eQTL
chr7_12,SEC22A,ENSG00000121542,chr7:12232371:G:A,PCC_DeJager_eQTL,0.0198348284719473,1,PCC_DeJager_eQTL
chr7_12,DEPDC7,ENSG00000121690,chr7:12232371:G:A,DLPFC_DeJager_eQTL,0.0198348284719473,1,DLPFC_DeJager_eQTL
chr7_12,TMEM39B,ENSG00000121775,chr7:12232371:G:A,AC_DeJager_eQTL,0.0198348284719473,2,AC_DeJager_eQTL|Exc_DeJager_eQTL
chr7_12,CCRL2,ENSG00000121797,chr7:12232371:G:A,DLPFC_DeJager_eQTL,0.0198348284719473,1,DLPFC_DeJager_eQTL
chr7_12,POLR3GL,ENSG00000121851,chr7:12232371:G:A,Exc_DeJager_eQTL,0.0198348284719473,1,Exc_DeJager_eQTL
chr7_12,TMEM156,ENSG00000121895,chr7:12232371:G:A,DLPFC_DeJager_eQTL,0.0198348284719473,2,DLPFC_DeJager_eQTL|PCC_DeJager_eQTL
chr7_12,CSMD2,ENSG00000121904,chr7:12232371:G:A,Exc_DeJager_eQTL,0.0198348284719473,1,Exc_DeJager_eQTL
chr7_12,CLCC1,ENSG00000121940,chr7:12232371:G:A,Exc_DeJager_eQTL,0.0198348284719473,1,Exc_DeJager_eQTL
chr7_12,GPSM2,ENSG00000121957,chr7:12232371:G:A,AC_DeJager_eQTL,0.0198348284719473,2,AC_DeJager_eQTL|PCC_DeJager_eQTL
chr7_12,GTDC1,ENSG00000121964,chr7:12232371:G:A,Exc_DeJager_eQTL,0.0198348284719473,1,Exc_DeJager_eQTL
chr7_12,UBL3,ENSG00000122042,chr7:12232371:G:A,AC_DeJager_eQTL,0.0198348284719473,1,AC_DeJager_eQTL
chr7_12,SERAC1,ENSG00000122335,chr7:12232371:G:A,AC_DeJager_eQTL,0.0198348284719473,1,AC_DeJager_eQTL
chr7_12,LDB3,ENSG00000122367,chr7:12232371:G:A,DLPFC_DeJager_eQTL,0.0198348284719473,2,DLPFC_DeJager_eQTL|PCC_DeJager_eQTL
chr7_12,PRXL2A,ENSG00000122378,chr7:12232371:G:A,Exc_DeJager_eQTL,0.0198348284719473,1,Exc_DeJager_eQTL
chr7_12,RPL5,ENSG00000122406,chr7:12232371:G:A,Exc_DeJager_eQTL,0.0198348284719473,1,Exc_DeJager_eQTL
chr7_12,SLC66A2,ENSG00000122490,chr7:12232371:G:A,Exc_DeJager_eQTL,0.0198348284719473,2,Exc_DeJager_eQTL|PCC_DeJager_eQTL
chr7_12,GLIPR2,ENSG00000122694,chr7:12232371:G:A,DLPFC_DeJager_eQTL,0.0198348284719473,1,DLPFC_DeJager_eQTL
chr7_12,RECK,ENSG00000122707,chr7:12232371:G:A,PCC_DeJager_eQTL,0.0198348284719473,1,PCC_DeJager_eQTL
chr7_12,ACO1,ENSG00000122729,chr7:12232371:G:A,DLPFC_DeJager_eQTL,0.0198348284719473,1,DLPFC_DeJager_eQTL
chr7_12,CHST3,ENSG00000122863,chr7:12232371:G:A,DLPFC_DeJager_eQTL,0.0198348284719473,1,DLPFC_DeJager_eQTL
chr7_12,ECD,ENSG00000122882,chr7:12232371:G:A,AC_DeJager_eQTL,0.0198348284719473,1,AC_DeJager_eQTL
chr7_12,BHLHE41,ENSG00000123095,chr7:12232371:G:A,Inh_DeJager_eQTL,0.0198348284719473,1,Inh_DeJager_eQTL
chr7_12,PRDX4,ENSG00000123131,chr7:12232371:G:A,AC_DeJager_eQTL,0.0198348284719473,1,AC_DeJager_eQTL
chr7_12,ADGRE5,ENSG00000123146,chr7:12232371:G:A,DLPFC_DeJager_eQTL,0.0198348284719473,2,DLPFC_DeJager_eQTL|PCC_DeJager_eQTL
chr7_12,OPTN,ENSG00000123240,chr7:12232371:G:A,DLPFC_DeJager_eQTL,0.0198348284719473,2,DLPFC_DeJager_eQTL|Exc_DeJager_eQTL
chr7_12,SMUG1,ENSG00000123415,chr7:12232371:G:A,AC_DeJager_eQTL,0.0198348284719473,1,AC_DeJager_eQTL
chr7_12,EEF1AKMT3,ENSG00000123427,chr7:12232371:G:A,PCC_DeJager_eQTL,0.0198348284719473,1,PCC_DeJager_eQTL
chr7_12,KBTBD4,ENSG00000123444,chr7:12232371:G:A,Inh_DeJager_eQTL,0.0198348284719473,1,Inh_DeJager_eQTL
chr7_12,SARDH,ENSG00000123453,chr7:12232371:G:A,AC_DeJager_eQTL,0.0198348284719473,3,AC_DeJager_eQTL|DLPFC_DeJager_eQTL|PCC_DeJager_eQTL
chr7_12,TNFAIP6,ENSG00000123610,chr7:12232371:G:A,DLPFC_DeJager_eQTL,0.0198348284719473,1,DLPFC_DeJager_eQTL
chr7_12,ACVR1C,ENSG00000123612,chr7:12232371:G:A,PCC_DeJager_eQTL,0.0198348284719473,1,PCC_DeJager_eQTL
chr7_12,GPR83,ENSG00000123901,chr7:12232371:G:A,AC_DeJager_eQTL,0.0198348284719473,3,AC_DeJager_eQTL|DLPFC_DeJager_eQTL|PCC_DeJager_eQTL
chr7_12,DAW1,ENSG00000123977,chr7:12232371:G:A,PCC_DeJager_eQTL,0.0198348284719473,1,PCC_DeJager_eQTL
chr7_12,ACSL3,ENSG00000123983,chr7:12232371:G:A,Exc_DeJager_eQTL,0.0198348284719473,2,Exc_DeJager_eQTL|Inh_DeJager_eQTL
chr7_12,FAM210B,ENSG00000124098,chr7:12232371:G:A,Exc_DeJager_eQTL,0.0198348284719473,1,Exc_DeJager_eQTL
chr7_12,TTPAL,ENSG00000124120,chr7:12232371:G:A,Exc_DeJager_eQTL,0.0198348284719473,1,Exc_DeJager_eQTL
chr7_12,KCNS1,ENSG00000124134,chr7:12232371:G:A,AC_DeJager_eQTL,0.0198348284719473,1,AC_DeJager_eQTL
chr7_12,PIGT,ENSG00000124155,chr7:12232371:G:A,Exc_DeJager_eQTL,0.0198348284719473,1,Exc_DeJager_eQTL
chr7_12,PARD6B,ENSG00000124171,chr7:12232371:G:A,PCC_DeJager_eQTL,0.0198348284719473,1,PCC_DeJager_eQTL
chr7_12,ZNFX1,ENSG00000124201,chr7:12232371:G:A,AC_DeJager_eQTL,0.0198348284719473,1,AC_DeJager_eQTL
chr7_12,CDH26,ENSG00000124215,chr7:12232371:G:A,AC_DeJager_eQTL,0.0198348284719473,1,AC_DeJager_eQTL
chr7_12,ZNF576,ENSG00000124444,chr7:12232371:G:A,AC_DeJager_eQTL,0.0198348284719473,1,AC_DeJager_eQTL
chr7_12,MRS2,ENSG00000124532,chr7:12232371:G:A,AC_DeJager_eQTL,0.0198348284719473,1,AC_DeJager_eQTL
chr7_12,WRNIP1,ENSG00000124535,chr7:12232371:G:A,PCC_DeJager_eQTL,0.0198348284719473,1,PCC_DeJager_eQTL
chr7_12,SOX4,ENSG00000124766,chr7:12232371:G:A,Inh_DeJager_eQTL,0.0198348284719473,1,Inh_DeJager_eQTL
chr7_12,GLO1,ENSG00000124767,chr7:12232371:G:A,Inh_DeJager_eQTL,0.0198348284719473,1,Inh_DeJager_eQTL
chr7_12,SH3TC1,ENSG00000125089,chr7:12232371:G:A,DLPFC_DeJager_eQTL,0.0198348284719473,1,DLPFC_DeJager_eQTL
chr7_12,BBS2,ENSG00000125124,chr7:12232371:G:A,DLPFC_DeJager_eQTL,0.0198348284719473,1,DLPFC_DeJager_eQTL
chr7_12,DOK4,ENSG00000125170,chr7:12232371:G:A,AC_DeJager_eQTL,0.0198348284719473,2,AC_DeJager_eQTL|PCC_DeJager_eQTL
chr7_12,TMTC4,ENSG00000125247,chr7:12232371:G:A,DLPFC_DeJager_eQTL,0.0198348284719473,1,DLPFC_DeJager_eQTL
chr7_12,ABCC4,ENSG00000125257,chr7:12232371:G:A,PCC_DeJager_eQTL,0.0198348284719473,1,PCC_DeJager_eQTL
chr7_12,EFNB2,ENSG00000125266,chr7:12232371:G:A,AC_DeJager_eQTL,0.0198348284719473,1,AC_DeJager_eQTL
chr7_12,BMP4,ENSG00000125378,chr7:12232371:G:A,PCC_DeJager_eQTL,0.0198348284719473,1,PCC_DeJager_eQTL
chr7_12,SLC25A35,ENSG00000125434,chr7:12232371:G:A,PCC_DeJager_eQTL,0.0198348284719473,1,PCC_DeJager_eQTL
chr7_12,MRPS7,ENSG00000125445,chr7:12232371:G:A,Inh_DeJager_eQTL,0.0198348284719473,1,Inh_DeJager_eQTL
chr7_12,GGA3,ENSG00000125447,chr7:12232371:G:A,DLPFC_DeJager_eQTL,0.0198348284719473,2,DLPFC_DeJager_eQTL|Exc_DeJager_eQTL
chr7_12,ARMC7,ENSG00000125449,chr7:12232371:G:A,PCC_DeJager_eQTL,0.0198348284719473,1,PCC_DeJager_eQTL
chr7_12,NT5C,ENSG00000125458,chr7:12232371:G:A,AC_DeJager_eQTL,0.0198348284719473,2,AC_DeJager_eQTL|PCC_DeJager_eQTL
chr7_12,OPRL1,ENSG00000125510,chr7:12232371:G:A,Exc_DeJager_eQTL,0.0198348284719473,2,Exc_DeJager_eQTL|PCC_DeJager_eQTL
chr7_12,SLC2A4RG,ENSG00000125520,chr7:12232371:G:A,AC_DeJager_eQTL,0.0198348284719473,1,AC_DeJager_eQTL
chr7_12,CCDC93,ENSG00000125633,chr7:12232371:G:A,AC_DeJager_eQTL,0.0198348284719473,1,AC_DeJager_eQTL
chr7_12,PSD4,ENSG00000125637,chr7:12232371:G:A,DLPFC_DeJager_eQTL,0.0198348284719473,1,DLPFC_DeJager_eQTL
chr7_12,GTF2F1,ENSG00000125651,chr7:12232371:G:A,Inh_DeJager_eQTL,0.0198348284719473,1,Inh_DeJager_eQTL
chr7_12,SYMPK,ENSG00000125755,chr7:12232371:G:A,Exc_DeJager_eQTL,0.0198348284719473,1,Exc_DeJager_eQTL
chr7_12,SDCBP2,ENSG00000125775,chr7:12232371:G:A,AC_DeJager_eQTL,0.0198348284719473,1,AC_DeJager_eQTL
chr7_12,PANK2,ENSG00000125779,chr7:12232371:G:A,PCC_DeJager_eQTL,0.0198348284719473,1,PCC_DeJager_eQTL
chr7_12,GNRH2,ENSG00000125787,chr7:12232371:G:A,AC_DeJager_eQTL,0.0198348284719473,1,AC_DeJager_eQTL
chr7_12,NKX2-2,ENSG00000125820,chr7:12232371:G:A,PCC_DeJager_eQTL,0.0198348284719473,1,PCC_DeJager_eQTL
chr7_12,TMX4,ENSG00000125827,chr7:12232371:G:A,Inh_DeJager_eQTL,0.0198348284719473,1,Inh_DeJager_eQTL
chr7_12,RRBP1,ENSG00000125844,chr7:12232371:G:A,PCC_DeJager_eQTL,0.0198348284719473,1,PCC_DeJager_eQTL
chr7_12,ZNF133,ENSG00000125846,chr7:12232371:G:A,Inh_DeJager_eQTL,0.0198348284719473,1,Inh_DeJager_eQTL
chr7_12,LAMP5,ENSG00000125869,chr7:12232371:G:A,Exc_DeJager_eQTL,0.0198348284719473,1,Exc_DeJager_eQTL
chr7_12,ID1,ENSG00000125968,chr7:12232371:G:A,PCC_DeJager_eQTL,0.0198348284719473,1,PCC_DeJager_eQTL
chr7_12,RALY,ENSG00000125970,chr7:12232371:G:A,AC_DeJager_eQTL,0.0198348284719473,1,AC_DeJager_eQTL
chr7_12,EIF2S2,ENSG00000125977,chr7:12232371:G:A,Exc_DeJager_eQTL,0.0198348284719473,1,Exc_DeJager_eQTL
chr7_12,ERGIC3,ENSG00000125991,chr7:12232371:G:A,Inh_DeJager_eQTL,0.0198348284719473,1,Inh_DeJager_eQTL
chr7_12,ST3GAL3,ENSG00000126091,chr7:12232371:G:A,PCC_DeJager_eQTL,0.0198348284719473,1,PCC_DeJager_eQTL
chr7_12,PCID2,ENSG00000126226,chr7:12232371:G:A,DLPFC_DeJager_eQTL,0.0198348284719473,1,DLPFC_DeJager_eQTL
chr7_12,HCST,ENSG00000126264,chr7:12232371:G:A,DLPFC_DeJager_eQTL,0.0198348284719473,1,DLPFC_DeJager_eQTL
chr7_12,BCL2L12,ENSG00000126453,chr7:12232371:G:A,PCC_DeJager_eQTL,0.0198348284719473,1,PCC_DeJager_eQTL
chr7_12,IRF3,ENSG00000126456,chr7:12232371:G:A,Exc_DeJager_eQTL,0.0198348284719473,1,Exc_DeJager_eQTL
chr7_12,TRAP1,ENSG00000126602,chr7:12232371:G:A,Inh_DeJager_eQTL,0.0198348284719473,1,Inh_DeJager_eQTL
chr7_12,UXT,ENSG00000126756,chr7:12232371:G:A,Exc_DeJager_eQTL,0.0198348284719473,1,Exc_DeJager_eQTL
chr7_12,SIX1,ENSG00000126778,chr7:12232371:G:A,DLPFC_DeJager_eQTL,0.0198348284719473,1,DLPFC_DeJager_eQTL
chr7_12,L3HYPDH,ENSG00000126790,chr7:12232371:G:A,AC_DeJager_eQTL,0.0198348284719473,1,AC_DeJager_eQTL
chr7_12,HSPA2,ENSG00000126803,chr7:12232371:G:A,DLPFC_DeJager_eQTL,0.0198348284719473,2,DLPFC_DeJager_eQTL|PCC_DeJager_eQTL
chr7_12,TRMT5,ENSG00000126814,chr7:12232371:G:A,Exc_DeJager_eQTL,0.0198348284719473,1,Exc_DeJager_eQTL
chr7_12,PLEKHG3,ENSG00000126822,chr7:12232371:G:A,DLPFC_DeJager_eQTL,0.0198348284719473,1,DLPFC_DeJager_eQTL
chr7_12,TIMM8A,ENSG00000126953,chr7:12232371:G:A,AC_DeJager_eQTL,0.0198348284719473,2,AC_DeJager_eQTL|PCC_DeJager_eQTL
chr7_12,OMD,ENSG00000127083,chr7:12232371:G:A,DLPFC_DeJager_eQTL,0.0198348284719473,1,DLPFC_DeJager_eQTL
chr7_12,FGD3,ENSG00000127084,chr7:12232371:G:A,DLPFC_DeJager_eQTL,0.0198348284719473,1,DLPFC_DeJager_eQTL
chr7_12,PPCS,ENSG00000127125,chr7:12232371:G:A,Exc_DeJager_eQTL,0.0198348284719473,1,Exc_DeJager_eQTL
chr7_12,MASP1,ENSG00000127241,chr7:12232371:G:A,DLPFC_DeJager_eQTL,0.0198348284719473,1,DLPFC_DeJager_eQTL
chr7_12,ATP13A4,ENSG00000127249,chr7:12232371:G:A,DLPFC_DeJager_eQTL,0.0198348284719473,1,DLPFC_DeJager_eQTL
chr7_12,FBXL12,ENSG00000127452,chr7:12232371:G:A,PCC_DeJager_eQTL,0.0198348284719473,1,PCC_DeJager_eQTL
chr7_12,EMC1,ENSG00000127463,chr7:12232371:G:A,Exc_DeJager_eQTL,0.0198348284719473,1,Exc_DeJager_eQTL
chr7_12,ADGRE2,ENSG00000127507,chr7:12232371:G:A,DLPFC_DeJager_eQTL,0.0198348284719473,1,DLPFC_DeJager_eQTL
chr7_12,SLC35E1,ENSG00000127526,chr7:12232371:G:A,Inh_DeJager_eQTL,0.0198348284719473,1,Inh_DeJager_eQTL
chr7_12,TICAM1,ENSG00000127666,chr7:12232371:G:A,Exc_DeJager_eQTL,0.0198348284719473,1,Exc_DeJager_eQTL
chr7_12,ZNF780B,ENSG00000128000,chr7:12232371:G:A,Exc_DeJager_eQTL,0.0198348284719473,1,Exc_DeJager_eQTL
chr7_12,RASL11B,ENSG00000128045,chr7:12232371:G:A,AC_DeJager_eQTL,0.0198348284719473,2,AC_DeJager_eQTL|PCC_DeJager_eQTL
chr7_12,PAICS,ENSG00000128050,chr7:12232371:G:A,Exc_DeJager_eQTL,0.0198348284719473,1,Exc_DeJager_eQTL
chr7_12,KDR,ENSG00000128052,chr7:12232371:G:A,AC_DeJager_eQTL,0.0198348284719473,3,AC_DeJager_eQTL|DLPFC_DeJager_eQTL|PCC_DeJager_eQTL
chr7_12,ASPHD2,ENSG00000128203,chr7:12232371:G:A,DLPFC_DeJager_eQTL,0.0198348284719473,1,DLPFC_DeJager_eQTL
chr7_12,GAL3ST1,ENSG00000128242,chr7:12232371:G:A,PCC_DeJager_eQTL,0.0198348284719473,1,PCC_DeJager_eQTL
chr7_12,RFPL2,ENSG00000128253,chr7:12232371:G:A,AC_DeJager_eQTL,0.0198348284719473,2,AC_DeJager_eQTL|DLPFC_DeJager_eQTL
chr7_12,GNAZ,ENSG00000128266,chr7:12232371:G:A,Inh_DeJager_eQTL,0.0198348284719473,1,Inh_DeJager_eQTL
chr7_12,MCHR1,ENSG00000128285,chr7:12232371:G:A,Inh_DeJager_eQTL,0.0198348284719473,1,Inh_DeJager_eQTL
chr7_12,APOL2,ENSG00000128335,chr7:12232371:G:A,Exc_DeJager_eQTL,0.0198348284719473,1,Exc_DeJager_eQTL
chr7_12,APOBEC3F,ENSG00000128394,chr7:12232371:G:A,DLPFC_DeJager_eQTL,0.0198348284719473,2,DLPFC_DeJager_eQTL|PCC_DeJager_eQTL
chr7_12,PDE11A,ENSG00000128655,chr7:12232371:G:A,DLPFC_DeJager_eQTL,0.0198348284719473,1,DLPFC_DeJager_eQTL
chr7_12,GAD1,ENSG00000128683,chr7:12232371:G:A,Inh_DeJager_eQTL,0.0198348284719473,1,Inh_DeJager_eQTL
chr7_12,ARHGAP22,ENSG00000128805,chr7:12232371:G:A,AC_DeJager_eQTL,0.0198348284719473,2,AC_DeJager_eQTL|PCC_DeJager_eQTL
chr7_12,WDFY4,ENSG00000128815,chr7:12232371:G:A,DLPFC_DeJager_eQTL,0.0198348284719473,1,DLPFC_DeJager_eQTL
chr7_12,EIF2AK4,ENSG00000128829,chr7:12232371:G:A,AC_DeJager_eQTL,0.0198348284719473,1,AC_DeJager_eQTL
chr7_12,MYO5C,ENSG00000128833,chr7:12232371:G:A,PCC_DeJager_eQTL,0.0198348284719473,1,PCC_DeJager_eQTL
chr7_12,CGNL1,ENSG00000128849,chr7:12232371:G:A,AC_DeJager_eQTL,0.0198348284719473,3,AC_DeJager_eQTL|DLPFC_DeJager_eQTL|PCC_DeJager_eQTL
chr7_12,THAP10,ENSG00000129028,chr7:12232371:G:A,AC_DeJager_eQTL,0.0198348284719473,1,AC_DeJager_eQTL
chr7_12,SPCS3,ENSG00000129128,chr7:12232371:G:A,AC_DeJager_eQTL,0.0198348284719473,1,AC_DeJager_eQTL
chr7_12,ATP1B2,ENSG00000129244,chr7:12232371:G:A,Inh_DeJager_eQTL,0.0198348284719473,1,Inh_DeJager_eQTL
chr7_12,RIPK3,ENSG00000129465,chr7:12232371:G:A,DLPFC_DeJager_eQTL,0.0198348284719473,1,DLPFC_DeJager_eQTL
chr7_12,ADCY4,ENSG00000129467,chr7:12232371:G:A,AC_DeJager_eQTL,0.0198348284719473,1,AC_DeJager_eQTL
chr7_12,AJUBA,ENSG00000129474,chr7:12232371:G:A,DLPFC_DeJager_eQTL,0.0198348284719473,1,DLPFC_DeJager_eQTL
chr7_12,EAPP,ENSG00000129518,chr7:12232371:G:A,Exc_DeJager_eQTL,0.0198348284719473,1,Exc_DeJager_eQTL
chr7_12,EGLN3,ENSG00000129521,chr7:12232371:G:A,PCC_DeJager_eQTL,0.0198348284719473,1,PCC_DeJager_eQTL
chr7_12,EPB41L4A,ENSG00000129595,chr7:12232371:G:A,DLPFC_DeJager_eQTL,0.0198348284719473,1,DLPFC_DeJager_eQTL
chr7_12,QRICH2,ENSG00000129646,chr7:12232371:G:A,Exc_DeJager_eQTL,0.0198348284719473,1,Exc_DeJager_eQTL
chr7_12,MAP7D3,ENSG00000129680,chr7:12232371:G:A,DLPFC_DeJager_eQTL,0.0198348284719473,1,DLPFC_DeJager_eQTL
chr7_12,ASH2L,ENSG00000129691,chr7:12232371:G:A,Exc_DeJager_eQTL,0.0198348284719473,1,Exc_DeJager_eQTL
chr7_12,TTI2,ENSG00000129696,chr7:12232371:G:A,AC_DeJager_eQTL,0.0198348284719473,1,AC_DeJager_eQTL
chr7_12,CDKN1C,ENSG00000129757,chr7:12232371:G:A,DLPFC_DeJager_eQTL,0.0198348284719473,1,DLPFC_DeJager_eQTL
chr7_12,PUDP,ENSG00000130021,chr7:12232371:G:A,AC_DeJager_eQTL,0.0198348284719473,1,AC_DeJager_eQTL
chr7_12,GDPD2,ENSG00000130055,chr7:12232371:G:A,DLPFC_DeJager_eQTL,0.0198348284719473,1,DLPFC_DeJager_eQTL
chr7_12,ECSIT,ENSG00000130159,chr7:12232371:G:A,AC_DeJager_eQTL,0.0198348284719473,1,AC_DeJager_eQTL
chr7_12,APOE,ENSG00000130203,chr7:12232371:G:A,AC_DeJager_eQTL,0.0198348284719473,1,AC_DeJager_eQTL
chr7_12,NCAN,ENSG00000130287,chr7:12232371:G:A,DLPFC_DeJager_eQTL,0.0198348284719473,1,DLPFC_DeJager_eQTL
chr7_12,PLVAP,ENSG00000130300,chr7:12232371:G:A,DLPFC_DeJager_eQTL,0.0198348284719473,2,DLPFC_DeJager_eQTL|PCC_DeJager_eQTL
chr7_12,SLC27A1,ENSG00000130304,chr7:12232371:G:A,AC_DeJager_eQTL,0.0198348284719473,1,AC_DeJager_eQTL
chr7_12,SNX9,ENSG00000130340,chr7:12232371:G:A,Exc_DeJager_eQTL,0.0198348284719473,1,Exc_DeJager_eQTL
chr7_12,AL035691.1,ENSG00000130368,chr7:12232371:G:A,Exc_DeJager_eQTL,0.0198348284719473,1,Exc_DeJager_eQTL
chr7_12,PXDN,ENSG00000130508,chr7:12232371:G:A,PCC_DeJager_eQTL,0.0198348284719473,1,PCC_DeJager_eQTL
chr7_12,TRPM4,ENSG00000130529,chr7:12232371:G:A,PCC_DeJager_eQTL,0.0198348284719473,1,PCC_DeJager_eQTL
chr7_12,UBAC1,ENSG00000130560,chr7:12232371:G:A,Exc_DeJager_eQTL,0.0198348284719473,1,Exc_DeJager_eQTL
chr7_12,SAG,ENSG00000130561,chr7:12232371:G:A,AC_DeJager_eQTL,0.0198348284719473,1,AC_DeJager_eQTL
chr7_12,PNPLA7,ENSG00000130653,chr7:12232371:G:A,Exc_DeJager_eQTL,0.0198348284719473,1,Exc_DeJager_eQTL
chr7_12,EXOSC2,ENSG00000130713,chr7:12232371:G:A,Exc_DeJager_eQTL,0.0198348284719473,1,Exc_DeJager_eQTL
chr7_12,ZNF317,ENSG00000130803,chr7:12232371:G:A,Exc_DeJager_eQTL,0.0198348284719473,1,Exc_DeJager_eQTL
chr7_12,ZNF426,ENSG00000130818,chr7:12232371:G:A,Exc_DeJager_eQTL,0.0198348284719473,2,Exc_DeJager_eQTL|Inh_DeJager_eQTL
chr7_12,SLC7A10,ENSG00000130876,chr7:12232371:G:A,PCC_DeJager_eQTL,0.0198348284719473,1,PCC_DeJager_eQTL
chr7_12,SLC35D2,ENSG00000130958,chr7:12232371:G:A,DLPFC_DeJager_eQTL,0.0198348284719473,1,DLPFC_DeJager_eQTL
chr7_12,RGN,ENSG00000130988,chr7:12232371:G:A,DLPFC_DeJager_eQTL,0.0198348284719473,1,DLPFC_DeJager_eQTL
chr7_12,LATS1,ENSG00000131023,chr7:12232371:G:A,Exc_DeJager_eQTL,0.0198348284719473,1,Exc_DeJager_eQTL
chr7_12,LILRB2,ENSG00000131042,chr7:12232371:G:A,DLPFC_DeJager_eQTL,0.0198348284719473,2,DLPFC_DeJager_eQTL|PCC_DeJager_eQTL
chr7_12,EDA2R,ENSG00000131080,chr7:12232371:G:A,DLPFC_DeJager_eQTL,0.0198348284719473,2,DLPFC_DeJager_eQTL|PCC_DeJager_eQTL
chr7_12,ARHGEF9,ENSG00000131089,chr7:12232371:G:A,Exc_DeJager_eQTL,0.0198348284719473,1,Exc_DeJager_eQTL
chr7_12,C1QL1,ENSG00000131094,chr7:12232371:G:A,Inh_DeJager_eQTL,0.0198348284719473,1,Inh_DeJager_eQTL
chr7_12,NFATC1,ENSG00000131196,chr7:12232371:G:A,AC_DeJager_eQTL,0.0198348284719473,1,AC_DeJager_eQTL
chr7_12,GJA9,ENSG00000131233,chr7:12232371:G:A,DLPFC_DeJager_eQTL,0.0198348284719473,1,DLPFC_DeJager_eQTL
chr7_12,RAB11FIP4,ENSG00000131242,chr7:12232371:G:A,AC_DeJager_eQTL,0.0198348284719473,2,AC_DeJager_eQTL|PCC_DeJager_eQTL
chr7_12,TBC1D5,ENSG00000131374,chr7:12232371:G:A,PCC_DeJager_eQTL,0.0198348284719473,1,PCC_DeJager_eQTL
chr7_12,SLC6A6,ENSG00000131389,chr7:12232371:G:A,Exc_DeJager_eQTL,0.0198348284719473,1,Exc_DeJager_eQTL
chr7_12,PDLIM4,ENSG00000131435,chr7:12232371:G:A,PCC_DeJager_eQTL,0.0198348284719473,1,PCC_DeJager_eQTL
chr7_12,RAMP2,ENSG00000131477,chr7:12232371:G:A,DLPFC_DeJager_eQTL,0.0198348284719473,1,DLPFC_DeJager_eQTL
chr7_12,AOC2,ENSG00000131480,chr7:12232371:G:A,DLPFC_DeJager_eQTL,0.0198348284719473,1,DLPFC_DeJager_eQTL
chr7_12,DIAPH1,ENSG00000131504,chr7:12232371:G:A,PCC_DeJager_eQTL,0.0198348284719473,1,PCC_DeJager_eQTL
chr7_12,C1orf159,ENSG00000131591,chr7:12232371:G:A,Exc_DeJager_eQTL,0.0198348284719473,1,Exc_DeJager_eQTL
chr7_12,PPFIA1,ENSG00000131626,chr7:12232371:G:A,AC_DeJager_eQTL,0.0198348284719473,1,AC_DeJager_eQTL
chr7_12,NPHP4,ENSG00000131697,chr7:12232371:G:A,Exc_DeJager_eQTL,0.0198348284719473,1,Exc_DeJager_eQTL
chr7_12,CKMT2,ENSG00000131730,chr7:12232371:G:A,DLPFC_DeJager_eQTL,0.0198348284719473,1,DLPFC_DeJager_eQTL
chr7_12,KHDRBS3,ENSG00000131773,chr7:12232371:G:A,PCC_DeJager_eQTL,0.0198348284719473,1,PCC_DeJager_eQTL
chr7_12,PRKAB2,ENSG00000131791,chr7:12232371:G:A,AC_DeJager_eQTL,0.0198348284719473,3,AC_DeJager_eQTL|Exc_DeJager_eQTL|PCC_DeJager_eQTL
chr7_12,ZSCAN5A,ENSG00000131848,chr7:12232371:G:A,Exc_DeJager_eQTL,0.0198348284719473,1,Exc_DeJager_eQTL
chr7_12,CHSY1,ENSG00000131873,chr7:12232371:G:A,DLPFC_DeJager_eQTL,0.0198348284719473,1,DLPFC_DeJager_eQTL
chr7_12,THAP1,ENSG00000131931,chr7:12232371:G:A,Exc_DeJager_eQTL,0.0198348284719473,1,Exc_DeJager_eQTL
chr7_12,RHPN2,ENSG00000131941,chr7:12232371:G:A,PCC_DeJager_eQTL,0.0198348284719473,1,PCC_DeJager_eQTL
chr7_12,C19orf12,ENSG00000131943,chr7:12232371:G:A,DLPFC_DeJager_eQTL,0.0198348284719473,1,DLPFC_DeJager_eQTL
chr7_12,MATN3,ENSG00000132031,chr7:12232371:G:A,DLPFC_DeJager_eQTL,0.0198348284719473,1,DLPFC_DeJager_eQTL
chr7_12,TRIM21,ENSG00000132109,chr7:12232371:G:A,DLPFC_DeJager_eQTL,0.0198348284719473,1,DLPFC_DeJager_eQTL
chr7_12,SPATA6,ENSG00000132122,chr7:12232371:G:A,AC_DeJager_eQTL,0.0198348284719473,1,AC_DeJager_eQTL
chr7_12,NUP210,ENSG00000132182,chr7:12232371:G:A,AC_DeJager_eQTL,0.0198348284719473,1,AC_DeJager_eQTL
chr7_12,ENOSF1,ENSG00000132199,chr7:12232371:G:A,PCC_DeJager_eQTL,0.0198348284719473,1,PCC_DeJager_eQTL
chr7_12,EMILIN2,ENSG00000132205,chr7:12232371:G:A,DLPFC_DeJager_eQTL,0.0198348284719473,1,DLPFC_DeJager_eQTL
chr7_12,TRIM5,ENSG00000132256,chr7:12232371:G:A,DLPFC_DeJager_eQTL,0.0198348284719473,1,DLPFC_DeJager_eQTL
chr7_12,RRP8,ENSG00000132275,chr7:12232371:G:A,AC_DeJager_eQTL,0.0198348284719473,1,AC_DeJager_eQTL
chr7_12,TIMM10B,ENSG00000132286,chr7:12232371:G:A,Inh_DeJager_eQTL,0.0198348284719473,1,Inh_DeJager_eQTL
chr7_12,CARD6,ENSG00000132357,chr7:12232371:G:A,AC_DeJager_eQTL,0.0198348284719473,2,AC_DeJager_eQTL|DLPFC_DeJager_eQTL
chr7_12,MYBBP1A,ENSG00000132382,chr7:12232371:G:A,Exc_DeJager_eQTL,0.0198348284719473,1,Exc_DeJager_eQTL
chr7_12,SERPINF1,ENSG00000132386,chr7:12232371:G:A,Exc_DeJager_eQTL,0.0198348284719473,1,Exc_DeJager_eQTL
chr7_12,UBE2G1,ENSG00000132388,chr7:12232371:G:A,Exc_DeJager_eQTL,0.0198348284719473,2,Exc_DeJager_eQTL|Inh_DeJager_eQTL
chr7_12,UTP3,ENSG00000132467,chr7:12232371:G:A,Exc_DeJager_eQTL,0.0198348284719473,1,Exc_DeJager_eQTL
chr7_12,MATN2,ENSG00000132561,chr7:12232371:G:A,DLPFC_DeJager_eQTL,0.0198348284719473,1,DLPFC_DeJager_eQTL
chr7_12,SSTR4,ENSG00000132671,chr7:12232371:G:A,DLPFC_DeJager_eQTL,0.0198348284719473,1,DLPFC_DeJager_eQTL
chr7_12,SYT11,ENSG00000132718,chr7:12232371:G:A,Inh_DeJager_eQTL,0.0198348284719473,1,Inh_DeJager_eQTL
chr7_12,ZSWIM3,ENSG00000132801,chr7:12232371:G:A,DLPFC_DeJager_eQTL,0.0198348284719473,1,DLPFC_DeJager_eQTL
chr7_12,VSTM2L,ENSG00000132821,chr7:12232371:G:A,Inh_DeJager_eQTL,0.0198348284719473,1,Inh_DeJager_eQTL
chr7_12,PATJ,ENSG00000132849,chr7:12232371:G:A,Exc_DeJager_eQTL,0.0198348284719473,1,Exc_DeJager_eQTL
chr7_12,ZMYM5,ENSG00000132950,chr7:12232371:G:A,AC_DeJager_eQTL,0.0198348284719473,1,AC_DeJager_eQTL
chr7_12,SCO1,ENSG00000133028,chr7:12232371:G:A,Exc_DeJager_eQTL,0.0198348284719473,2,Exc_DeJager_eQTL|PCC_DeJager_eQTL
chr7_12,PIK3C2B,ENSG00000133056,chr7:12232371:G:A,DLPFC_DeJager_eQTL,0.0198348284719473,1,DLPFC_DeJager_eQTL
chr7_12,DSTYK,ENSG00000133059,chr7:12232371:G:A,Inh_DeJager_eQTL,0.0198348284719473,1,Inh_DeJager_eQTL
chr7_12,DCLK1,ENSG00000133083,chr7:12232371:G:A,Exc_DeJager_eQTL,0.0198348284719473,1,Exc_DeJager_eQTL
chr7_12,EPSTI1,ENSG00000133106,chr7:12232371:G:A,DLPFC_DeJager_eQTL,0.0198348284719473,2,DLPFC_DeJager_eQTL|PCC_DeJager_eQTL
chr7_12,STARD13,ENSG00000133121,chr7:12232371:G:A,Inh_DeJager_eQTL,0.0198348284719473,1,Inh_DeJager_eQTL
chr7_12,MORC4,ENSG00000133131,chr7:12232371:G:A,DLPFC_DeJager_eQTL,0.0198348284719473,1,DLPFC_DeJager_eQTL
chr7_12,SLC39A11,ENSG00000133195,chr7:12232371:G:A,DLPFC_DeJager_eQTL,0.0198348284719473,1,DLPFC_DeJager_eQTL
chr7_12,SRRM1,ENSG00000133226,chr7:12232371:G:A,AC_DeJager_eQTL,0.0198348284719473,1,AC_DeJager_eQTL
chr7_12,KMT5C,ENSG00000133247,chr7:12232371:G:A,PCC_DeJager_eQTL,0.0198348284719473,1,PCC_DeJager_eQTL
chr7_12,PDE6B,ENSG00000133256,chr7:12232371:G:A,PCC_DeJager_eQTL,0.0198348284719473,1,PCC_DeJager_eQTL
chr7_12,HSPBP1,ENSG00000133265,chr7:12232371:G:A,AC_DeJager_eQTL,0.0198348284719473,1,AC_DeJager_eQTL
chr7_12,BTG1,ENSG00000133639,chr7:12232371:G:A,Exc_DeJager_eQTL,0.0198348284719473,1,Exc_DeJager_eQTL
chr7_12,ATP13A3,ENSG00000133657,chr7:12232371:G:A,PCC_DeJager_eQTL,0.0198348284719473,1,PCC_DeJager_eQTL
chr7_12,TMTC1,ENSG00000133687,chr7:12232371:G:A,PCC_DeJager_eQTL,0.0198348284719473,1,PCC_DeJager_eQTL
chr7_12,IMPA1,ENSG00000133731,chr7:12232371:G:A,Exc_DeJager_eQTL,0.0198348284719473,1,Exc_DeJager_eQTL
chr7_12,LRRCC1,ENSG00000133739,chr7:12232371:G:A,DLPFC_DeJager_eQTL,0.0198348284719473,1,DLPFC_DeJager_eQTL
chr7_12,AMPD3,ENSG00000133805,chr7:12232371:G:A,AC_DeJager_eQTL,0.0198348284719473,1,AC_DeJager_eQTL
chr7_12,RRAS2,ENSG00000133818,chr7:12232371:G:A,Exc_DeJager_eQTL,0.0198348284719473,1,Exc_DeJager_eQTL
chr7_12,DUSP26,ENSG00000133878,chr7:12232371:G:A,Inh_DeJager_eQTL,0.0198348284719473,1,Inh_DeJager_eQTL
chr7_12,UNC79,ENSG00000133958,chr7:12232371:G:A,Exc_DeJager_eQTL,0.0198348284719473,1,Exc_DeJager_eQTL
chr7_12,COX16,ENSG00000133983,chr7:12232371:G:A,Exc_DeJager_eQTL,0.0198348284719473,1,Exc_DeJager_eQTL
chr7_12,LOXL2,ENSG00000134013,chr7:12232371:G:A,DLPFC_DeJager_eQTL,0.0198348284719473,1,DLPFC_DeJager_eQTL
chr7_12,MRPS36,ENSG00000134056,chr7:12232371:G:A,Inh_DeJager_eQTL,0.0198348284719473,1,Inh_DeJager_eQTL
chr7_12,CD180,ENSG00000134061,chr7:12232371:G:A,DLPFC_DeJager_eQTL,0.0198348284719473,1,DLPFC_DeJager_eQTL
chr7_12,EDEM1,ENSG00000134109,chr7:12232371:G:A,Exc_DeJager_eQTL,0.0198348284719473,1,Exc_DeJager_eQTL
chr7_12,GSTM3,ENSG00000134202,chr7:12232371:G:A,Exc_DeJager_eQTL,0.0198348284719473,2,Exc_DeJager_eQTL|Inh_DeJager_eQTL
chr7_12,VAV3,ENSG00000134215,chr7:12232371:G:A,AC_DeJager_eQTL,0.0198348284719473,1,AC_DeJager_eQTL
chr7_12,SORT1,ENSG00000134243,chr7:12232371:G:A,PCC_DeJager_eQTL,0.0198348284719473,1,PCC_DeJager_eQTL
chr7_12,NAPG,ENSG00000134265,chr7:12232371:G:A,Exc_DeJager_eQTL,0.0198348284719473,1,Exc_DeJager_eQTL
chr7_12,TMEM106C,ENSG00000134291,chr7:12232371:G:A,Exc_DeJager_eQTL,0.0198348284719473,1,Exc_DeJager_eQTL
chr7_12,CMPK2,ENSG00000134326,chr7:12232371:G:A,Exc_DeJager_eQTL,0.0198348284719473,1,Exc_DeJager_eQTL
chr7_12,SPX,ENSG00000134548,chr7:12232371:G:A,DLPFC_DeJager_eQTL,0.0198348284719473,1,DLPFC_DeJager_eQTL
chr7_12,CYP2J2,ENSG00000134716,chr7:12232371:G:A,DLPFC_DeJager_eQTL,0.0198348284719473,1,DLPFC_DeJager_eQTL
chr7_12,PRPF38A,ENSG00000134748,chr7:12232371:G:A,Exc_DeJager_eQTL,0.0198348284719473,2,Exc_DeJager_eQTL|Inh_DeJager_eQTL
chr7_12,ELP2,ENSG00000134759,chr7:12232371:G:A,AC_DeJager_eQTL,0.0198348284719473,2,AC_DeJager_eQTL|PCC_DeJager_eQTL
chr7_12,TPGS2,ENSG00000134779,chr7:12232371:G:A,AC_DeJager_eQTL,0.0198348284719473,1,AC_DeJager_eQTL
chr7_12,SLC43A3,ENSG00000134802,chr7:12232371:G:A,AC_DeJager_eQTL,0.0198348284719473,1,AC_DeJager_eQTL
chr7_12,APLNR,ENSG00000134817,chr7:12232371:G:A,DLPFC_DeJager_eQTL,0.0198348284719473,1,DLPFC_DeJager_eQTL
chr7_12,SLC37A2,ENSG00000134955,chr7:12232371:G:A,DLPFC_DeJager_eQTL,0.0198348284719473,2,DLPFC_DeJager_eQTL|PCC_DeJager_eQTL
chr7_12,C9orf40,ENSG00000135045,chr7:12232371:G:A,AC_DeJager_eQTL,0.0198348284719473,3,AC_DeJager_eQTL|Exc_DeJager_eQTL|PCC_DeJager_eQTL
chr7_12,FAM189A2,ENSG00000135063,chr7:12232371:G:A,DLPFC_DeJager_eQTL,0.0198348284719473,1,DLPFC_DeJager_eQTL
chr7_12,OASL,ENSG00000135114,chr7:12232371:G:A,DLPFC_DeJager_eQTL,0.0198348284719473,1,DLPFC_DeJager_eQTL
chr7_12,BICDL1,ENSG00000135127,chr7:12232371:G:A,Inh_DeJager_eQTL,0.0198348284719473,1,Inh_DeJager_eQTL
chr7_12,TRAFD1,ENSG00000135148,chr7:12232371:G:A,DLPFC_DeJager_eQTL,0.0198348284719473,1,DLPFC_DeJager_eQTL
chr7_12,ANKRD6,ENSG00000135299,chr7:12232371:G:A,PCC_DeJager_eQTL,0.0198348284719473,1,PCC_DeJager_eQTL
chr7_12,KHDC1,ENSG00000135314,chr7:12232371:G:A,AC_DeJager_eQTL,0.0198348284719473,1,AC_DeJager_eQTL
chr7_12,NT5E,ENSG00000135318,chr7:12232371:G:A,DLPFC_DeJager_eQTL,0.0198348284719473,1,DLPFC_DeJager_eQTL
chr7_12,MRAP2,ENSG00000135324,chr7:12232371:G:A,AC_DeJager_eQTL,0.0198348284719473,1,AC_DeJager_eQTL
chr7_12,AKIRIN2,ENSG00000135334,chr7:12232371:G:A,PCC_DeJager_eQTL,0.0198348284719473,1,PCC_DeJager_eQTL
chr7_12,PHF21A,ENSG00000135365,chr7:12232371:G:A,AC_DeJager_eQTL,0.0198348284719473,1,AC_DeJager_eQTL
chr7_12,PRRG4,ENSG00000135378,chr7:12232371:G:A,DLPFC_DeJager_eQTL,0.0198348284719473,1,DLPFC_DeJager_eQTL
chr7_12,ITGA7,ENSG00000135424,chr7:12232371:G:A,PCC_DeJager_eQTL,0.0198348284719473,1,PCC_DeJager_eQTL
chr7_12,PPP1R1A,ENSG00000135447,chr7:12232371:G:A,Exc_DeJager_eQTL,0.0198348284719473,1,Exc_DeJager_eQTL
chr7_12,TSPAN31,ENSG00000135452,chr7:12232371:G:A,Exc_DeJager_eQTL,0.0198348284719473,1,Exc_DeJager_eQTL
chr7_12,TFCP2,ENSG00000135457,chr7:12232371:G:A,Inh_DeJager_eQTL,0.0198348284719473,1,Inh_DeJager_eQTL
chr7_12,COQ10A,ENSG00000135469,chr7:12232371:G:A,Exc_DeJager_eQTL,0.0198348284719473,1,Exc_DeJager_eQTL
chr7_12,PAN2,ENSG00000135473,chr7:12232371:G:A,PCC_DeJager_eQTL,0.0198348284719473,1,PCC_DeJager_eQTL
chr7_12,ACVR1B,ENSG00000135503,chr7:12232371:G:A,DLPFC_DeJager_eQTL,0.0198348284719473,1,DLPFC_DeJager_eQTL
chr7_12,OS9,ENSG00000135506,chr7:12232371:G:A,Inh_DeJager_eQTL,0.0198348284719473,1,Inh_DeJager_eQTL
chr7_12,MAP7,ENSG00000135525,chr7:12232371:G:A,DLPFC_DeJager_eQTL,0.0198348284719473,1,DLPFC_DeJager_eQTL
chr7_12,NHSL1,ENSG00000135540,chr7:12232371:G:A,DLPFC_DeJager_eQTL,0.0198348284719473,1,DLPFC_DeJager_eQTL
chr7_12,HEY2,ENSG00000135547,chr7:12232371:G:A,AC_DeJager_eQTL,0.0198348284719473,3,AC_DeJager_eQTL|DLPFC_DeJager_eQTL|PCC_DeJager_eQTL
chr7_12,MICAL1,ENSG00000135596,chr7:12232371:G:A,AC_DeJager_eQTL,0.0198348284719473,1,AC_DeJager_eQTL
chr7_12,STX11,ENSG00000135604,chr7:12232371:G:A,DLPFC_DeJager_eQTL,0.0198348284719473,1,DLPFC_DeJager_eQTL
chr7_12,SMYD5,ENSG00000135632,chr7:12232371:G:A,DLPFC_DeJager_eQTL,0.0198348284719473,2,DLPFC_DeJager_eQTL|PCC_DeJager_eQTL
chr7_12,DYSF,ENSG00000135636,chr7:12232371:G:A,DLPFC_DeJager_eQTL,0.0198348284719473,1,DLPFC_DeJager_eQTL
chr7_12,KCNMB4,ENSG00000135643,chr7:12232371:G:A,PCC_DeJager_eQTL,0.0198348284719473,1,PCC_DeJager_eQTL
chr7_12,RGS8,ENSG00000135824,chr7:12232371:G:A,PCC_DeJager_eQTL,0.0198348284719473,1,PCC_DeJager_eQTL
chr7_12,KIAA1614,ENSG00000135835,chr7:12232371:G:A,AC_DeJager_eQTL,0.0198348284719473,1,AC_DeJager_eQTL
chr7_12,NIBAN1,ENSG00000135842,chr7:12232371:G:A,DLPFC_DeJager_eQTL,0.0198348284719473,1,DLPFC_DeJager_eQTL
chr7_12,TTLL4,ENSG00000135912,chr7:12232371:G:A,AC_DeJager_eQTL,0.0198348284719473,2,AC_DeJager_eQTL|PCC_DeJager_eQTL
chr7_12,SLC19A3,ENSG00000135917,chr7:12232371:G:A,DLPFC_DeJager_eQTL,0.0198348284719473,1,DLPFC_DeJager_eQTL
chr7_12,EIF4E2,ENSG00000135930,chr7:12232371:G:A,Exc_DeJager_eQTL,0.0198348284719473,1,Exc_DeJager_eQTL
chr7_12,MFSD9,ENSG00000135953,chr7:12232371:G:A,AC_DeJager_eQTL,0.0198348284719473,2,AC_DeJager_eQTL|PCC_DeJager_eQTL
chr7_12,TMEM127,ENSG00000135956,chr7:12232371:G:A,PCC_DeJager_eQTL,0.0198348284719473,1,PCC_DeJager_eQTL
chr7_12,C2orf49,ENSG00000135974,chr7:12232371:G:A,Exc_DeJager_eQTL,0.0198348284719473,1,Exc_DeJager_eQTL
chr7_12,ALDH1L2,ENSG00000136010,chr7:12232371:G:A,AC_DeJager_eQTL,0.0198348284719473,1,AC_DeJager_eQTL
chr7_12,NEK3,ENSG00000136098,chr7:12232371:G:A,PCC_DeJager_eQTL,0.0198348284719473,1,PCC_DeJager_eQTL
chr7_12,RNASEH2B,ENSG00000136104,chr7:12232371:G:A,PCC_DeJager_eQTL,0.0198348284719473,1,PCC_DeJager_eQTL
chr7_12,CKAP2,ENSG00000136108,chr7:12232371:G:A,AC_DeJager_eQTL,0.0198348284719473,2,AC_DeJager_eQTL|PCC_DeJager_eQTL
chr7_12,THSD1,ENSG00000136114,chr7:12232371:G:A,DLPFC_DeJager_eQTL,0.0198348284719473,1,DLPFC_DeJager_eQTL
chr7_12,LRCH1,ENSG00000136141,chr7:12232371:G:A,AC_DeJager_eQTL,0.0198348284719473,2,AC_DeJager_eQTL|Exc_DeJager_eQTL
chr7_12,COG3,ENSG00000136152,chr7:12232371:G:A,Exc_DeJager_eQTL,0.0198348284719473,1,Exc_DeJager_eQTL
chr7_12,CIDEB,ENSG00000136305,chr7:12232371:G:A,DLPFC_DeJager_eQTL,0.0198348284719473,2,DLPFC_DeJager_eQTL|PCC_DeJager_eQTL
chr7_12,TTC5,ENSG00000136319,chr7:12232371:G:A,AC_DeJager_eQTL,0.0198348284719473,2,AC_DeJager_eQTL|PCC_DeJager_eQTL
chr7_12,SFTA3,ENSG00000136352,chr7:12232371:G:A,DLPFC_DeJager_eQTL,0.0198348284719473,1,DLPFC_DeJager_eQTL
chr7_12,ADAMTS7,ENSG00000136378,chr7:12232371:G:A,PCC_DeJager_eQTL,0.0198348284719473,1,PCC_DeJager_eQTL
chr7_12,CALCOCO2,ENSG00000136436,chr7:12232371:G:A,Exc_DeJager_eQTL,0.0198348284719473,1,Exc_DeJager_eQTL
chr7_12,NMT1,ENSG00000136448,chr7:12232371:G:A,AC_DeJager_eQTL,0.0198348284719473,1,AC_DeJager_eQTL
chr7_12,TACO1,ENSG00000136463,chr7:12232371:G:A,AC_DeJager_eQTL,0.0198348284719473,2,AC_DeJager_eQTL|Exc_DeJager_eQTL
chr7_12,RTP4,ENSG00000136514,chr7:12232371:G:A,DLPFC_DeJager_eQTL,0.0198348284719473,1,DLPFC_DeJager_eQTL
chr7_12,HLX,ENSG00000136630,chr7:12232371:G:A,PCC_DeJager_eQTL,0.0198348284719473,1,PCC_DeJager_eQTL
chr7_12,CFC1,ENSG00000136698,chr7:12232371:G:A,AC_DeJager_eQTL,0.0198348284719473,2,AC_DeJager_eQTL|PCC_DeJager_eQTL
chr7_12,DNAJC1,ENSG00000136770,chr7:12232371:G:A,AC_DeJager_eQTL,0.0198348284719473,1,AC_DeJager_eQTL
chr7_12,ODF2,ENSG00000136811,chr7:12232371:G:A,PCC_DeJager_eQTL,0.0198348284719473,1,PCC_DeJager_eQTL
chr7_12,C9orf78,ENSG00000136819,chr7:12232371:G:A,Inh_DeJager_eQTL,0.0198348284719473,1,Inh_DeJager_eQTL
chr7_12,SMC2,ENSG00000136824,chr7:12232371:G:A,Exc_DeJager_eQTL,0.0198348284719473,1,Exc_DeJager_eQTL
chr7_12,KLF4,ENSG00000136826,chr7:12232371:G:A,DLPFC_DeJager_eQTL,0.0198348284719473,1,DLPFC_DeJager_eQTL
chr7_12,RALGPS1,ENSG00000136828,chr7:12232371:G:A,Exc_DeJager_eQTL,0.0198348284719473,1,Exc_DeJager_eQTL
chr7_12,TMOD1,ENSG00000136842,chr7:12232371:G:A,PCC_DeJager_eQTL,0.0198348284719473,1,PCC_DeJager_eQTL
chr7_12,ANGPTL2,ENSG00000136859,chr7:12232371:G:A,DLPFC_DeJager_eQTL,0.0198348284719473,2,DLPFC_DeJager_eQTL|PCC_DeJager_eQTL
chr7_12,CDK5RAP2,ENSG00000136861,chr7:12232371:G:A,Exc_DeJager_eQTL,0.0198348284719473,1,Exc_DeJager_eQTL
chr7_12,PRPF4,ENSG00000136875,chr7:12232371:G:A,Inh_DeJager_eQTL,0.0198348284719473,1,Inh_DeJager_eQTL
chr7_12,BAAT,ENSG00000136881,chr7:12232371:G:A,DLPFC_DeJager_eQTL,0.0198348284719473,2,DLPFC_DeJager_eQTL|PCC_DeJager_eQTL
chr7_12,TEX10,ENSG00000136891,chr7:12232371:G:A,AC_DeJager_eQTL,0.0198348284719473,1,AC_DeJager_eQTL
chr7_12,GOLGA1,ENSG00000136935,chr7:12232371:G:A,PCC_DeJager_eQTL,0.0198348284719473,1,PCC_DeJager_eQTL
chr7_12,CCN3,ENSG00000136999,chr7:12232371:G:A,AC_DeJager_eQTL,0.0198348284719473,2,AC_DeJager_eQTL|PCC_DeJager_eQTL
chr7_12,POLR1E,ENSG00000137054,chr7:12232371:G:A,AC_DeJager_eQTL,0.0198348284719473,1,AC_DeJager_eQTL
chr7_12,IL11RA,ENSG00000137070,chr7:12232371:G:A,PCC_DeJager_eQTL,0.0198348284719473,1,PCC_DeJager_eQTL
chr7_12,CMTR1,ENSG00000137200,chr7:12232371:G:A,DLPFC_DeJager_eQTL,0.0198348284719473,1,DLPFC_DeJager_eQTL
chr7_12,TMEM14B,ENSG00000137210,chr7:12232371:G:A,Exc_DeJager_eQTL,0.0198348284719473,2,Exc_DeJager_eQTL|Inh_DeJager_eQTL
chr7_12,SLC22A23,ENSG00000137266,chr7:12232371:G:A,Exc_DeJager_eQTL,0.0198348284719473,1,Exc_DeJager_eQTL
chr7_12,LRRC1,ENSG00000137269,chr7:12232371:G:A,PCC_DeJager_eQTL,0.0198348284719473,1,PCC_DeJager_eQTL
chr7_12,BPHL,ENSG00000137274,chr7:12232371:G:A,AC_DeJager_eQTL,0.0198348284719473,1,AC_DeJager_eQTL
chr7_12,RIPK1,ENSG00000137275,chr7:12232371:G:A,PCC_DeJager_eQTL,0.0198348284719473,1,PCC_DeJager_eQTL
chr7_12,TPMT,ENSG00000137364,chr7:12232371:G:A,Exc_DeJager_eQTL,0.0198348284719473,1,Exc_DeJager_eQTL
chr7_12,NRM,ENSG00000137404,chr7:12232371:G:A,AC_DeJager_eQTL,0.0198348284719473,1,AC_DeJager_eQTL
chr7_12,VARS2,ENSG00000137411,chr7:12232371:G:A,PCC_DeJager_eQTL,0.0198348284719473,1,PCC_DeJager_eQTL
chr7_12,FAM8A1,ENSG00000137414,chr7:12232371:G:A,AC_DeJager_eQTL,0.0198348284719473,1,AC_DeJager_eQTL
chr7_12,CPEB2,ENSG00000137449,chr7:12232371:G:A,PCC_DeJager_eQTL,0.0198348284719473,1,PCC_DeJager_eQTL
chr7_12,ARRB1,ENSG00000137486,chr7:12232371:G:A,PCC_DeJager_eQTL,0.0198348284719473,1,PCC_DeJager_eQTL
chr7_12,IL18BP,ENSG00000137496,chr7:12232371:G:A,PCC_DeJager_eQTL,0.0198348284719473,1,PCC_DeJager_eQTL
chr7_12,TTPA,ENSG00000137561,chr7:12232371:G:A,DLPFC_DeJager_eQTL,0.0198348284719473,1,DLPFC_DeJager_eQTL
chr7_12,DDX60,ENSG00000137628,chr7:12232371:G:A,DLPFC_DeJager_eQTL,0.0198348284719473,1,DLPFC_DeJager_eQTL
chr7_12,MAP2K5,ENSG00000137764,chr7:12232371:G:A,DLPFC_DeJager_eQTL,0.0198348284719473,2,DLPFC_DeJager_eQTL|Exc_DeJager_eQTL
chr7_12,CTDSPL2,ENSG00000137770,chr7:12232371:G:A,PCC_DeJager_eQTL,0.0198348284719473,1,PCC_DeJager_eQTL
chr7_12,NUSAP1,ENSG00000137804,chr7:12232371:G:A,DLPFC_DeJager_eQTL,0.0198348284719473,1,DLPFC_DeJager_eQTL
chr7_12,RTF1,ENSG00000137815,chr7:12232371:G:A,AC_DeJager_eQTL,0.0198348284719473,2,AC_DeJager_eQTL|Exc_DeJager_eQTL
chr7_12,PARP6,ENSG00000137817,chr7:12232371:G:A,DLPFC_DeJager_eQTL,0.0198348284719473,1,DLPFC_DeJager_eQTL
chr7_12,TUBGCP4,ENSG00000137822,chr7:12232371:G:A,DLPFC_DeJager_eQTL,0.0198348284719473,4,DLPFC_DeJager_eQTL|Exc_DeJager_eQTL|Inh_DeJager_eQTL|PCC_DeJager_eQTL
chr7_12,SMAD6,ENSG00000137834,chr7:12232371:G:A,DLPFC_DeJager_eQTL,0.0198348284719473,1,DLPFC_DeJager_eQTL
chr7_12,DUOX1,ENSG00000137857,chr7:12232371:G:A,DLPFC_DeJager_eQTL,0.0198348284719473,1,DLPFC_DeJager_eQTL
chr7_12,BCL2L10,ENSG00000137875,chr7:12232371:G:A,AC_DeJager_eQTL,0.0198348284719473,1,AC_DeJager_eQTL
chr7_12,GCOM1,ENSG00000137878,chr7:12232371:G:A,AC_DeJager_eQTL,0.0198348284719473,1,AC_DeJager_eQTL
chr7_12,GCHFR,ENSG00000137880,chr7:12232371:G:A,AC_DeJager_eQTL,0.0198348284719473,1,AC_DeJager_eQTL
chr7_12,DBT,ENSG00000137992,chr7:12232371:G:A,AC_DeJager_eQTL,0.0198348284719473,1,AC_DeJager_eQTL
chr7_12,KHK,ENSG00000138030,chr7:12232371:G:A,Exc_DeJager_eQTL,0.0198348284719473,2,Exc_DeJager_eQTL|PCC_DeJager_eQTL
chr7_12,PNPT1,ENSG00000138035,chr7:12232371:G:A,PCC_DeJager_eQTL,0.0198348284719473,1,PCC_DeJager_eQTL
chr7_12,EMILIN1,ENSG00000138080,chr7:12232371:G:A,PCC_DeJager_eQTL,0.0198348284719473,1,PCC_DeJager_eQTL
chr7_12,ATRAID,ENSG00000138085,chr7:12232371:G:A,Exc_DeJager_eQTL,0.0198348284719473,1,Exc_DeJager_eQTL
chr7_12,MYOF,ENSG00000138119,chr7:12232371:G:A,AC_DeJager_eQTL,0.0198348284719473,1,AC_DeJager_eQTL
chr7_12,BTBD16,ENSG00000138152,chr7:12232371:G:A,DLPFC_DeJager_eQTL,0.0198348284719473,1,DLPFC_DeJager_eQTL
chr7_12,KIF11,ENSG00000138160,chr7:12232371:G:A,AC_DeJager_eQTL,0.0198348284719473,1,AC_DeJager_eQTL
chr7_12,ARL3,ENSG00000138175,chr7:12232371:G:A,Exc_DeJager_eQTL,0.0198348284719473,1,Exc_DeJager_eQTL
chr7_12,EXOC6,ENSG00000138190,chr7:12232371:G:A,PCC_DeJager_eQTL,0.0198348284719473,1,PCC_DeJager_eQTL
chr7_12,PLCE1,ENSG00000138193,chr7:12232371:G:A,AC_DeJager_eQTL,0.0198348284719473,1,AC_DeJager_eQTL
chr7_12,ADAMTS14,ENSG00000138316,chr7:12232371:G:A,PCC_DeJager_eQTL,0.0198348284719473,1,PCC_DeJager_eQTL
chr7_12,BARD1,ENSG00000138376,chr7:12232371:G:A,AC_DeJager_eQTL,0.0198348284719473,1,AC_DeJager_eQTL
chr7_12,SLC35A5,ENSG00000138459,chr7:12232371:G:A,Exc_DeJager_eQTL,0.0198348284719473,2,Exc_DeJager_eQTL|Inh_DeJager_eQTL
chr7_12,SHF,ENSG00000138606,chr7:12232371:G:A,PCC_DeJager_eQTL,0.0198348284719473,1,PCC_DeJager_eQTL
chr7_12,ARHGAP24,ENSG00000138639,chr7:12232371:G:A,DLPFC_DeJager_eQTL,0.0198348284719473,1,DLPFC_DeJager_eQTL
chr7_12,FAM13A,ENSG00000138640,chr7:12232371:G:A,PCC_DeJager_eQTL,0.0198348284719473,1,PCC_DeJager_eQTL
chr7_12,LARP1B,ENSG00000138709,chr7:12232371:G:A,Inh_DeJager_eQTL,0.0198348284719473,1,Inh_DeJager_eQTL
chr7_12,PRDM5,ENSG00000138738,chr7:12232371:G:A,AC_DeJager_eQTL,0.0198348284719473,1,AC_DeJager_eQTL
chr7_12,NAAA,ENSG00000138744,chr7:12232371:G:A,AC_DeJager_eQTL,0.0198348284719473,1,AC_DeJager_eQTL
chr7_12,BMP2K,ENSG00000138756,chr7:12232371:G:A,PCC_DeJager_eQTL,0.0198348284719473,1,PCC_DeJager_eQTL
chr7_12,FRAS1,ENSG00000138759,chr7:12232371:G:A,Inh_DeJager_eQTL,0.0198348284719473,1,Inh_DeJager_eQTL
chr7_12,CCNG2,ENSG00000138764,chr7:12232371:G:A,Inh_DeJager_eQTL,0.0198348284719473,2,Inh_DeJager_eQTL|PCC_DeJager_eQTL
chr7_12,SLC39A8,ENSG00000138821,chr7:12232371:G:A,DLPFC_DeJager_eQTL,0.0198348284719473,1,DLPFC_DeJager_eQTL
chr7_12,FBN2,ENSG00000138829,chr7:12232371:G:A,AC_DeJager_eQTL,0.0198348284719473,1,AC_DeJager_eQTL
chr7_12,RGS3,ENSG00000138835,chr7:12232371:G:A,AC_DeJager_eQTL,0.0198348284719473,1,AC_DeJager_eQTL
chr7_12,CPNE8,ENSG00000139117,chr7:12232371:G:A,PCC_DeJager_eQTL,0.0198348284719473,1,PCC_DeJager_eQTL
chr7_12,YARS2,ENSG00000139131,chr7:12232371:G:A,Exc_DeJager_eQTL,0.0198348284719473,2,Exc_DeJager_eQTL|Inh_DeJager_eQTL
chr7_12,ETNK1,ENSG00000139163,chr7:12232371:G:A,AC_DeJager_eQTL,0.0198348284719473,1,AC_DeJager_eQTL
chr7_12,TMEM117,ENSG00000139173,chr7:12232371:G:A,Exc_DeJager_eQTL,0.0198348284719473,1,Exc_DeJager_eQTL
chr7_12,VAMP1,ENSG00000139190,chr7:12232371:G:A,DLPFC_DeJager_eQTL,0.0198348284719473,2,DLPFC_DeJager_eQTL|Exc_DeJager_eQTL
chr7_12,TAPBPL,ENSG00000139192,chr7:12232371:G:A,DLPFC_DeJager_eQTL,0.0198348284719473,1,DLPFC_DeJager_eQTL
chr7_12,LRIG3,ENSG00000139263,chr7:12232371:G:A,AC_DeJager_eQTL,0.0198348284719473,3,AC_DeJager_eQTL|DLPFC_DeJager_eQTL|PCC_DeJager_eQTL
chr7_12,GLIPR1,ENSG00000139278,chr7:12232371:G:A,Inh_DeJager_eQTL,0.0198348284719473,1,Inh_DeJager_eQTL
chr7_12,TMEM19,ENSG00000139291,chr7:12232371:G:A,Exc_DeJager_eQTL,0.0198348284719473,3,Exc_DeJager_eQTL|Inh_DeJager_eQTL|PCC_DeJager_eQTL
chr7_12,LUM,ENSG00000139329,chr7:12232371:G:A,DLPFC_DeJager_eQTL,0.0198348284719473,1,DLPFC_DeJager_eQTL
chr7_12,RITA1,ENSG00000139405,chr7:12232371:G:A,Inh_DeJager_eQTL,0.0198348284719473,1,Inh_DeJager_eQTL
chr7_12,NUP58,ENSG00000139496,chr7:12232371:G:A,AC_DeJager_eQTL,0.0198348284719473,1,AC_DeJager_eQTL
chr7_12,NABP2,ENSG00000139579,chr7:12232371:G:A,Inh_DeJager_eQTL,0.0198348284719473,1,Inh_DeJager_eQTL
chr7_12,SMARCC2,ENSG00000139613,chr7:12232371:G:A,PCC_DeJager_eQTL,0.0198348284719473,1,PCC_DeJager_eQTL
chr7_12,CERS5,ENSG00000139624,chr7:12232371:G:A,Exc_DeJager_eQTL,0.0198348284719473,1,Exc_DeJager_eQTL
chr7_12,ITGB7,ENSG00000139626,chr7:12232371:G:A,DLPFC_DeJager_eQTL,0.0198348284719473,1,DLPFC_DeJager_eQTL
chr7_12,SBNO1,ENSG00000139697,chr7:12232371:G:A,Exc_DeJager_eQTL,0.0198348284719473,1,Exc_DeJager_eQTL
chr7_12,ABHD13,ENSG00000139826,chr7:12232371:G:A,AC_DeJager_eQTL,0.0198348284719473,1,AC_DeJager_eQTL
chr7_12,RAB20,ENSG00000139832,chr7:12232371:G:A,DLPFC_DeJager_eQTL,0.0198348284719473,1,DLPFC_DeJager_eQTL
chr7_12,GRTP1,ENSG00000139835,chr7:12232371:G:A,DLPFC_DeJager_eQTL,0.0198348284719473,1,DLPFC_DeJager_eQTL
chr7_12,SSTR1,ENSG00000139874,chr7:12232371:G:A,Exc_DeJager_eQTL,0.0198348284719473,1,Exc_DeJager_eQTL
chr7_12,NOVA1,ENSG00000139910,chr7:12232371:G:A,AC_DeJager_eQTL,0.0198348284719473,1,AC_DeJager_eQTL
chr7_12,DCAF5,ENSG00000139990,chr7:12232371:G:A,DLPFC_DeJager_eQTL,0.0198348284719473,2,DLPFC_DeJager_eQTL|Exc_DeJager_eQTL
chr7_12,RAB15,ENSG00000139998,chr7:12232371:G:A,AC_DeJager_eQTL,0.0198348284719473,1,AC_DeJager_eQTL
chr7_12,SLC24A4,ENSG00000140090,chr7:12232371:G:A,DLPFC_DeJager_eQTL,0.0198348284719473,1,DLPFC_DeJager_eQTL
chr7_12,FBLN5,ENSG00000140092,chr7:12232371:G:A,AC_DeJager_eQTL,0.0198348284719473,1,AC_DeJager_eQTL
chr7_12,SORD,ENSG00000140263,chr7:12232371:G:A,Exc_DeJager_eQTL,0.0198348284719473,1,Exc_DeJager_eQTL
chr7_12,SLC27A2,ENSG00000140284,chr7:12232371:G:A,AC_DeJager_eQTL,0.0198348284719473,1,AC_DeJager_eQTL
chr7_12,DISP2,ENSG00000140323,chr7:12232371:G:A,Inh_DeJager_eQTL,0.0198348284719473,1,Inh_DeJager_eQTL
chr7_12,CDAN1,ENSG00000140326,chr7:12232371:G:A,PCC_DeJager_eQTL,0.0198348284719473,1,PCC_DeJager_eQTL
chr7_12,MAN2C1,ENSG00000140400,chr7:12232371:G:A,PCC_DeJager_eQTL,0.0198348284719473,1,PCC_DeJager_eQTL
chr7_12,TPM1,ENSG00000140416,chr7:12232371:G:A,AC_DeJager_eQTL,0.0198348284719473,3,AC_DeJager_eQTL|Exc_DeJager_eQTL|PCC_DeJager_eQTL
chr7_12,PCSK6,ENSG00000140479,chr7:12232371:G:A,DLPFC_DeJager_eQTL,0.0198348284719473,1,DLPFC_DeJager_eQTL
chr7_12,RLBP1,ENSG00000140522,chr7:12232371:G:A,DLPFC_DeJager_eQTL,0.0198348284719473,1,DLPFC_DeJager_eQTL
chr7_12,ITGAX,ENSG00000140678,chr7:12232371:G:A,DLPFC_DeJager_eQTL,0.0198348284719473,2,DLPFC_DeJager_eQTL|PCC_DeJager_eQTL
chr7_12,TGFB1I1,ENSG00000140682,chr7:12232371:G:A,AC_DeJager_eQTL,0.0198348284719473,1,AC_DeJager_eQTL
chr7_12,IGSF6,ENSG00000140749,chr7:12232371:G:A,DLPFC_DeJager_eQTL,0.0198348284719473,1,DLPFC_DeJager_eQTL
chr7_12,ZFHX3,ENSG00000140836,chr7:12232371:G:A,DLPFC_DeJager_eQTL,0.0198348284719473,1,DLPFC_DeJager_eQTL
chr7_12,CLEC18B,ENSG00000140839,chr7:12232371:G:A,PCC_DeJager_eQTL,0.0198348284719473,1,PCC_DeJager_eQTL
chr7_12,NLRC5,ENSG00000140853,chr7:12232371:G:A,DLPFC_DeJager_eQTL,0.0198348284719473,1,DLPFC_DeJager_eQTL
chr7_12,MBTPS1,ENSG00000140943,chr7:12232371:G:A,DLPFC_DeJager_eQTL,0.0198348284719473,2,DLPFC_DeJager_eQTL|PCC_DeJager_eQTL
chr7_12,IRF8,ENSG00000140968,chr7:12232371:G:A,DLPFC_DeJager_eQTL,0.0198348284719473,1,DLPFC_DeJager_eQTL
chr7_12,GAS8,ENSG00000141013,chr7:12232371:G:A,PCC_DeJager_eQTL,0.0198348284719473,1,PCC_DeJager_eQTL
chr7_12,GID4,ENSG00000141034,chr7:12232371:G:A,PCC_DeJager_eQTL,0.0198348284719473,1,PCC_DeJager_eQTL
chr7_12,GFOD2,ENSG00000141098,chr7:12232371:G:A,AC_DeJager_eQTL,0.0198348284719473,2,AC_DeJager_eQTL|Exc_DeJager_eQTL
chr7_12,TOM1L1,ENSG00000141198,chr7:12232371:G:A,PCC_DeJager_eQTL,0.0198348284719473,1,PCC_DeJager_eQTL
chr7_12,SCRN2,ENSG00000141295,chr7:12232371:G:A,PCC_DeJager_eQTL,0.0198348284719473,1,PCC_DeJager_eQTL
chr7_12,RHBDL3,ENSG00000141314,chr7:12232371:G:A,DLPFC_DeJager_eQTL,0.0198348284719473,1,DLPFC_DeJager_eQTL
chr7_12,ESCO1,ENSG00000141446,chr7:12232371:G:A,Exc_DeJager_eQTL,0.0198348284719473,1,Exc_DeJager_eQTL
chr7_12,ZMYND15,ENSG00000141497,chr7:12232371:G:A,DLPFC_DeJager_eQTL,0.0198348284719473,2,DLPFC_DeJager_eQTL|PCC_DeJager_eQTL
chr7_12,TP53,ENSG00000141510,chr7:12232371:G:A,AC_DeJager_eQTL,0.0198348284719473,1,AC_DeJager_eQTL
chr7_12,CCDC40,ENSG00000141519,chr7:12232371:G:A,PCC_DeJager_eQTL,0.0198348284719473,1,PCC_DeJager_eQTL
chr7_12,MBD1,ENSG00000141644,chr7:12232371:G:A,PCC_DeJager_eQTL,0.0198348284719473,1,PCC_DeJager_eQTL
chr7_12,NT5C3B,ENSG00000141698,chr7:12232371:G:A,Inh_DeJager_eQTL,0.0198348284719473,1,Inh_DeJager_eQTL
chr7_12,ERBB2,ENSG00000141736,chr7:12232371:G:A,DLPFC_DeJager_eQTL,0.0198348284719473,1,DLPFC_DeJager_eQTL
chr7_12,GRB7,ENSG00000141738,chr7:12232371:G:A,DLPFC_DeJager_eQTL,0.0198348284719473,1,DLPFC_DeJager_eQTL
chr7_12,FKBP10,ENSG00000141756,chr7:12232371:G:A,AC_DeJager_eQTL,0.0198348284719473,1,AC_DeJager_eQTL
chr7_12,SIRT3,ENSG00000142082,chr7:12232371:G:A,AC_DeJager_eQTL,0.0198348284719473,1,AC_DeJager_eQTL
chr7_12,PGGHG,ENSG00000142102,chr7:12232371:G:A,PCC_DeJager_eQTL,0.0198348284719473,1,PCC_DeJager_eQTL
chr7_12,COL6A1,ENSG00000142156,chr7:12232371:G:A,AC_DeJager_eQTL,0.0198348284719473,1,AC_DeJager_eQTL
chr7_12,IFNAR1,ENSG00000142166,chr7:12232371:G:A,Exc_DeJager_eQTL,0.0198348284719473,1,Exc_DeJager_eQTL
chr7_12,COL6A2,ENSG00000142173,chr7:12232371:G:A,PCC_DeJager_eQTL,0.0198348284719473,1,PCC_DeJager_eQTL
chr7_12,PRDM16,ENSG00000142611,chr7:12232371:G:A,AC_DeJager_eQTL,0.0198348284719473,1,AC_DeJager_eQTL
chr7_12,EPHA2,ENSG00000142627,chr7:12232371:G:A,DLPFC_DeJager_eQTL,0.0198348284719473,1,DLPFC_DeJager_eQTL
chr7_12,PGD,ENSG00000142657,chr7:12232371:G:A,Exc_DeJager_eQTL,0.0198348284719473,1,Exc_DeJager_eQTL
chr7_12,HSPG2,ENSG00000142798,chr7:12232371:G:A,AC_DeJager_eQTL,0.0198348284719473,3,AC_DeJager_eQTL|DLPFC_DeJager_eQTL|PCC_DeJager_eQTL
chr7_12,SERBP1,ENSG00000142864,chr7:12232371:G:A,Inh_DeJager_eQTL,0.0198348284719473,1,Inh_DeJager_eQTL
chr7_12,TINAGL1,ENSG00000142910,chr7:12232371:G:A,AC_DeJager_eQTL,0.0198348284719473,2,AC_DeJager_eQTL|PCC_DeJager_eQTL
chr7_12,AZIN2,ENSG00000142920,chr7:12232371:G:A,Exc_DeJager_eQTL,0.0198348284719473,2,Exc_DeJager_eQTL|PCC_DeJager_eQTL
chr7_12,SLC44A3,ENSG00000143036,chr7:12232371:G:A,DLPFC_DeJager_eQTL,0.0198348284719473,1,DLPFC_DeJager_eQTL
chr7_12,CTTNBP2NL,ENSG00000143079,chr7:12232371:G:A,AC_DeJager_eQTL,0.0198348284719473,1,AC_DeJager_eQTL
chr7_12,POGK,ENSG00000143157,chr7:12232371:G:A,Exc_DeJager_eQTL,0.0198348284719473,1,Exc_DeJager_eQTL
chr7_12,TBX19,ENSG00000143178,chr7:12232371:G:A,DLPFC_DeJager_eQTL,0.0198348284719473,1,DLPFC_DeJager_eQTL
chr7_12,UCK2,ENSG00000143179,chr7:12232371:G:A,AC_DeJager_eQTL,0.0198348284719473,2,AC_DeJager_eQTL|PCC_DeJager_eQTL
chr7_12,TMCO1,ENSG00000143183,chr7:12232371:G:A,Exc_DeJager_eQTL,0.0198348284719473,2,Exc_DeJager_eQTL|Inh_DeJager_eQTL
chr7_12,DPT,ENSG00000143196,chr7:12232371:G:A,DLPFC_DeJager_eQTL,0.0198348284719473,1,DLPFC_DeJager_eQTL
chr7_12,CASQ1,ENSG00000143318,chr7:12232371:G:A,Exc_DeJager_eQTL,0.0198348284719473,2,Exc_DeJager_eQTL|PCC_DeJager_eQTL
chr7_12,XPR1,ENSG00000143324,chr7:12232371:G:A,AC_DeJager_eQTL,0.0198348284719473,1,AC_DeJager_eQTL
chr7_12,RGS16,ENSG00000143333,chr7:12232371:G:A,Inh_DeJager_eQTL,0.0198348284719473,1,Inh_DeJager_eQTL
chr7_12,FAM163A,ENSG00000143340,chr7:12232371:G:A,DLPFC_DeJager_eQTL,0.0198348284719473,1,DLPFC_DeJager_eQTL
chr7_12,ECM1,ENSG00000143369,chr7:12232371:G:A,AC_DeJager_eQTL,0.0198348284719473,1,AC_DeJager_eQTL
chr7_12,TARS2,ENSG00000143374,chr7:12232371:G:A,AC_DeJager_eQTL,0.0198348284719473,1,AC_DeJager_eQTL
chr7_12,CGN,ENSG00000143375,chr7:12232371:G:A,AC_DeJager_eQTL,0.0198348284719473,2,AC_DeJager_eQTL|PCC_DeJager_eQTL
chr7_12,PIP5K1A,ENSG00000143398,chr7:12232371:G:A,PCC_DeJager_eQTL,0.0198348284719473,1,PCC_DeJager_eQTL
chr7_12,MINDY1,ENSG00000143409,chr7:12232371:G:A,DLPFC_DeJager_eQTL,0.0198348284719473,1,DLPFC_DeJager_eQTL
chr7_12,ENSA,ENSG00000143420,chr7:12232371:G:A,DLPFC_DeJager_eQTL,0.0198348284719473,1,DLPFC_DeJager_eQTL
chr7_12,GOLPH3L,ENSG00000143457,chr7:12232371:G:A,PCC_DeJager_eQTL,0.0198348284719473,1,PCC_DeJager_eQTL
chr7_12,SUSD4,ENSG00000143502,chr7:12232371:G:A,Exc_DeJager_eQTL,0.0198348284719473,1,Exc_DeJager_eQTL
chr7_12,DUSP10,ENSG00000143507,chr7:12232371:G:A,AC_DeJager_eQTL,0.0198348284719473,2,AC_DeJager_eQTL|DLPFC_DeJager_eQTL
chr7_12,ATP8B2,ENSG00000143515,chr7:12232371:G:A,Exc_DeJager_eQTL,0.0198348284719473,1,Exc_DeJager_eQTL
chr7_12,ADAM15,ENSG00000143537,chr7:12232371:G:A,PCC_DeJager_eQTL,0.0198348284719473,1,PCC_DeJager_eQTL
chr7_12,JTB,ENSG00000143543,chr7:12232371:G:A,Inh_DeJager_eQTL,0.0198348284719473,1,Inh_DeJager_eQTL
chr7_12,EFNA3,ENSG00000143590,chr7:12232371:G:A,PCC_DeJager_eQTL,0.0198348284719473,1,PCC_DeJager_eQTL
chr7_12,C1orf43,ENSG00000143612,chr7:12232371:G:A,Inh_DeJager_eQTL,0.0198348284719473,1,Inh_DeJager_eQTL
chr7_12,DEGS1,ENSG00000143753,chr7:12232371:G:A,Inh_DeJager_eQTL,0.0198348284719473,1,Inh_DeJager_eQTL
chr7_12,CNIH3,ENSG00000143786,chr7:12232371:G:A,DLPFC_DeJager_eQTL,0.0198348284719473,1,DLPFC_DeJager_eQTL
chr7_12,MBOAT2,ENSG00000143797,chr7:12232371:G:A,DLPFC_DeJager_eQTL,0.0198348284719473,1,DLPFC_DeJager_eQTL
chr7_12,PARP1,ENSG00000143799,chr7:12232371:G:A,DLPFC_DeJager_eQTL,0.0198348284719473,1,DLPFC_DeJager_eQTL
chr7_12,HNRNPLL,ENSG00000143889,chr7:12232371:G:A,PCC_DeJager_eQTL,0.0198348284719473,1,PCC_DeJager_eQTL
chr7_12,MEIS1,ENSG00000143995,chr7:12232371:G:A,DLPFC_DeJager_eQTL,0.0198348284719473,1,DLPFC_DeJager_eQTL
chr7_12,CIAO1,ENSG00000144021,chr7:12232371:G:A,Inh_DeJager_eQTL,0.0198348284719473,1,Inh_DeJager_eQTL
chr7_12,SNRNP200,ENSG00000144028,chr7:12232371:G:A,Exc_DeJager_eQTL,0.0198348284719473,1,Exc_DeJager_eQTL
chr7_12,DQX1,ENSG00000144045,chr7:12232371:G:A,AC_DeJager_eQTL,0.0198348284719473,1,AC_DeJager_eQTL
chr7_12,ZC3H8,ENSG00000144161,chr7:12232371:G:A,AC_DeJager_eQTL,0.0198348284719473,2,AC_DeJager_eQTL|PCC_DeJager_eQTL
chr7_12,GPR17,ENSG00000144230,chr7:12232371:G:A,DLPFC_DeJager_eQTL,0.0198348284719473,1,DLPFC_DeJager_eQTL
chr7_12,POLR2D,ENSG00000144231,chr7:12232371:G:A,Exc_DeJager_eQTL,0.0198348284719473,2,Exc_DeJager_eQTL|PCC_DeJager_eQTL
chr7_12,SCRN3,ENSG00000144306,chr7:12232371:G:A,Exc_DeJager_eQTL,0.0198348284719473,1,Exc_DeJager_eQTL
chr7_12,TMEFF2,ENSG00000144339,chr7:12232371:G:A,AC_DeJager_eQTL,0.0198348284719473,1,AC_DeJager_eQTL
chr7_12,GULP1,ENSG00000144366,chr7:12232371:G:A,AC_DeJager_eQTL,0.0198348284719473,1,AC_DeJager_eQTL
chr7_12,PTH2R,ENSG00000144407,chr7:12232371:G:A,PCC_DeJager_eQTL,0.0198348284719473,1,PCC_DeJager_eQTL
chr7_12,SPAG16,ENSG00000144451,chr7:12232371:G:A,DLPFC_DeJager_eQTL,0.0198348284719473,1,DLPFC_DeJager_eQTL
chr7_12,RHBDD1,ENSG00000144468,chr7:12232371:G:A,AC_DeJager_eQTL,0.0198348284719473,1,AC_DeJager_eQTL
chr7_12,RETREG2,ENSG00000144567,chr7:12232371:G:A,DLPFC_DeJager_eQTL,0.0198348284719473,1,DLPFC_DeJager_eQTL
chr7_12,POMGNT2,ENSG00000144647,chr7:12232371:G:A,AC_DeJager_eQTL,0.0198348284719473,2,AC_DeJager_eQTL|PCC_DeJager_eQTL
chr7_12,GOLGA4,ENSG00000144674,chr7:12232371:G:A,Exc_DeJager_eQTL,0.0198348284719473,1,Exc_DeJager_eQTL
chr7_12,LRIG1,ENSG00000144749,chr7:12232371:G:A,AC_DeJager_eQTL,0.0198348284719473,1,AC_DeJager_eQTL
chr7_12,NXPE3,ENSG00000144815,chr7:12232371:G:A,AC_DeJager_eQTL,0.0198348284719473,1,AC_DeJager_eQTL
chr7_12,PHLDB2,ENSG00000144824,chr7:12232371:G:A,PCC_DeJager_eQTL,0.0198348284719473,1,PCC_DeJager_eQTL
chr7_12,NICN1,ENSG00000145029,chr7:12232371:G:A,AC_DeJager_eQTL,0.0198348284719473,1,AC_DeJager_eQTL
chr7_12,DCAF1,ENSG00000145041,chr7:12232371:G:A,PCC_DeJager_eQTL,0.0198348284719473,1,PCC_DeJager_eQTL
chr7_12,EAF2,ENSG00000145088,chr7:12232371:G:A,PCC_DeJager_eQTL,0.0198348284719473,1,PCC_DeJager_eQTL
chr7_12,VWA5B2,ENSG00000145198,chr7:12232371:G:A,PCC_DeJager_eQTL,0.0198348284719473,1,PCC_DeJager_eQTL
chr7_12,GLRA3,ENSG00000145451,chr7:12232371:G:A,AC_DeJager_eQTL,0.0198348284719473,1,AC_DeJager_eQTL
chr7_12,CYP4V2,ENSG00000145476,chr7:12232371:G:A,DLPFC_DeJager_eQTL,0.0198348284719473,2,DLPFC_DeJager_eQTL|PCC_DeJager_eQTL
chr7_12,SRD5A1,ENSG00000145545,chr7:12232371:G:A,AC_DeJager_eQTL,0.0198348284719473,1,AC_DeJager_eQTL
chr7_12,HAPLN1,ENSG00000145681,chr7:12232371:G:A,AC_DeJager_eQTL,0.0198348284719473,1,AC_DeJager_eQTL
chr7_12,CXCL14,ENSG00000145824,chr7:12232371:G:A,Inh_DeJager_eQTL,0.0198348284719473,1,Inh_DeJager_eQTL
chr7_12,RNF145,ENSG00000145860,chr7:12232371:G:A,AC_DeJager_eQTL,0.0198348284719473,2,AC_DeJager_eQTL|Exc_DeJager_eQTL
chr7_12,C1QTNF2,ENSG00000145861,chr7:12232371:G:A,AC_DeJager_eQTL,0.0198348284719473,1,AC_DeJager_eQTL
chr7_12,TNIP1,ENSG00000145901,chr7:12232371:G:A,Exc_DeJager_eQTL,0.0198348284719473,1,Exc_DeJager_eQTL
chr7_12,TENM2,ENSG00000145934,chr7:12232371:G:A,Exc_DeJager_eQTL,0.0198348284719473,1,Exc_DeJager_eQTL
chr7_12,KCNMB1,ENSG00000145936,chr7:12232371:G:A,DLPFC_DeJager_eQTL,0.0198348284719473,1,DLPFC_DeJager_eQTL
chr7_12,MYLK4,ENSG00000145949,chr7:12232371:G:A,AC_DeJager_eQTL,0.0198348284719473,2,AC_DeJager_eQTL|PCC_DeJager_eQTL
chr7_12,TBC1D7,ENSG00000145979,chr7:12232371:G:A,DLPFC_DeJager_eQTL,0.0198348284719473,1,DLPFC_DeJager_eQTL
chr7_12,GFOD1,ENSG00000145990,chr7:12232371:G:A,DLPFC_DeJager_eQTL,0.0198348284719473,1,DLPFC_DeJager_eQTL
chr7_12,DAAM2,ENSG00000146122,chr7:12232371:G:A,AC_DeJager_eQTL,0.0198348284719473,2,AC_DeJager_eQTL|PCC_DeJager_eQTL
chr7_12,SCUBE3,ENSG00000146197,chr7:12232371:G:A,DLPFC_DeJager_eQTL,0.0198348284719473,1,DLPFC_DeJager_eQTL
chr7_12,TPBG,ENSG00000146242,chr7:12232371:G:A,DLPFC_DeJager_eQTL,0.0198348284719473,1,DLPFC_DeJager_eQTL
chr7_12,CLVS2,ENSG00000146352,chr7:12232371:G:A,AC_DeJager_eQTL,0.0198348284719473,1,AC_DeJager_eQTL
chr7_12,VIP,ENSG00000146469,chr7:12232371:G:A,PCC_DeJager_eQTL,0.0198348284719473,1,PCC_DeJager_eQTL
chr7_12,CDCA5,ENSG00000146670,chr7:12232371:G:A,PCC_DeJager_eQTL,0.0198348284719473,1,PCC_DeJager_eQTL
chr7_12,KDM6A,ENSG00000147050,chr7:12232371:G:A,AC_DeJager_eQTL,0.0198348284719473,1,AC_DeJager_eQTL
chr7_12,SPIN2A,ENSG00000147059,chr7:12232371:G:A,DLPFC_DeJager_eQTL,0.0198348284719473,1,DLPFC_DeJager_eQTL
chr7_12,CHST7,ENSG00000147119,chr7:12232371:G:A,PCC_DeJager_eQTL,0.0198348284719473,1,PCC_DeJager_eQTL
chr7_12,KRBOX4,ENSG00000147121,chr7:12232371:G:A,DLPFC_DeJager_eQTL,0.0198348284719473,2,DLPFC_DeJager_eQTL|PCC_DeJager_eQTL
chr7_12,LPAR4,ENSG00000147145,chr7:12232371:G:A,DLPFC_DeJager_eQTL,0.0198348284719473,1,DLPFC_DeJager_eQTL
chr7_12,ZNF711,ENSG00000147180,chr7:12232371:G:A,Exc_DeJager_eQTL,0.0198348284719473,1,Exc_DeJager_eQTL
chr7_12,HTR2C,ENSG00000147246,chr7:12232371:G:A,DLPFC_DeJager_eQTL,0.0198348284719473,1,DLPFC_DeJager_eQTL
chr7_12,GINS4,ENSG00000147536,chr7:12232371:G:A,DLPFC_DeJager_eQTL,0.0198348284719473,2,DLPFC_DeJager_eQTL|PCC_DeJager_eQTL
chr7_12,ADHFE1,ENSG00000147576,chr7:12232371:G:A,DLPFC_DeJager_eQTL,0.0198348284719473,1,DLPFC_DeJager_eQTL
chr7_12,PMP2,ENSG00000147588,chr7:12232371:G:A,DLPFC_DeJager_eQTL,0.0198348284719473,1,DLPFC_DeJager_eQTL
chr7_12,MAL2,ENSG00000147676,chr7:12232371:G:A,Exc_DeJager_eQTL,0.0198348284719473,1,Exc_DeJager_eQTL
chr7_12,ARHGAP39,ENSG00000147799,chr7:12232371:G:A,Exc_DeJager_eQTL,0.0198348284719473,1,Exc_DeJager_eQTL
chr7_12,NFIB,ENSG00000147862,chr7:12232371:G:A,DLPFC_DeJager_eQTL,0.0198348284719473,1,DLPFC_DeJager_eQTL
chr7_12,CDKN2B,ENSG00000147883,chr7:12232371:G:A,AC_DeJager_eQTL,0.0198348284719473,2,AC_DeJager_eQTL|DLPFC_DeJager_eQTL
chr7_12,CDKN2A,ENSG00000147889,chr7:12232371:G:A,AC_DeJager_eQTL,0.0198348284719473,2,AC_DeJager_eQTL|PCC_DeJager_eQTL
chr7_12,FBXO10,ENSG00000147912,chr7:12232371:G:A,DLPFC_DeJager_eQTL,0.0198348284719473,1,DLPFC_DeJager_eQTL
chr7_12,AOPEP,ENSG00000148120,chr7:12232371:G:A,AC_DeJager_eQTL,0.0198348284719473,1,AC_DeJager_eQTL
chr7_12,PLPPR1,ENSG00000148123,chr7:12232371:G:A,DLPFC_DeJager_eQTL,0.0198348284719473,1,DLPFC_DeJager_eQTL
chr7_12,INIP,ENSG00000148153,chr7:12232371:G:A,PCC_DeJager_eQTL,0.0198348284719473,1,PCC_DeJager_eQTL
chr7_12,UGCG,ENSG00000148154,chr7:12232371:G:A,AC_DeJager_eQTL,0.0198348284719473,1,AC_DeJager_eQTL
chr7_12,GSN,ENSG00000148180,chr7:12232371:G:A,AC_DeJager_eQTL,0.0198348284719473,1,AC_DeJager_eQTL
chr7_12,ALAD,ENSG00000148218,chr7:12232371:G:A,Exc_DeJager_eQTL,0.0198348284719473,1,Exc_DeJager_eQTL
chr7_12,GBGT1,ENSG00000148288,chr7:12232371:G:A,PCC_DeJager_eQTL,0.0198348284719473,1,PCC_DeJager_eQTL
chr7_12,SURF6,ENSG00000148296,chr7:12232371:G:A,Inh_DeJager_eQTL,0.0198348284719473,1,Inh_DeJager_eQTL
chr7_12,PTGES2,ENSG00000148334,chr7:12232371:G:A,PCC_DeJager_eQTL,0.0198348284719473,1,PCC_DeJager_eQTL
chr7_12,PROSER2,ENSG00000148426,chr7:12232371:G:A,DLPFC_DeJager_eQTL,0.0198348284719473,1,DLPFC_DeJager_eQTL
chr7_12,USP6NL,ENSG00000148429,chr7:12232371:G:A,AC_DeJager_eQTL,0.0198348284719473,1,AC_DeJager_eQTL
chr7_12,COMMD3,ENSG00000148444,chr7:12232371:G:A,Exc_DeJager_eQTL,0.0198348284719473,1,Exc_DeJager_eQTL
chr7_12,ST8SIA6,ENSG00000148488,chr7:12232371:G:A,DLPFC_DeJager_eQTL,0.0198348284719473,1,DLPFC_DeJager_eQTL
chr7_12,LRMDA,ENSG00000148655,chr7:12232371:G:A,DLPFC_DeJager_eQTL,0.0198348284719473,1,DLPFC_DeJager_eQTL
chr7_12,CAMK2G,ENSG00000148660,chr7:12232371:G:A,Exc_DeJager_eQTL,0.0198348284719473,1,Exc_DeJager_eQTL
chr7_12,HTR7,ENSG00000148680,chr7:12232371:G:A,Exc_DeJager_eQTL,0.0198348284719473,1,Exc_DeJager_eQTL
chr7_12,FRA10AC1,ENSG00000148690,chr7:12232371:G:A,AC_DeJager_eQTL,0.0198348284719473,1,AC_DeJager_eQTL
chr7_12,HABP2,ENSG00000148702,chr7:12232371:G:A,DLPFC_DeJager_eQTL,0.0198348284719473,1,DLPFC_DeJager_eQTL
chr7_12,TCF7L2,ENSG00000148737,chr7:12232371:G:A,AC_DeJager_eQTL,0.0198348284719473,2,AC_DeJager_eQTL|Inh_DeJager_eQTL
chr7_12,FUOM,ENSG00000148803,chr7:12232371:G:A,DLPFC_DeJager_eQTL,0.0198348284719473,2,DLPFC_DeJager_eQTL|PCC_DeJager_eQTL
chr7_12,LRRC27,ENSG00000148814,chr7:12232371:G:A,PCC_DeJager_eQTL,0.0198348284719473,1,PCC_DeJager_eQTL
chr7_12,PAOX,ENSG00000148832,chr7:12232371:G:A,AC_DeJager_eQTL,0.0198348284719473,2,AC_DeJager_eQTL|PCC_DeJager_eQTL
chr7_12,RGS10,ENSG00000148908,chr7:12232371:G:A,DLPFC_DeJager_eQTL,0.0198348284719473,1,DLPFC_DeJager_eQTL
chr7_12,SLC43A1,ENSG00000149150,chr7:12232371:G:A,AC_DeJager_eQTL,0.0198348284719473,1,AC_DeJager_eQTL
chr7_12,CELF1,ENSG00000149187,chr7:12232371:G:A,Inh_DeJager_eQTL,0.0198348284719473,2,Inh_DeJager_eQTL|PCC_DeJager_eQTL
chr7_12,ENDOD1,ENSG00000149218,chr7:12232371:G:A,Inh_DeJager_eQTL,0.0198348284719473,1,Inh_DeJager_eQTL
chr7_12,CAPN5,ENSG00000149260,chr7:12232371:G:A,PCC_DeJager_eQTL,0.0198348284719473,1,PCC_DeJager_eQTL
chr7_12,HTR3B,ENSG00000149305,chr7:12232371:G:A,DLPFC_DeJager_eQTL,0.0198348284719473,1,DLPFC_DeJager_eQTL
chr7_12,GLB1L2,ENSG00000149328,chr7:12232371:G:A,DLPFC_DeJager_eQTL,0.0198348284719473,1,DLPFC_DeJager_eQTL
chr7_12,FADS1,ENSG00000149485,chr7:12232371:G:A,DLPFC_DeJager_eQTL,0.0198348284719473,1,DLPFC_DeJager_eQTL
chr7_12,EI24,ENSG00000149547,chr7:12232371:G:A,Inh_DeJager_eQTL,0.0198348284719473,1,Inh_DeJager_eQTL
chr7_12,SIDT2,ENSG00000149577,chr7:12232371:G:A,Exc_DeJager_eQTL,0.0198348284719473,1,Exc_DeJager_eQTL
chr7_12,DSN1,ENSG00000149636,chr7:12232371:G:A,Exc_DeJager_eQTL,0.0198348284719473,1,Exc_DeJager_eQTL
chr7_12,FXYD4,ENSG00000150201,chr7:12232371:G:A,DLPFC_DeJager_eQTL,0.0198348284719473,1,DLPFC_DeJager_eQTL
chr7_12,CWC15,ENSG00000150316,chr7:12232371:G:A,Inh_DeJager_eQTL,0.0198348284719473,1,Inh_DeJager_eQTL
chr7_12,DCUN1D2,ENSG00000150401,chr7:12232371:G:A,Exc_DeJager_eQTL,0.0198348284719473,2,Exc_DeJager_eQTL|Inh_DeJager_eQTL
chr7_12,LYPD1,ENSG00000150551,chr7:12232371:G:A,DLPFC_DeJager_eQTL,0.0198348284719473,2,DLPFC_DeJager_eQTL|Inh_DeJager_eQTL
chr7_12,PDCD4,ENSG00000150593,chr7:12232371:G:A,AC_DeJager_eQTL,0.0198348284719473,1,AC_DeJager_eQTL
chr7_12,CNDP1,ENSG00000150656,chr7:12232371:G:A,DLPFC_DeJager_eQTL,0.0198348284719473,1,DLPFC_DeJager_eQTL
chr7_12,RGS18,ENSG00000150681,chr7:12232371:G:A,DLPFC_DeJager_eQTL,0.0198348284719473,1,DLPFC_DeJager_eQTL
chr7_12,NKAPD1,ENSG00000150776,chr7:12232371:G:A,Inh_DeJager_eQTL,0.0198348284719473,1,Inh_DeJager_eQTL
chr7_12,PRSS53,ENSG00000151006,chr7:12232371:G:A,Exc_DeJager_eQTL,0.0198348284719473,1,Exc_DeJager_eQTL
chr7_12,SLC7A11,ENSG00000151012,chr7:12232371:G:A,AC_DeJager_eQTL,0.0198348284719473,1,AC_DeJager_eQTL
chr7_12,C12orf45,ENSG00000151131,chr7:12232371:G:A,Exc_DeJager_eQTL,0.0198348284719473,1,Exc_DeJager_eQTL
chr7_12,TMEM263,ENSG00000151135,chr7:12232371:G:A,Exc_DeJager_eQTL,0.0198348284719473,1,Exc_DeJager_eQTL
chr7_12,ME3,ENSG00000151376,chr7:12232371:G:A,Exc_DeJager_eQTL,0.0198348284719473,1,Exc_DeJager_eQTL
chr7_12,UPF2,ENSG00000151461,chr7:12232371:G:A,AC_DeJager_eQTL,0.0198348284719473,2,AC_DeJager_eQTL|Exc_DeJager_eQTL
chr7_12,CCDC3,ENSG00000151468,chr7:12232371:G:A,AC_DeJager_eQTL,0.0198348284719473,4,AC_DeJager_eQTL|DLPFC_DeJager_eQTL|Exc_DeJager_eQTL|PCC_DeJager_eQTL
chr7_12,EDNRA,ENSG00000151617,chr7:12232371:G:A,DLPFC_DeJager_eQTL,0.0198348284719473,1,DLPFC_DeJager_eQTL
chr7_12,NR3C2,ENSG00000151623,chr7:12232371:G:A,PCC_DeJager_eQTL,0.0198348284719473,1,PCC_DeJager_eQTL
chr7_12,ADAM17,ENSG00000151694,chr7:12232371:G:A,PCC_DeJager_eQTL,0.0198348284719473,1,PCC_DeJager_eQTL
chr7_12,TMEM45B,ENSG00000151715,chr7:12232371:G:A,DLPFC_DeJager_eQTL,0.0198348284719473,1,DLPFC_DeJager_eQTL
chr7_12,WWC2,ENSG00000151718,chr7:12232371:G:A,AC_DeJager_eQTL,0.0198348284719473,1,AC_DeJager_eQTL
chr7_12,SAV1,ENSG00000151748,chr7:12232371:G:A,Exc_DeJager_eQTL,0.0198348284719473,1,Exc_DeJager_eQTL
chr7_12,ZNF385D,ENSG00000151789,chr7:12232371:G:A,AC_DeJager_eQTL,0.0198348284719473,1,AC_DeJager_eQTL
chr7_12,SLC35F4,ENSG00000151812,chr7:12232371:G:A,DLPFC_DeJager_eQTL,0.0198348284719473,1,DLPFC_DeJager_eQTL
chr7_12,PARP8,ENSG00000151883,chr7:12232371:G:A,AC_DeJager_eQTL,0.0198348284719473,1,AC_DeJager_eQTL
chr7_12,BEND6,ENSG00000151917,chr7:12232371:G:A,AC_DeJager_eQTL,0.0198348284719473,1,AC_DeJager_eQTL
chr7_12,TLCD4,ENSG00000152078,chr7:12232371:G:A,Exc_DeJager_eQTL,0.0198348284719473,2,Exc_DeJager_eQTL|PCC_DeJager_eQTL
chr7_12,MGAT5,ENSG00000152127,chr7:12232371:G:A,Exc_DeJager_eQTL,0.0198348284719473,1,Exc_DeJager_eQTL
chr7_12,CYSLTR2,ENSG00000152207,chr7:12232371:G:A,DLPFC_DeJager_eQTL,0.0198348284719473,1,DLPFC_DeJager_eQTL
chr7_12,ARL11,ENSG00000152213,chr7:12232371:G:A,DLPFC_DeJager_eQTL,0.0198348284719473,1,DLPFC_DeJager_eQTL
chr7_12,PSTPIP2,ENSG00000152229,chr7:12232371:G:A,DLPFC_DeJager_eQTL,0.0198348284719473,1,DLPFC_DeJager_eQTL
chr7_12,SH2D6,ENSG00000152292,chr7:12232371:G:A,PCC_DeJager_eQTL,0.0198348284719473,1,PCC_DeJager_eQTL
chr7_12,TADA1,ENSG00000152382,chr7:12232371:G:A,Exc_DeJager_eQTL,0.0198348284719473,1,Exc_DeJager_eQTL
chr7_12,NMT2,ENSG00000152465,chr7:12232371:G:A,AC_DeJager_eQTL,0.0198348284719473,1,AC_DeJager_eQTL
chr7_12,CCDC50,ENSG00000152492,chr7:12232371:G:A,AC_DeJager_eQTL,0.0198348284719473,1,AC_DeJager_eQTL
chr7_12,ZFP36L2,ENSG00000152518,chr7:12232371:G:A,DLPFC_DeJager_eQTL,0.0198348284719473,2,DLPFC_DeJager_eQTL|PCC_DeJager_eQTL
chr7_12,PLEKHH2,ENSG00000152527,chr7:12232371:G:A,AC_DeJager_eQTL,0.0198348284719473,1,AC_DeJager_eQTL
chr7_12,PFKM,ENSG00000152556,chr7:12232371:G:A,Inh_DeJager_eQTL,0.0198348284719473,1,Inh_DeJager_eQTL
chr7_12,MBNL1,ENSG00000152601,chr7:12232371:G:A,PCC_DeJager_eQTL,0.0198348284719473,1,PCC_DeJager_eQTL
chr7_12,ITGA1,ENSG00000152684,chr7:12232371:G:A,PCC_DeJager_eQTL,0.0198348284719473,1,PCC_DeJager_eQTL
chr7_12,GPR180,ENSG00000152749,chr7:12232371:G:A,AC_DeJager_eQTL,0.0198348284719473,1,AC_DeJager_eQTL
chr7_12,HHEX,ENSG00000152804,chr7:12232371:G:A,DLPFC_DeJager_eQTL,0.0198348284719473,1,DLPFC_DeJager_eQTL
chr7_12,UTRN,ENSG00000152818,chr7:12232371:G:A,PCC_DeJager_eQTL,0.0198348284719473,1,PCC_DeJager_eQTL
chr7_12,MED21,ENSG00000152944,chr7:12232371:G:A,Exc_DeJager_eQTL,0.0198348284719473,1,Exc_DeJager_eQTL
chr7_12,STK32B,ENSG00000152953,chr7:12232371:G:A,DLPFC_DeJager_eQTL,0.0198348284719473,1,DLPFC_DeJager_eQTL
chr7_12,SREK1IP1,ENSG00000153006,chr7:12232371:G:A,Exc_DeJager_eQTL,0.0198348284719473,1,Exc_DeJager_eQTL
chr7_12,CDYL,ENSG00000153046,chr7:12232371:G:A,Exc_DeJager_eQTL,0.0198348284719473,1,Exc_DeJager_eQTL
chr7_12,DAB2,ENSG00000153071,chr7:12232371:G:A,DLPFC_DeJager_eQTL,0.0198348284719473,1,DLPFC_DeJager_eQTL
chr7_12,RASSF3,ENSG00000153179,chr7:12232371:G:A,AC_DeJager_eQTL,0.0198348284719473,2,AC_DeJager_eQTL|Exc_DeJager_eQTL
chr7_12,MERTK,ENSG00000153208,chr7:12232371:G:A,Exc_DeJager_eQTL,0.0198348284719473,2,Exc_DeJager_eQTL|PCC_DeJager_eQTL
chr7_12,NR4A2,ENSG00000153234,chr7:12232371:G:A,DLPFC_DeJager_eQTL,0.0198348284719473,1,DLPFC_DeJager_eQTL
chr7_12,SLC25A27,ENSG00000153291,chr7:12232371:G:A,AC_DeJager_eQTL,0.0198348284719473,3,AC_DeJager_eQTL|DLPFC_DeJager_eQTL|PCC_DeJager_eQTL
chr7_12,TRAPPC8,ENSG00000153339,chr7:12232371:G:A,AC_DeJager_eQTL,0.0198348284719473,1,AC_DeJager_eQTL
chr7_12,INO80C,ENSG00000153391,chr7:12232371:G:A,AC_DeJager_eQTL,0.0198348284719473,1,AC_DeJager_eQTL
chr7_12,TMEM251,ENSG00000153485,chr7:12232371:G:A,Inh_DeJager_eQTL,0.0198348284719473,1,Inh_DeJager_eQTL
chr7_12,RMND5A,ENSG00000153561,chr7:12232371:G:A,AC_DeJager_eQTL,0.0198348284719473,1,AC_DeJager_eQTL
chr7_12,CD8A,ENSG00000153563,chr7:12232371:G:A,DLPFC_DeJager_eQTL,0.0198348284719473,2,DLPFC_DeJager_eQTL|PCC_DeJager_eQTL
chr7_12,PTPRD,ENSG00000153707,chr7:12232371:G:A,AC_DeJager_eQTL,0.0198348284719473,1,AC_DeJager_eQTL
chr7_12,ZNF599,ENSG00000153896,chr7:12232371:G:A,DLPFC_DeJager_eQTL,0.0198348284719473,1,DLPFC_DeJager_eQTL
chr7_12,CHD1,ENSG00000153922,chr7:12232371:G:A,AC_DeJager_eQTL,0.0198348284719473,1,AC_DeJager_eQTL
chr7_12,HS2ST1,ENSG00000153936,chr7:12232371:G:A,AC_DeJager_eQTL,0.0198348284719473,1,AC_DeJager_eQTL
chr7_12,GDPD1,ENSG00000153982,chr7:12232371:G:A,AC_DeJager_eQTL,0.0198348284719473,1,AC_DeJager_eQTL
chr7_12,CABYR,ENSG00000154040,chr7:12232371:G:A,DLPFC_DeJager_eQTL,0.0198348284719473,1,DLPFC_DeJager_eQTL
chr7_12,TBRG1,ENSG00000154144,chr7:12232371:G:A,Exc_DeJager_eQTL,0.0198348284719473,1,Exc_DeJager_eQTL
chr7_12,CC2D1B,ENSG00000154222,chr7:12232371:G:A,PCC_DeJager_eQTL,0.0198348284719473,1,PCC_DeJager_eQTL
chr7_12,PRKCA,ENSG00000154229,chr7:12232371:G:A,AC_DeJager_eQTL,0.0198348284719473,1,AC_DeJager_eQTL
chr7_12,CEP112,ENSG00000154240,chr7:12232371:G:A,Exc_DeJager_eQTL,0.0198348284719473,1,Exc_DeJager_eQTL
chr7_12,ABCA9,ENSG00000154258,chr7:12232371:G:A,PCC_DeJager_eQTL,0.0198348284719473,1,PCC_DeJager_eQTL
chr7_12,ABCA5,ENSG00000154265,chr7:12232371:G:A,Exc_DeJager_eQTL,0.0198348284719473,2,Exc_DeJager_eQTL|Inh_DeJager_eQTL
chr7_12,C4orf19,ENSG00000154274,chr7:12232371:G:A,DLPFC_DeJager_eQTL,0.0198348284719473,2,DLPFC_DeJager_eQTL|PCC_DeJager_eQTL
chr7_12,DISP1,ENSG00000154309,chr7:12232371:G:A,DLPFC_DeJager_eQTL,0.0198348284719473,1,DLPFC_DeJager_eQTL
chr7_12,NEIL2,ENSG00000154328,chr7:12232371:G:A,Inh_DeJager_eQTL,0.0198348284719473,1,Inh_DeJager_eQTL
chr7_12,ENAH,ENSG00000154380,chr7:12232371:G:A,AC_DeJager_eQTL,0.0198348284719473,1,AC_DeJager_eQTL
chr7_12,GPR26,ENSG00000154478,chr7:12232371:G:A,PCC_DeJager_eQTL,0.0198348284719473,1,PCC_DeJager_eQTL
chr7_12,XPC,ENSG00000154767,chr7:12232371:G:A,DLPFC_DeJager_eQTL,0.0198348284719473,1,DLPFC_DeJager_eQTL
chr7_12,PPP4R1,ENSG00000154845,chr7:12232371:G:A,AC_DeJager_eQTL,0.0198348284719473,2,AC_DeJager_eQTL|Exc_DeJager_eQTL
chr7_12,APCDD1,ENSG00000154856,chr7:12232371:G:A,AC_DeJager_eQTL,0.0198348284719473,1,AC_DeJager_eQTL
chr7_12,APOOL,ENSG00000155008,chr7:12232371:G:A,PCC_DeJager_eQTL,0.0198348284719473,1,PCC_DeJager_eQTL
chr7_12,ATP6V1C1,ENSG00000155097,chr7:12232371:G:A,Inh_DeJager_eQTL,0.0198348284719473,1,Inh_DeJager_eQTL
chr7_12,MMS19,ENSG00000155229,chr7:12232371:G:A,DLPFC_DeJager_eQTL,0.0198348284719473,2,DLPFC_DeJager_eQTL|PCC_DeJager_eQTL
chr7_12,PI4K2A,ENSG00000155252,chr7:12232371:G:A,AC_DeJager_eQTL,0.0198348284719473,1,AC_DeJager_eQTL
chr7_12,MARVELD1,ENSG00000155254,chr7:12232371:G:A,PCC_DeJager_eQTL,0.0198348284719473,1,PCC_DeJager_eQTL
chr7_12,ZCCHC10,ENSG00000155329,chr7:12232371:G:A,Exc_DeJager_eQTL,0.0198348284719473,1,Exc_DeJager_eQTL
chr7_12,SLC16A1,ENSG00000155380,chr7:12232371:G:A,DLPFC_DeJager_eQTL,0.0198348284719473,1,DLPFC_DeJager_eQTL
chr7_12,HEATR3,ENSG00000155393,chr7:12232371:G:A,Exc_DeJager_eQTL,0.0198348284719473,1,Exc_DeJager_eQTL
chr7_12,CNOT8,ENSG00000155508,chr7:12232371:G:A,Exc_DeJager_eQTL,0.0198348284719473,1,Exc_DeJager_eQTL
chr7_12,GRIA1,ENSG00000155511,chr7:12232371:G:A,Exc_DeJager_eQTL,0.0198348284719473,1,Exc_DeJager_eQTL
chr7_12,KDM8,ENSG00000155666,chr7:12232371:G:A,DLPFC_DeJager_eQTL,0.0198348284719473,1,DLPFC_DeJager_eQTL
chr7_12,TMEM237,ENSG00000155755,chr7:12232371:G:A,PCC_DeJager_eQTL,0.0198348284719473,1,PCC_DeJager_eQTL
chr7_12,PXYLP1,ENSG00000155893,chr7:12232371:G:A,AC_DeJager_eQTL,0.0198348284719473,2,AC_DeJager_eQTL|PCC_DeJager_eQTL
chr7_12,KIF5A,ENSG00000155980,chr7:12232371:G:A,DLPFC_DeJager_eQTL,0.0198348284719473,1,DLPFC_DeJager_eQTL
chr7_12,CARNMT1,ENSG00000156017,chr7:12232371:G:A,PCC_DeJager_eQTL,0.0198348284719473,1,PCC_DeJager_eQTL
chr7_12,MCU,ENSG00000156026,chr7:12232371:G:A,AC_DeJager_eQTL,0.0198348284719473,1,AC_DeJager_eQTL
chr7_12,FAM161B,ENSG00000156050,chr7:12232371:G:A,Inh_DeJager_eQTL,0.0198348284719473,1,Inh_DeJager_eQTL
chr7_12,NDUFAF6,ENSG00000156170,chr7:12232371:G:A,AC_DeJager_eQTL,0.0198348284719473,2,AC_DeJager_eQTL|PCC_DeJager_eQTL
chr7_12,N6AMT1,ENSG00000156239,chr7:12232371:G:A,Exc_DeJager_eQTL,0.0198348284719473,1,Exc_DeJager_eQTL
chr7_12,SFR1,ENSG00000156384,chr7:12232371:G:A,DLPFC_DeJager_eQTL,0.0198348284719473,1,DLPFC_DeJager_eQTL
chr7_12,TDRD9,ENSG00000156414,chr7:12232371:G:A,AC_DeJager_eQTL,0.0198348284719473,1,AC_DeJager_eQTL
chr7_12,KCNS2,ENSG00000156486,chr7:12232371:G:A,Exc_DeJager_eQTL,0.0198348284719473,1,Exc_DeJager_eQTL
chr7_12,PHF6,ENSG00000156531,chr7:12232371:G:A,AC_DeJager_eQTL,0.0198348284719473,1,AC_DeJager_eQTL
chr7_12,UBE2L6,ENSG00000156587,chr7:12232371:G:A,Exc_DeJager_eQTL,0.0198348284719473,2,Exc_DeJager_eQTL|Inh_DeJager_eQTL
chr7_12,ZDHHC5,ENSG00000156599,chr7:12232371:G:A,PCC_DeJager_eQTL,0.0198348284719473,1,PCC_DeJager_eQTL
chr7_12,MED19,ENSG00000156603,chr7:12232371:G:A,AC_DeJager_eQTL,0.0198348284719473,1,AC_DeJager_eQTL
chr7_12,SAMD8,ENSG00000156671,chr7:12232371:G:A,PCC_DeJager_eQTL,0.0198348284719473,1,PCC_DeJager_eQTL
chr7_12,MAPK13,ENSG00000156711,chr7:12232371:G:A,Exc_DeJager_eQTL,0.0198348284719473,1,Exc_DeJager_eQTL
chr7_12,FBXO32,ENSG00000156804,chr7:12232371:G:A,PCC_DeJager_eQTL,0.0198348284719473,1,PCC_DeJager_eQTL
chr7_12,PRR14,ENSG00000156858,chr7:12232371:G:A,PCC_DeJager_eQTL,0.0198348284719473,1,PCC_DeJager_eQTL
chr7_12,VPS8,ENSG00000156931,chr7:12232371:G:A,Exc_DeJager_eQTL,0.0198348284719473,1,Exc_DeJager_eQTL
chr7_12,B3GNT7,ENSG00000156966,chr7:12232371:G:A,DLPFC_DeJager_eQTL,0.0198348284719473,2,DLPFC_DeJager_eQTL|PCC_DeJager_eQTL
chr7_12,RPUSD3,ENSG00000156990,chr7:12232371:G:A,AC_DeJager_eQTL,0.0198348284719473,1,AC_DeJager_eQTL
chr7_12,TATDN2,ENSG00000157014,chr7:12232371:G:A,AC_DeJager_eQTL,0.0198348284719473,2,AC_DeJager_eQTL|PCC_DeJager_eQTL
chr7_12,SLC6A1,ENSG00000157103,chr7:12232371:G:A,Inh_DeJager_eQTL,0.0198348284719473,1,Inh_DeJager_eQTL
chr7_12,TIMP4,ENSG00000157150,chr7:12232371:G:A,DLPFC_DeJager_eQTL,0.0198348284719473,1,DLPFC_DeJager_eQTL
chr7_12,SUSD3,ENSG00000157303,chr7:12232371:G:A,DLPFC_DeJager_eQTL,0.0198348284719473,1,DLPFC_DeJager_eQTL
chr7_12,DDX19B,ENSG00000157349,chr7:12232371:G:A,PCC_DeJager_eQTL,0.0198348284719473,1,PCC_DeJager_eQTL
chr7_12,FCSK,ENSG00000157353,chr7:12232371:G:A,AC_DeJager_eQTL,0.0198348284719473,2,AC_DeJager_eQTL|PCC_DeJager_eQTL
chr7_12,IL34,ENSG00000157368,chr7:12232371:G:A,AC_DeJager_eQTL,0.0198348284719473,2,AC_DeJager_eQTL|PCC_DeJager_eQTL
chr7_12,ARSL,ENSG00000157399,chr7:12232371:G:A,DLPFC_DeJager_eQTL,0.0198348284719473,1,DLPFC_DeJager_eQTL
chr7_12,MYO1E,ENSG00000157483,chr7:12232371:G:A,PCC_DeJager_eQTL,0.0198348284719473,1,PCC_DeJager_eQTL
chr7_12,PALM2AKAP2,ENSG00000157654,chr7:12232371:G:A,PCC_DeJager_eQTL,0.0198348284719473,1,PCC_DeJager_eQTL
chr7_12,SPPL3,ENSG00000157837,chr7:12232371:G:A,AC_DeJager_eQTL,0.0198348284719473,1,AC_DeJager_eQTL
chr7_12,PRXL2B,ENSG00000157870,chr7:12232371:G:A,PCC_DeJager_eQTL,0.0198348284719473,1,PCC_DeJager_eQTL
chr7_12,MEGF11,ENSG00000157890,chr7:12232371:G:A,DLPFC_DeJager_eQTL,0.0198348284719473,1,DLPFC_DeJager_eQTL
chr7_12,C12orf43,ENSG00000157895,chr7:12232371:G:A,AC_DeJager_eQTL,0.0198348284719473,1,AC_DeJager_eQTL
chr7_12,PEX10,ENSG00000157911,chr7:12232371:G:A,Exc_DeJager_eQTL,0.0198348284719473,1,Exc_DeJager_eQTL
chr7_12,PAFAH2,ENSG00000158006,chr7:12232371:G:A,DLPFC_DeJager_eQTL,0.0198348284719473,1,DLPFC_DeJager_eQTL
chr7_12,UBXN11,ENSG00000158062,chr7:12232371:G:A,AC_DeJager_eQTL,0.0198348284719473,1,AC_DeJager_eQTL
chr7_12,MRAS,ENSG00000158186,chr7:12232371:G:A,Exc_DeJager_eQTL,0.0198348284719473,1,Exc_DeJager_eQTL
chr7_12,COLEC12,ENSG00000158270,chr7:12232371:G:A,DLPFC_DeJager_eQTL,0.0198348284719473,2,DLPFC_DeJager_eQTL|PCC_DeJager_eQTL
chr7_12,SLC13A3,ENSG00000158296,chr7:12232371:G:A,PCC_DeJager_eQTL,0.0198348284719473,1,PCC_DeJager_eQTL
chr7_12,SPATA2,ENSG00000158480,chr7:12232371:G:A,PCC_DeJager_eQTL,0.0198348284719473,1,PCC_DeJager_eQTL
chr7_12,GPAT4,ENSG00000158669,chr7:12232371:G:A,PCC_DeJager_eQTL,0.0198348284719473,1,PCC_DeJager_eQTL
chr7_12,HTR6,ENSG00000158748,chr7:12232371:G:A,DLPFC_DeJager_eQTL,0.0198348284719473,1,DLPFC_DeJager_eQTL
chr7_12,EDA,ENSG00000158813,chr7:12232371:G:A,DLPFC_DeJager_eQTL,0.0198348284719473,1,DLPFC_DeJager_eQTL
chr7_12,B4GALT3,ENSG00000158850,chr7:12232371:G:A,AC_DeJager_eQTL,0.0198348284719473,1,AC_DeJager_eQTL
chr7_12,ADAMTS4,ENSG00000158859,chr7:12232371:G:A,DLPFC_DeJager_eQTL,0.0198348284719473,2,DLPFC_DeJager_eQTL|PCC_DeJager_eQTL
chr7_12,SLC5A11,ENSG00000158865,chr7:12232371:G:A,DLPFC_DeJager_eQTL,0.0198348284719473,2,DLPFC_DeJager_eQTL|PCC_DeJager_eQTL
chr7_12,TOMM40L,ENSG00000158882,chr7:12232371:G:A,AC_DeJager_eQTL,0.0198348284719473,2,AC_DeJager_eQTL|PCC_DeJager_eQTL
chr7_12,MIS18A,ENSG00000159055,chr7:12232371:G:A,AC_DeJager_eQTL,0.0198348284719473,1,AC_DeJager_eQTL
chr7_12,AP000295.1,ENSG00000159110,chr7:12232371:G:A,DLPFC_DeJager_eQTL,0.0198348284719473,3,DLPFC_DeJager_eQTL|Exc_DeJager_eQTL|Inh_DeJager_eQTL
chr7_12,CBR1,ENSG00000159228,chr7:12232371:G:A,AC_DeJager_eQTL,0.0198348284719473,2,AC_DeJager_eQTL|PCC_DeJager_eQTL
chr7_12,CBR3,ENSG00000159231,chr7:12232371:G:A,AC_DeJager_eQTL,0.0198348284719473,1,AC_DeJager_eQTL
chr7_12,GJD2,ENSG00000159248,chr7:12232371:G:A,AC_DeJager_eQTL,0.0198348284719473,1,AC_DeJager_eQTL
chr7_12,HLCS,ENSG00000159267,chr7:12232371:G:A,Exc_DeJager_eQTL,0.0198348284719473,1,Exc_DeJager_eQTL
chr7_12,BTG2,ENSG00000159388,chr7:12232371:G:A,DLPFC_DeJager_eQTL,0.0198348284719473,1,DLPFC_DeJager_eQTL
chr7_12,STARD9,ENSG00000159433,chr7:12232371:G:A,Exc_DeJager_eQTL,0.0198348284719473,1,Exc_DeJager_eQTL
chr7_12,PSKH1,ENSG00000159792,chr7:12232371:G:A,DLPFC_DeJager_eQTL,0.0198348284719473,1,DLPFC_DeJager_eQTL
chr7_12,LYPD5,ENSG00000159871,chr7:12232371:G:A,AC_DeJager_eQTL,0.0198348284719473,1,AC_DeJager_eQTL
chr7_12,ARHGAP35,ENSG00000160007,chr7:12232371:G:A,Inh_DeJager_eQTL,0.0198348284719473,1,Inh_DeJager_eQTL
chr7_12,CCDC28B,ENSG00000160050,chr7:12232371:G:A,Exc_DeJager_eQTL,0.0198348284719473,1,Exc_DeJager_eQTL
chr7_12,IQCC,ENSG00000160051,chr7:12232371:G:A,DLPFC_DeJager_eQTL,0.0198348284719473,1,DLPFC_DeJager_eQTL
chr7_12,TMEM234,ENSG00000160055,chr7:12232371:G:A,PCC_DeJager_eQTL,0.0198348284719473,1,PCC_DeJager_eQTL
chr7_12,ATAD3B,ENSG00000160072,chr7:12232371:G:A,Exc_DeJager_eQTL,0.0198348284719473,2,Exc_DeJager_eQTL|Inh_DeJager_eQTL
chr7_12,FNDC5,ENSG00000160097,chr7:12232371:G:A,DLPFC_DeJager_eQTL,0.0198348284719473,2,DLPFC_DeJager_eQTL|Inh_DeJager_eQTL
chr7_12,ABCG1,ENSG00000160179,chr7:12232371:G:A,DLPFC_DeJager_eQTL,0.0198348284719473,1,DLPFC_DeJager_eQTL
chr7_12,NDUFV3,ENSG00000160194,chr7:12232371:G:A,PCC_DeJager_eQTL,0.0198348284719473,1,PCC_DeJager_eQTL
chr7_12,GAB3,ENSG00000160219,chr7:12232371:G:A,DLPFC_DeJager_eQTL,0.0198348284719473,2,DLPFC_DeJager_eQTL|PCC_DeJager_eQTL
chr7_12,FTCD,ENSG00000160282,chr7:12232371:G:A,PCC_DeJager_eQTL,0.0198348284719473,1,PCC_DeJager_eQTL
chr7_12,SHKBP1,ENSG00000160410,chr7:12232371:G:A,PCC_DeJager_eQTL,0.0198348284719473,1,PCC_DeJager_eQTL
chr7_12,ZDHHC12,ENSG00000160446,chr7:12232371:G:A,PCC_DeJager_eQTL,0.0198348284719473,1,PCC_DeJager_eQTL
chr7_12,PLPP7,ENSG00000160539,chr7:12232371:G:A,PCC_DeJager_eQTL,0.0198348284719473,1,PCC_DeJager_eQTL
chr7_12,DEDD2,ENSG00000160570,chr7:12232371:G:A,PCC_DeJager_eQTL,0.0198348284719473,1,PCC_DeJager_eQTL
chr7_12,SIK3,ENSG00000160584,chr7:12232371:G:A,Exc_DeJager_eQTL,0.0198348284719473,1,Exc_DeJager_eQTL
chr7_12,MPZL3,ENSG00000160588,chr7:12232371:G:A,AC_DeJager_eQTL,0.0198348284719473,1,AC_DeJager_eQTL
chr7_12,TLCD1,ENSG00000160606,chr7:12232371:G:A,DLPFC_DeJager_eQTL,0.0198348284719473,1,DLPFC_DeJager_eQTL
chr7_12,LMNA,ENSG00000160789,chr7:12232371:G:A,AC_DeJager_eQTL,0.0198348284719473,1,AC_DeJager_eQTL
chr7_12,PTH1R,ENSG00000160801,chr7:12232371:G:A,AC_DeJager_eQTL,0.0198348284719473,2,AC_DeJager_eQTL|PCC_DeJager_eQTL
chr7_12,UBQLN4,ENSG00000160803,chr7:12232371:G:A,AC_DeJager_eQTL,0.0198348284719473,2,AC_DeJager_eQTL|PCC_DeJager_eQTL
chr7_12,HK3,ENSG00000160883,chr7:12232371:G:A,DLPFC_DeJager_eQTL,0.0198348284719473,1,DLPFC_DeJager_eQTL
chr7_12,ZNF333,ENSG00000160961,chr7:12232371:G:A,AC_DeJager_eQTL,0.0198348284719473,1,AC_DeJager_eQTL
chr7_12,CELF5,ENSG00000161082,chr7:12232371:G:A,PCC_DeJager_eQTL,0.0198348284719473,1,PCC_DeJager_eQTL
chr7_12,DVL3,ENSG00000161202,chr7:12232371:G:A,AC_DeJager_eQTL,0.0198348284719473,1,AC_DeJager_eQTL
chr7_12,PCYT1A,ENSG00000161217,chr7:12232371:G:A,DLPFC_DeJager_eQTL,0.0198348284719473,1,DLPFC_DeJager_eQTL
chr7_12,FBXO27,ENSG00000161243,chr7:12232371:G:A,PCC_DeJager_eQTL,0.0198348284719473,1,PCC_DeJager_eQTL
chr7_12,GRIN2C,ENSG00000161509,chr7:12232371:G:A,PCC_DeJager_eQTL,0.0198348284719473,1,PCC_DeJager_eQTL
chr7_12,FDXR,ENSG00000161513,chr7:12232371:G:A,PCC_DeJager_eQTL,0.0198348284719473,1,PCC_DeJager_eQTL
chr7_12,ACOX1,ENSG00000161533,chr7:12232371:G:A,DLPFC_DeJager_eQTL,0.0198348284719473,1,DLPFC_DeJager_eQTL
chr7_12,CYGB,ENSG00000161544,chr7:12232371:G:A,PCC_DeJager_eQTL,0.0198348284719473,1,PCC_DeJager_eQTL
chr7_12,ZNF577,ENSG00000161551,chr7:12232371:G:A,AC_DeJager_eQTL,0.0198348284719473,3,AC_DeJager_eQTL|Exc_DeJager_eQTL|PCC_DeJager_eQTL
chr7_12,SIGLEC11,ENSG00000161640,chr7:12232371:G:A,DLPFC_DeJager_eQTL,0.0198348284719473,1,DLPFC_DeJager_eQTL
chr7_12,ZNF385A,ENSG00000161642,chr7:12232371:G:A,PCC_DeJager_eQTL,0.0198348284719473,1,PCC_DeJager_eQTL
chr7_12,LSM12,ENSG00000161654,chr7:12232371:G:A,PCC_DeJager_eQTL,0.0198348284719473,1,PCC_DeJager_eQTL
chr7_12,FMNL3,ENSG00000161791,chr7:12232371:G:A,AC_DeJager_eQTL,0.0198348284719473,2,AC_DeJager_eQTL|DLPFC_DeJager_eQTL
chr7_12,LEMD2,ENSG00000161904,chr7:12232371:G:A,AC_DeJager_eQTL,0.0198348284719473,2,AC_DeJager_eQTL|PCC_DeJager_eQTL
chr7_12,SCIMP,ENSG00000161929,chr7:12232371:G:A,DLPFC_DeJager_eQTL,0.0198348284719473,1,DLPFC_DeJager_eQTL
chr7_12,SENP3,ENSG00000161956,chr7:12232371:G:A,PCC_DeJager_eQTL,0.0198348284719473,1,PCC_DeJager_eQTL
chr7_12,SYVN1,ENSG00000162298,chr7:12232371:G:A,AC_DeJager_eQTL,0.0198348284719473,1,AC_DeJager_eQTL
chr7_12,TAL1,ENSG00000162367,chr7:12232371:G:A,AC_DeJager_eQTL,0.0198348284719473,1,AC_DeJager_eQTL
chr7_12,COA7,ENSG00000162377,chr7:12232371:G:A,AC_DeJager_eQTL,0.0198348284719473,2,AC_DeJager_eQTL|Inh_DeJager_eQTL
chr7_12,SELENON,ENSG00000162430,chr7:12232371:G:A,AC_DeJager_eQTL,0.0198348284719473,1,AC_DeJager_eQTL
chr7_12,LZIC,ENSG00000162441,chr7:12232371:G:A,Exc_DeJager_eQTL,0.0198348284719473,1,Exc_DeJager_eQTL
chr7_12,RBP7,ENSG00000162444,chr7:12232371:G:A,DLPFC_DeJager_eQTL,0.0198348284719473,2,DLPFC_DeJager_eQTL|PCC_DeJager_eQTL
chr7_12,SLC25A34,ENSG00000162461,chr7:12232371:G:A,PCC_DeJager_eQTL,0.0198348284719473,1,PCC_DeJager_eQTL
chr7_12,AKR7A3,ENSG00000162482,chr7:12232371:G:A,AC_DeJager_eQTL,0.0198348284719473,2,AC_DeJager_eQTL|PCC_DeJager_eQTL
chr7_12,SYNC,ENSG00000162520,chr7:12232371:G:A,DLPFC_DeJager_eQTL,0.0198348284719473,1,DLPFC_DeJager_eQTL
chr7_12,RBBP4,ENSG00000162521,chr7:12232371:G:A,Exc_DeJager_eQTL,0.0198348284719473,1,Exc_DeJager_eQTL
chr7_12,UBXN10,ENSG00000162543,chr7:12232371:G:A,Exc_DeJager_eQTL,0.0198348284719473,1,Exc_DeJager_eQTL
chr7_12,CAMK2N1,ENSG00000162545,chr7:12232371:G:A,PCC_DeJager_eQTL,0.0198348284719473,1,PCC_DeJager_eQTL
chr7_12,ALPL,ENSG00000162551,chr7:12232371:G:A,PCC_DeJager_eQTL,0.0198348284719473,1,PCC_DeJager_eQTL
chr7_12,MXRA8,ENSG00000162576,chr7:12232371:G:A,AC_DeJager_eQTL,0.0198348284719473,1,AC_DeJager_eQTL
chr7_12,DIRAS3,ENSG00000162595,chr7:12232371:G:A,AC_DeJager_eQTL,0.0198348284719473,1,AC_DeJager_eQTL
chr7_12,USP1,ENSG00000162607,chr7:12232371:G:A,Inh_DeJager_eQTL,0.0198348284719473,1,Inh_DeJager_eQTL
chr7_12,TYW3,ENSG00000162623,chr7:12232371:G:A,Exc_DeJager_eQTL,0.0198348284719473,1,Exc_DeJager_eQTL
chr7_12,B3GALT2,ENSG00000162630,chr7:12232371:G:A,AC_DeJager_eQTL,0.0198348284719473,1,AC_DeJager_eQTL
chr7_12,HENMT1,ENSG00000162639,chr7:12232371:G:A,Exc_DeJager_eQTL,0.0198348284719473,1,Exc_DeJager_eQTL
chr7_12,GBP4,ENSG00000162654,chr7:12232371:G:A,DLPFC_DeJager_eQTL,0.0198348284719473,1,DLPFC_DeJager_eQTL
chr7_12,HFM1,ENSG00000162669,chr7:12232371:G:A,AC_DeJager_eQTL,0.0198348284719473,1,AC_DeJager_eQTL
chr7_12,VCAM1,ENSG00000162692,chr7:12232371:G:A,DLPFC_DeJager_eQTL,0.0198348284719473,1,DLPFC_DeJager_eQTL
chr7_12,KCNJ9,ENSG00000162728,chr7:12232371:G:A,DLPFC_DeJager_eQTL,0.0198348284719473,3,DLPFC_DeJager_eQTL|Inh_DeJager_eQTL|PCC_DeJager_eQTL
chr7_12,VANGL2,ENSG00000162738,chr7:12232371:G:A,DLPFC_DeJager_eQTL,0.0198348284719473,1,DLPFC_DeJager_eQTL
chr7_12,OLFML2B,ENSG00000162745,chr7:12232371:G:A,DLPFC_DeJager_eQTL,0.0198348284719473,1,DLPFC_DeJager_eQTL
chr7_12,TFB2M,ENSG00000162851,chr7:12232371:G:A,AC_DeJager_eQTL,0.0198348284719473,2,AC_DeJager_eQTL|PCC_DeJager_eQTL
chr7_12,HAAO,ENSG00000162882,chr7:12232371:G:A,DLPFC_DeJager_eQTL,0.0198348284719473,2,DLPFC_DeJager_eQTL|PCC_DeJager_eQTL
chr7_12,WDR26,ENSG00000162923,chr7:12232371:G:A,PCC_DeJager_eQTL,0.0198348284719473,1,PCC_DeJager_eQTL
chr7_12,TRIM17,ENSG00000162931,chr7:12232371:G:A,DLPFC_DeJager_eQTL,0.0198348284719473,1,DLPFC_DeJager_eQTL
chr7_12,DISC1,ENSG00000162946,chr7:12232371:G:A,AC_DeJager_eQTL,0.0198348284719473,1,AC_DeJager_eQTL
chr7_12,CAPN13,ENSG00000162949,chr7:12232371:G:A,PCC_DeJager_eQTL,0.0198348284719473,1,PCC_DeJager_eQTL
chr7_12,ARL5A,ENSG00000162980,chr7:12232371:G:A,Exc_DeJager_eQTL,0.0198348284719473,1,Exc_DeJager_eQTL
chr7_12,NEUROD1,ENSG00000162992,chr7:12232371:G:A,DLPFC_DeJager_eQTL,0.0198348284719473,1,DLPFC_DeJager_eQTL
chr7_12,CFAP36,ENSG00000163001,chr7:12232371:G:A,Exc_DeJager_eQTL,0.0198348284719473,1,Exc_DeJager_eQTL
chr7_12,FBXO41,ENSG00000163013,chr7:12232371:G:A,Exc_DeJager_eQTL,0.0198348284719473,1,Exc_DeJager_eQTL
chr7_12,VSNL1,ENSG00000163032,chr7:12232371:G:A,AC_DeJager_eQTL,0.0198348284719473,1,AC_DeJager_eQTL
chr7_12,COQ8A,ENSG00000163050,chr7:12232371:G:A,AC_DeJager_eQTL,0.0198348284719473,2,AC_DeJager_eQTL|PCC_DeJager_eQTL
chr7_12,SGCB,ENSG00000163069,chr7:12232371:G:A,Exc_DeJager_eQTL,0.0198348284719473,2,Exc_DeJager_eQTL|Inh_DeJager_eQTL
chr7_12,NOSTRIN,ENSG00000163072,chr7:12232371:G:A,DLPFC_DeJager_eQTL,0.0198348284719473,1,DLPFC_DeJager_eQTL
chr7_12,SGPP2,ENSG00000163082,chr7:12232371:G:A,PCC_DeJager_eQTL,0.0198348284719473,1,PCC_DeJager_eQTL
chr7_12,HPGDS,ENSG00000163106,chr7:12232371:G:A,DLPFC_DeJager_eQTL,0.0198348284719473,1,DLPFC_DeJager_eQTL
chr7_12,STPG2,ENSG00000163116,chr7:12232371:G:A,Exc_DeJager_eQTL,0.0198348284719473,1,Exc_DeJager_eQTL
chr7_12,RPRD2,ENSG00000163125,chr7:12232371:G:A,Exc_DeJager_eQTL,0.0198348284719473,1,Exc_DeJager_eQTL
chr7_12,PACRGL,ENSG00000163138,chr7:12232371:G:A,PCC_DeJager_eQTL,0.0198348284719473,1,PCC_DeJager_eQTL
chr7_12,LYSMD1,ENSG00000163155,chr7:12232371:G:A,AC_DeJager_eQTL,0.0198348284719473,1,AC_DeJager_eQTL
chr7_12,ERCC3,ENSG00000163161,chr7:12232371:G:A,AC_DeJager_eQTL,0.0198348284719473,1,AC_DeJager_eQTL
chr7_12,IWS1,ENSG00000163166,chr7:12232371:G:A,DLPFC_DeJager_eQTL,0.0198348284719473,1,DLPFC_DeJager_eQTL
chr7_12,GNPDA2,ENSG00000163281,chr7:12232371:G:A,AC_DeJager_eQTL,0.0198348284719473,1,AC_DeJager_eQTL
chr7_12,ABRAXAS1,ENSG00000163322,chr7:12232371:G:A,DLPFC_DeJager_eQTL,0.0198348284719473,1,DLPFC_DeJager_eQTL
chr7_12,GPR155,ENSG00000163328,chr7:12232371:G:A,Exc_DeJager_eQTL,0.0198348284719473,2,Exc_DeJager_eQTL|Inh_DeJager_eQTL
chr7_12,CLDN1,ENSG00000163347,chr7:12232371:G:A,DLPFC_DeJager_eQTL,0.0198348284719473,1,DLPFC_DeJager_eQTL
chr7_12,KBTBD8,ENSG00000163376,chr7:12232371:G:A,AC_DeJager_eQTL,0.0198348284719473,2,AC_DeJager_eQTL|PCC_DeJager_eQTL
chr7_12,SLC22A15,ENSG00000163393,chr7:12232371:G:A,Exc_DeJager_eQTL,0.0198348284719473,1,Exc_DeJager_eQTL
chr7_12,LRRC58,ENSG00000163428,chr7:12232371:G:A,Exc_DeJager_eQTL,0.0198348284719473,1,Exc_DeJager_eQTL
chr7_12,TMEM169,ENSG00000163449,chr7:12232371:G:A,DLPFC_DeJager_eQTL,0.0198348284719473,1,DLPFC_DeJager_eQTL
chr7_12,IGFBP7,ENSG00000163453,chr7:12232371:G:A,DLPFC_DeJager_eQTL,0.0198348284719473,2,DLPFC_DeJager_eQTL|PCC_DeJager_eQTL
chr7_12,STK36,ENSG00000163482,chr7:12232371:G:A,AC_DeJager_eQTL,0.0198348284719473,3,AC_DeJager_eQTL|Exc_DeJager_eQTL|PCC_DeJager_eQTL
chr7_12,FBLN2,ENSG00000163520,chr7:12232371:G:A,DLPFC_DeJager_eQTL,0.0198348284719473,1,DLPFC_DeJager_eQTL
chr7_12,NUAK2,ENSG00000163545,chr7:12232371:G:A,DLPFC_DeJager_eQTL,0.0198348284719473,1,DLPFC_DeJager_eQTL
chr7_12,MNDA,ENSG00000163563,chr7:12232371:G:A,DLPFC_DeJager_eQTL,0.0198348284719473,2,DLPFC_DeJager_eQTL|PCC_DeJager_eQTL
chr7_12,GTPBP8,ENSG00000163607,chr7:12232371:G:A,AC_DeJager_eQTL,0.0198348284719473,1,AC_DeJager_eQTL
chr7_12,CCDC191,ENSG00000163617,chr7:12232371:G:A,PCC_DeJager_eQTL,0.0198348284719473,1,PCC_DeJager_eQTL
chr7_12,NKX6-1,ENSG00000163623,chr7:12232371:G:A,DLPFC_DeJager_eQTL,0.0198348284719473,1,DLPFC_DeJager_eQTL
chr7_12,CCNL1,ENSG00000163660,chr7:12232371:G:A,Inh_DeJager_eQTL,0.0198348284719473,1,Inh_DeJager_eQTL
chr7_12,DCLK3,ENSG00000163673,chr7:12232371:G:A,PCC_DeJager_eQTL,0.0198348284719473,1,PCC_DeJager_eQTL
chr7_12,RPP14,ENSG00000163684,chr7:12232371:G:A,AC_DeJager_eQTL,0.0198348284719473,2,AC_DeJager_eQTL|PCC_DeJager_eQTL
chr7_12,IL17RC,ENSG00000163702,chr7:12232371:G:A,PCC_DeJager_eQTL,0.0198348284719473,1,PCC_DeJager_eQTL
chr7_12,CRELD1,ENSG00000163703,chr7:12232371:G:A,AC_DeJager_eQTL,0.0198348284719473,1,AC_DeJager_eQTL
chr7_12,CCDC158,ENSG00000163749,chr7:12232371:G:A,AC_DeJager_eQTL,0.0198348284719473,1,AC_DeJager_eQTL
chr7_12,GYG1,ENSG00000163754,chr7:12232371:G:A,Exc_DeJager_eQTL,0.0198348284719473,1,Exc_DeJager_eQTL
chr7_12,SNRK,ENSG00000163788,chr7:12232371:G:A,Exc_DeJager_eQTL,0.0198348284719473,2,Exc_DeJager_eQTL|Inh_DeJager_eQTL
chr7_12,LRRC2,ENSG00000163827,chr7:12232371:G:A,PCC_DeJager_eQTL,0.0198348284719473,1,PCC_DeJager_eQTL
chr7_12,SMIM12,ENSG00000163866,chr7:12232371:G:A,DLPFC_DeJager_eQTL,0.0198348284719473,2,DLPFC_DeJager_eQTL|PCC_DeJager_eQTL
chr7_12,TMEM41A,ENSG00000163900,chr7:12232371:G:A,Exc_DeJager_eQTL,0.0198348284719473,1,Exc_DeJager_eQTL
chr7_12,HEYL,ENSG00000163909,chr7:12232371:G:A,DLPFC_DeJager_eQTL,0.0198348284719473,1,DLPFC_DeJager_eQTL
chr7_12,IFT122,ENSG00000163913,chr7:12232371:G:A,DLPFC_DeJager_eQTL,0.0198348284719473,1,DLPFC_DeJager_eQTL
chr7_12,SFMBT1,ENSG00000163935,chr7:12232371:G:A,Exc_DeJager_eQTL,0.0198348284719473,1,Exc_DeJager_eQTL
chr7_12,GNL3,ENSG00000163938,chr7:12232371:G:A,Inh_DeJager_eQTL,0.0198348284719473,1,Inh_DeJager_eQTL
chr7_12,LRPAP1,ENSG00000163956,chr7:12232371:G:A,Inh_DeJager_eQTL,0.0198348284719473,1,Inh_DeJager_eQTL
chr7_12,AIMP1,ENSG00000164022,chr7:12232371:G:A,Exc_DeJager_eQTL,0.0198348284719473,1,Exc_DeJager_eQTL
chr7_12,SLC9B1,ENSG00000164037,chr7:12232371:G:A,AC_DeJager_eQTL,0.0198348284719473,1,AC_DeJager_eQTL
chr7_12,PGRMC2,ENSG00000164040,chr7:12232371:G:A,Inh_DeJager_eQTL,0.0198348284719473,1,Inh_DeJager_eQTL
chr7_12,SPRY1,ENSG00000164056,chr7:12232371:G:A,Exc_DeJager_eQTL,0.0198348284719473,1,Exc_DeJager_eQTL
chr7_12,MON1A,ENSG00000164077,chr7:12232371:G:A,PCC_DeJager_eQTL,0.0198348284719473,1,PCC_DeJager_eQTL
chr7_12,RAD54L2,ENSG00000164080,chr7:12232371:G:A,Inh_DeJager_eQTL,0.0198348284719473,1,Inh_DeJager_eQTL
chr7_12,SAP30,ENSG00000164105,chr7:12232371:G:A,Exc_DeJager_eQTL,0.0198348284719473,1,Exc_DeJager_eQTL
chr7_12,GUCY1A1,ENSG00000164116,chr7:12232371:G:A,PCC_DeJager_eQTL,0.0198348284719473,1,PCC_DeJager_eQTL
chr7_12,TMEM144,ENSG00000164124,chr7:12232371:G:A,DLPFC_DeJager_eQTL,0.0198348284719473,1,DLPFC_DeJager_eQTL
chr7_12,NPY1R,ENSG00000164128,chr7:12232371:G:A,AC_DeJager_eQTL,0.0198348284719473,1,AC_DeJager_eQTL
chr7_12,LSM6,ENSG00000164167,chr7:12232371:G:A,Exc_DeJager_eQTL,0.0198348284719473,1,Exc_DeJager_eQTL
chr7_12,TMEM184C,ENSG00000164168,chr7:12232371:G:A,Exc_DeJager_eQTL,0.0198348284719473,2,Exc_DeJager_eQTL|Inh_DeJager_eQTL
chr7_12,ELOVL7,ENSG00000164181,chr7:12232371:G:A,Exc_DeJager_eQTL,0.0198348284719473,1,Exc_DeJager_eQTL
chr7_12,ADGRV1,ENSG00000164199,chr7:12232371:G:A,AC_DeJager_eQTL,0.0198348284719473,1,AC_DeJager_eQTL
chr7_12,STARD4,ENSG00000164211,chr7:12232371:G:A,AC_DeJager_eQTL,0.0198348284719473,1,AC_DeJager_eQTL
chr7_12,CMBL,ENSG00000164237,chr7:12232371:G:A,Exc_DeJager_eQTL,0.0198348284719473,1,Exc_DeJager_eQTL
chr7_12,WDR41,ENSG00000164253,chr7:12232371:G:A,AC_DeJager_eQTL,0.0198348284719473,1,AC_DeJager_eQTL
chr7_12,GPX8,ENSG00000164294,chr7:12232371:G:A,DLPFC_DeJager_eQTL,0.0198348284719473,1,DLPFC_DeJager_eQTL
chr7_12,TIGD6,ENSG00000164296,chr7:12232371:G:A,DLPFC_DeJager_eQTL,0.0198348284719473,1,DLPFC_DeJager_eQTL
chr7_12,SERINC5,ENSG00000164300,chr7:12232371:G:A,PCC_DeJager_eQTL,0.0198348284719473,1,PCC_DeJager_eQTL
chr7_12,PRIMPOL,ENSG00000164306,chr7:12232371:G:A,AC_DeJager_eQTL,0.0198348284719473,2,AC_DeJager_eQTL|PCC_DeJager_eQTL
chr7_12,CARTPT,ENSG00000164326,chr7:12232371:G:A,Exc_DeJager_eQTL,0.0198348284719473,1,Exc_DeJager_eQTL
chr7_12,EBF1,ENSG00000164330,chr7:12232371:G:A,DLPFC_DeJager_eQTL,0.0198348284719473,1,DLPFC_DeJager_eQTL
chr7_12,NSA2,ENSG00000164346,chr7:12232371:G:A,AC_DeJager_eQTL,0.0198348284719473,2,AC_DeJager_eQTL|Inh_DeJager_eQTL
chr7_12,CCDC127,ENSG00000164366,chr7:12232371:G:A,AC_DeJager_eQTL,0.0198348284719473,3,AC_DeJager_eQTL|DLPFC_DeJager_eQTL|PCC_DeJager_eQTL
chr7_12,FOXQ1,ENSG00000164379,chr7:12232371:G:A,AC_DeJager_eQTL,0.0198348284719473,1,AC_DeJager_eQTL
chr7_12,TXLNB,ENSG00000164440,chr7:12232371:G:A,PCC_DeJager_eQTL,0.0198348284719473,1,PCC_DeJager_eQTL
chr7_12,DCBLD1,ENSG00000164465,chr7:12232371:G:A,AC_DeJager_eQTL,0.0198348284719473,1,AC_DeJager_eQTL
chr7_12,SFXN1,ENSG00000164466,chr7:12232371:G:A,AC_DeJager_eQTL,0.0198348284719473,1,AC_DeJager_eQTL
chr7_12,PI16,ENSG00000164530,chr7:12232371:G:A,DLPFC_DeJager_eQTL,0.0198348284719473,1,DLPFC_DeJager_eQTL
chr7_12,SAP30L,ENSG00000164576,chr7:12232371:G:A,PCC_DeJager_eQTL,0.0198348284719473,1,PCC_DeJager_eQTL
chr7_12,MYOZ3,ENSG00000164591,chr7:12232371:G:A,DLPFC_DeJager_eQTL,0.0198348284719473,1,DLPFC_DeJager_eQTL
chr7_12,CAMLG,ENSG00000164615,chr7:12232371:G:A,Exc_DeJager_eQTL,0.0198348284719473,1,Exc_DeJager_eQTL
chr7_12,KIF6,ENSG00000164627,chr7:12232371:G:A,DLPFC_DeJager_eQTL,0.0198348284719473,1,DLPFC_DeJager_eQTL
chr7_12,TAGAP,ENSG00000164691,chr7:12232371:G:A,AC_DeJager_eQTL,0.0198348284719473,2,AC_DeJager_eQTL|PCC_DeJager_eQTL
chr7_12,CHMP4C,ENSG00000164695,chr7:12232371:G:A,DLPFC_DeJager_eQTL,0.0198348284719473,1,DLPFC_DeJager_eQTL
chr7_12,SOX17,ENSG00000164736,chr7:12232371:G:A,DLPFC_DeJager_eQTL,0.0198348284719473,1,DLPFC_DeJager_eQTL
chr7_12,C8orf48,ENSG00000164743,chr7:12232371:G:A,AC_DeJager_eQTL,0.0198348284719473,1,AC_DeJager_eQTL
chr7_12,SBSPON,ENSG00000164764,chr7:12232371:G:A,DLPFC_DeJager_eQTL,0.0198348284719473,1,DLPFC_DeJager_eQTL
chr7_12,SPIDR,ENSG00000164808,chr7:12232371:G:A,DLPFC_DeJager_eQTL,0.0198348284719473,1,DLPFC_DeJager_eQTL
chr7_12,OSGIN2,ENSG00000164823,chr7:12232371:G:A,Exc_DeJager_eQTL,0.0198348284719473,1,Exc_DeJager_eQTL
chr7_12,TMEM74,ENSG00000164841,chr7:12232371:G:A,PCC_DeJager_eQTL,0.0198348284719473,1,PCC_DeJager_eQTL
chr7_12,PHAX,ENSG00000164902,chr7:12232371:G:A,AC_DeJager_eQTL,0.0198348284719473,2,AC_DeJager_eQTL|Inh_DeJager_eQTL
chr7_12,GEM,ENSG00000164949,chr7:12232371:G:A,DLPFC_DeJager_eQTL,0.0198348284719473,1,DLPFC_DeJager_eQTL
chr7_12,TMEM71,ENSG00000165071,chr7:12232371:G:A,DLPFC_DeJager_eQTL,0.0198348284719473,1,DLPFC_DeJager_eQTL
chr7_12,TMC1,ENSG00000165091,chr7:12232371:G:A,DLPFC_DeJager_eQTL,0.0198348284719473,1,DLPFC_DeJager_eQTL
chr7_12,ALDH1A1,ENSG00000165092,chr7:12232371:G:A,DLPFC_DeJager_eQTL,0.0198348284719473,1,DLPFC_DeJager_eQTL
chr7_12,ANKS6,ENSG00000165138,chr7:12232371:G:A,Exc_DeJager_eQTL,0.0198348284719473,1,Exc_DeJager_eQTL
chr7_12,CYBB,ENSG00000165168,chr7:12232371:G:A,PCC_DeJager_eQTL,0.0198348284719473,1,PCC_DeJager_eQTL
chr7_12,GAPVD1,ENSG00000165219,chr7:12232371:G:A,Exc_DeJager_eQTL,0.0198348284719473,1,Exc_DeJager_eQTL
chr7_12,WNK2,ENSG00000165238,chr7:12232371:G:A,Exc_DeJager_eQTL,0.0198348284719473,1,Exc_DeJager_eQTL
chr7_12,PIGO,ENSG00000165282,chr7:12232371:G:A,AC_DeJager_eQTL,0.0198348284719473,2,AC_DeJager_eQTL|PCC_DeJager_eQTL
chr7_12,OTUD1,ENSG00000165312,chr7:12232371:G:A,PCC_DeJager_eQTL,0.0198348284719473,1,PCC_DeJager_eQTL
chr7_12,SLC7A3,ENSG00000165349,chr7:12232371:G:A,DLPFC_DeJager_eQTL,0.0198348284719473,1,DLPFC_DeJager_eQTL
chr7_12,FBXO33,ENSG00000165355,chr7:12232371:G:A,DLPFC_DeJager_eQTL,0.0198348284719473,1,DLPFC_DeJager_eQTL
chr7_12,WRN,ENSG00000165392,chr7:12232371:G:A,AC_DeJager_eQTL,0.0198348284719473,1,AC_DeJager_eQTL
chr7_12,FOLR2,ENSG00000165457,chr7:12232371:G:A,DLPFC_DeJager_eQTL,0.0198348284719473,1,DLPFC_DeJager_eQTL
chr7_12,REEP3,ENSG00000165476,chr7:12232371:G:A,PCC_DeJager_eQTL,0.0198348284719473,1,PCC_DeJager_eQTL
chr7_12,PKNOX2,ENSG00000165495,chr7:12232371:G:A,Exc_DeJager_eQTL,0.0198348284719473,1,Exc_DeJager_eQTL
chr7_12,NGB,ENSG00000165553,chr7:12232371:G:A,PCC_DeJager_eQTL,0.0198348284719473,1,PCC_DeJager_eQTL
chr7_12,DRGX,ENSG00000165606,chr7:12232371:G:A,DLPFC_DeJager_eQTL,0.0198348284719473,1,DLPFC_DeJager_eQTL
chr7_12,VSTM4,ENSG00000165633,chr7:12232371:G:A,DLPFC_DeJager_eQTL,0.0198348284719473,1,DLPFC_DeJager_eQTL
chr7_12,ENTR1,ENSG00000165689,chr7:12232371:G:A,AC_DeJager_eQTL,0.0198348284719473,1,AC_DeJager_eQTL
chr7_12,RET,ENSG00000165731,chr7:12232371:G:A,AC_DeJager_eQTL,0.0198348284719473,1,AC_DeJager_eQTL
chr7_12,STK32C,ENSG00000165752,chr7:12232371:G:A,PCC_DeJager_eQTL,0.0198348284719473,1,PCC_DeJager_eQTL
chr7_12,ARHGEF40,ENSG00000165801,chr7:12232371:G:A,AC_DeJager_eQTL,0.0198348284719473,1,AC_DeJager_eQTL
chr7_12,VWA2,ENSG00000165816,chr7:12232371:G:A,DLPFC_DeJager_eQTL,0.0198348284719473,1,DLPFC_DeJager_eQTL
chr7_12,METTL3,ENSG00000165819,chr7:12232371:G:A,PCC_DeJager_eQTL,0.0198348284719473,1,PCC_DeJager_eQTL
chr7_12,ZFYVE1,ENSG00000165861,chr7:12232371:G:A,PCC_DeJager_eQTL,0.0198348284719473,1,PCC_DeJager_eQTL
chr7_12,PACSIN3,ENSG00000165912,chr7:12232371:G:A,PCC_DeJager_eQTL,0.0198348284719473,1,PCC_DeJager_eQTL
chr7_12,CLMN,ENSG00000165959,chr7:12232371:G:A,DLPFC_DeJager_eQTL,0.0198348284719473,1,DLPFC_DeJager_eQTL
chr7_12,PTER,ENSG00000165983,chr7:12232371:G:A,DLPFC_DeJager_eQTL,0.0198348284719473,1,DLPFC_DeJager_eQTL
chr7_12,KCNC2,ENSG00000166006,chr7:12232371:G:A,AC_DeJager_eQTL,0.0198348284719473,1,AC_DeJager_eQTL
chr7_12,ABTB2,ENSG00000166016,chr7:12232371:G:A,AC_DeJager_eQTL,0.0198348284719473,3,AC_DeJager_eQTL|DLPFC_DeJager_eQTL|PCC_DeJager_eQTL
chr7_12,TCP11L2,ENSG00000166046,chr7:12232371:G:A,AC_DeJager_eQTL,0.0198348284719473,1,AC_DeJager_eQTL
chr7_12,CMTM5,ENSG00000166091,chr7:12232371:G:A,PCC_DeJager_eQTL,0.0198348284719473,1,PCC_DeJager_eQTL
chr7_12,ADAMTS15,ENSG00000166106,chr7:12232371:G:A,DLPFC_DeJager_eQTL,0.0198348284719473,1,DLPFC_DeJager_eQTL
chr7_12,HIF1AN,ENSG00000166135,chr7:12232371:G:A,PCC_DeJager_eQTL,0.0198348284719473,1,PCC_DeJager_eQTL
chr7_12,BRD7,ENSG00000166164,chr7:12232371:G:A,Exc_DeJager_eQTL,0.0198348284719473,1,Exc_DeJager_eQTL
chr7_12,BAG5,ENSG00000166170,chr7:12232371:G:A,Inh_DeJager_eQTL,0.0198348284719473,1,Inh_DeJager_eQTL
chr7_12,LARP6,ENSG00000166173,chr7:12232371:G:A,Inh_DeJager_eQTL,0.0198348284719473,1,Inh_DeJager_eQTL
chr7_12,SGPL1,ENSG00000166224,chr7:12232371:G:A,Exc_DeJager_eQTL,0.0198348284719473,1,Exc_DeJager_eQTL
chr7_12,PCBD1,ENSG00000166228,chr7:12232371:G:A,Inh_DeJager_eQTL,0.0198348284719473,1,Inh_DeJager_eQTL
chr7_12,SCN3B,ENSG00000166257,chr7:12232371:G:A,Exc_DeJager_eQTL,0.0198348284719473,1,Exc_DeJager_eQTL
chr7_12,COX11,ENSG00000166260,chr7:12232371:G:A,Exc_DeJager_eQTL,0.0198348284719473,1,Exc_DeJager_eQTL
chr7_12,FAM227B,ENSG00000166262,chr7:12232371:G:A,DLPFC_DeJager_eQTL,0.0198348284719473,1,DLPFC_DeJager_eQTL
chr7_12,BORCS7,ENSG00000166275,chr7:12232371:G:A,Exc_DeJager_eQTL,0.0198348284719473,2,Exc_DeJager_eQTL|Inh_DeJager_eQTL
chr7_12,PLEKHF1,ENSG00000166289,chr7:12232371:G:A,AC_DeJager_eQTL,0.0198348284719473,1,AC_DeJager_eQTL
chr7_12,C11orf65,ENSG00000166323,chr7:12232371:G:A,DLPFC_DeJager_eQTL,0.0198348284719473,1,DLPFC_DeJager_eQTL
chr7_12,TPP1,ENSG00000166340,chr7:12232371:G:A,DLPFC_DeJager_eQTL,0.0198348284719473,2,DLPFC_DeJager_eQTL|Exc_DeJager_eQTL
chr7_12,DCHS1,ENSG00000166341,chr7:12232371:G:A,AC_DeJager_eQTL,0.0198348284719473,1,AC_DeJager_eQTL
chr7_12,GARRE1,ENSG00000166398,chr7:12232371:G:A,PCC_DeJager_eQTL,0.0198348284719473,1,PCC_DeJager_eQTL
chr7_12,TUB,ENSG00000166402,chr7:12232371:G:A,PCC_DeJager_eQTL,0.0198348284719473,1,PCC_DeJager_eQTL
chr7_12,RIC3,ENSG00000166405,chr7:12232371:G:A,DLPFC_DeJager_eQTL,0.0198348284719473,2,DLPFC_DeJager_eQTL|PCC_DeJager_eQTL
chr7_12,PLD4,ENSG00000166428,chr7:12232371:G:A,DLPFC_DeJager_eQTL,0.0198348284719473,1,DLPFC_DeJager_eQTL
chr7_12,PRTG,ENSG00000166450,chr7:12232371:G:A,DLPFC_DeJager_eQTL,0.0198348284719473,1,DLPFC_DeJager_eQTL
chr7_12,AKIP1,ENSG00000166452,chr7:12232371:G:A,Exc_DeJager_eQTL,0.0198348284719473,1,Exc_DeJager_eQTL
chr7_12,TMEM41B,ENSG00000166471,chr7:12232371:G:A,PCC_DeJager_eQTL,0.0198348284719473,1,PCC_DeJager_eQTL
chr7_12,MFAP4,ENSG00000166482,chr7:12232371:G:A,DLPFC_DeJager_eQTL,0.0198348284719473,1,DLPFC_DeJager_eQTL
chr7_12,WEE1,ENSG00000166483,chr7:12232371:G:A,DLPFC_DeJager_eQTL,0.0198348284719473,1,DLPFC_DeJager_eQTL
chr7_12,RIMKLB,ENSG00000166532,chr7:12232371:G:A,DLPFC_DeJager_eQTL,0.0198348284719473,1,DLPFC_DeJager_eQTL
chr7_12,CENPV,ENSG00000166582,chr7:12232371:G:A,Exc_DeJager_eQTL,0.0198348284719473,1,Exc_DeJager_eQTL
chr7_12,CFAP52,ENSG00000166596,chr7:12232371:G:A,DLPFC_DeJager_eQTL,0.0198348284719473,1,DLPFC_DeJager_eQTL
chr7_12,CHRFAM7A,ENSG00000166664,chr7:12232371:G:A,DLPFC_DeJager_eQTL,0.0198348284719473,2,DLPFC_DeJager_eQTL|PCC_DeJager_eQTL
chr7_12,TVP23A,ENSG00000166676,chr7:12232371:G:A,DLPFC_DeJager_eQTL,0.0198348284719473,1,DLPFC_DeJager_eQTL
chr7_12,PLEKHA7,ENSG00000166689,chr7:12232371:G:A,AC_DeJager_eQTL,0.0198348284719473,2,AC_DeJager_eQTL|PCC_DeJager_eQTL
chr7_12,ZNF606,ENSG00000166704,chr7:12232371:G:A,AC_DeJager_eQTL,0.0198348284719473,2,AC_DeJager_eQTL|Exc_DeJager_eQTL
chr7_12,ZCCHC18,ENSG00000166707,chr7:12232371:G:A,AC_DeJager_eQTL,0.0198348284719473,2,AC_DeJager_eQTL|DLPFC_DeJager_eQTL
chr7_12,HTR3A,ENSG00000166736,chr7:12232371:G:A,AC_DeJager_eQTL,0.0198348284719473,1,AC_DeJager_eQTL
chr7_12,YPEL4,ENSG00000166793,chr7:12232371:G:A,AC_DeJager_eQTL,0.0198348284719473,1,AC_DeJager_eQTL
chr7_12,KIF7,ENSG00000166813,chr7:12232371:G:A,PCC_DeJager_eQTL,0.0198348284719473,1,PCC_DeJager_eQTL
chr7_12,SCNN1G,ENSG00000166828,chr7:12232371:G:A,DLPFC_DeJager_eQTL,0.0198348284719473,2,DLPFC_DeJager_eQTL|PCC_DeJager_eQTL
chr7_12,ANKDD1A,ENSG00000166839,chr7:12232371:G:A,Exc_DeJager_eQTL,0.0198348284719473,1,Exc_DeJager_eQTL
chr7_12,CLPX,ENSG00000166855,chr7:12232371:G:A,Exc_DeJager_eQTL,0.0198348284719473,1,Exc_DeJager_eQTL
chr7_12,TAC3,ENSG00000166863,chr7:12232371:G:A,AC_DeJager_eQTL,0.0198348284719473,2,AC_DeJager_eQTL|PCC_DeJager_eQTL
chr7_12,STX3,ENSG00000166900,chr7:12232371:G:A,DLPFC_DeJager_eQTL,0.0198348284719473,1,DLPFC_DeJager_eQTL
chr7_12,GREM1,ENSG00000166923,chr7:12232371:G:A,DLPFC_DeJager_eQTL,0.0198348284719473,1,DLPFC_DeJager_eQTL
chr7_12,MS4A7,ENSG00000166927,chr7:12232371:G:A,DLPFC_DeJager_eQTL,0.0198348284719473,1,DLPFC_DeJager_eQTL
chr7_12,DIS3L,ENSG00000166938,chr7:12232371:G:A,Exc_DeJager_eQTL,0.0198348284719473,1,Exc_DeJager_eQTL
chr7_12,MAPRE2,ENSG00000166974,chr7:12232371:G:A,AC_DeJager_eQTL,0.0198348284719473,1,AC_DeJager_eQTL
chr7_12,MBD6,ENSG00000166987,chr7:12232371:G:A,AC_DeJager_eQTL,0.0198348284719473,1,AC_DeJager_eQTL
chr7_12,TEF,ENSG00000167074,chr7:12232371:G:A,PCC_DeJager_eQTL,0.0198348284719473,1,PCC_DeJager_eQTL
chr7_12,TRUB2,ENSG00000167112,chr7:12232371:G:A,Exc_DeJager_eQTL,0.0198348284719473,1,Exc_DeJager_eQTL
chr7_12,URM1,ENSG00000167118,chr7:12232371:G:A,Exc_DeJager_eQTL,0.0198348284719473,1,Exc_DeJager_eQTL
chr7_12,COQ7,ENSG00000167186,chr7:12232371:G:A,Inh_DeJager_eQTL,0.0198348284719473,1,Inh_DeJager_eQTL
chr7_12,NOD2,ENSG00000167207,chr7:12232371:G:A,DLPFC_DeJager_eQTL,0.0198348284719473,1,DLPFC_DeJager_eQTL
chr7_12,KATNAL2,ENSG00000167216,chr7:12232371:G:A,DLPFC_DeJager_eQTL,0.0198348284719473,1,DLPFC_DeJager_eQTL
chr7_12,TEPSIN,ENSG00000167302,chr7:12232371:G:A,AC_DeJager_eQTL,0.0198348284719473,1,AC_DeJager_eQTL
chr7_12,STIM1,ENSG00000167323,chr7:12232371:G:A,PCC_DeJager_eQTL,0.0198348284719473,1,PCC_DeJager_eQTL
chr7_12,IRGQ,ENSG00000167378,chr7:12232371:G:A,Inh_DeJager_eQTL,0.0198348284719473,1,Inh_DeJager_eQTL
chr7_12,PPP2R3B,ENSG00000167393,chr7:12232371:G:A,AC_DeJager_eQTL,0.0198348284719473,2,AC_DeJager_eQTL|PCC_DeJager_eQTL
chr7_12,RAB8A,ENSG00000167461,chr7:12232371:G:A,Exc_DeJager_eQTL,0.0198348284719473,1,Exc_DeJager_eQTL
chr7_12,MVD,ENSG00000167508,chr7:12232371:G:A,PCC_DeJager_eQTL,0.0198348284719473,1,PCC_DeJager_eQTL
chr7_12,AXL,ENSG00000167601,chr7:12232371:G:A,AC_DeJager_eQTL,0.0198348284719473,1,AC_DeJager_eQTL
chr7_12,GPT,ENSG00000167701,chr7:12232371:G:A,PCC_DeJager_eQTL,0.0198348284719473,1,PCC_DeJager_eQTL
chr7_12,TSR1,ENSG00000167721,chr7:12232371:G:A,Exc_DeJager_eQTL,0.0198348284719473,1,Exc_DeJager_eQTL
chr7_12,NUDT8,ENSG00000167799,chr7:12232371:G:A,PCC_DeJager_eQTL,0.0198348284719473,1,PCC_DeJager_eQTL
chr7_12,FAM234A,ENSG00000167930,chr7:12232371:G:A,Exc_DeJager_eQTL,0.0198348284719473,1,Exc_DeJager_eQTL
chr7_12,SDHAF2,ENSG00000167985,chr7:12232371:G:A,Exc_DeJager_eQTL,0.0198348284719473,1,Exc_DeJager_eQTL
chr7_12,VWCE,ENSG00000167992,chr7:12232371:G:A,PCC_DeJager_eQTL,0.0198348284719473,1,PCC_DeJager_eQTL
chr7_12,RAB3IL1,ENSG00000167994,chr7:12232371:G:A,AC_DeJager_eQTL,0.0198348284719473,1,AC_DeJager_eQTL
chr7_12,BEST1,ENSG00000167995,chr7:12232371:G:A,AC_DeJager_eQTL,0.0198348284719473,3,AC_DeJager_eQTL|DLPFC_DeJager_eQTL|PCC_DeJager_eQTL
chr7_12,BATF2,ENSG00000168062,chr7:12232371:G:A,DLPFC_DeJager_eQTL,0.0198348284719473,1,DLPFC_DeJager_eQTL
chr7_12,CCDC88B,ENSG00000168071,chr7:12232371:G:A,PCC_DeJager_eQTL,0.0198348284719473,1,PCC_DeJager_eQTL
chr7_12,PAFAH1B2,ENSG00000168092,chr7:12232371:G:A,AC_DeJager_eQTL,0.0198348284719473,1,AC_DeJager_eQTL
chr7_12,GLYCTK,ENSG00000168237,chr7:12232371:G:A,PCC_DeJager_eQTL,0.0198348284719473,1,PCC_DeJager_eQTL
chr7_12,GNG4,ENSG00000168243,chr7:12232371:G:A,AC_DeJager_eQTL,0.0198348284719473,1,AC_DeJager_eQTL
chr7_12,NKIRAS2,ENSG00000168256,chr7:12232371:G:A,Inh_DeJager_eQTL,0.0198348284719473,1,Inh_DeJager_eQTL
chr7_12,PXK,ENSG00000168297,chr7:12232371:G:A,DLPFC_DeJager_eQTL,0.0198348284719473,1,DLPFC_DeJager_eQTL
chr7_12,CX3CR1,ENSG00000168329,chr7:12232371:G:A,DLPFC_DeJager_eQTL,0.0198348284719473,1,DLPFC_DeJager_eQTL
chr7_12,SEPTIN2,ENSG00000168385,chr7:12232371:G:A,Exc_DeJager_eQTL,0.0198348284719473,1,Exc_DeJager_eQTL
chr7_12,COG7,ENSG00000168434,chr7:12232371:G:A,PCC_DeJager_eQTL,0.0198348284719473,1,PCC_DeJager_eQTL
chr7_12,REEP4,ENSG00000168476,chr7:12232371:G:A,PCC_DeJager_eQTL,0.0198348284719473,1,PCC_DeJager_eQTL
chr7_12,LGI3,ENSG00000168481,chr7:12232371:G:A,AC_DeJager_eQTL,0.0198348284719473,1,AC_DeJager_eQTL
chr7_12,CAVIN2,ENSG00000168497,chr7:12232371:G:A,DLPFC_DeJager_eQTL,0.0198348284719473,1,DLPFC_DeJager_eQTL
chr7_12,ING2,ENSG00000168556,chr7:12232371:G:A,Exc_DeJager_eQTL,0.0198348284719473,1,Exc_DeJager_eQTL
chr7_12,SLC20A2,ENSG00000168575,chr7:12232371:G:A,DLPFC_DeJager_eQTL,0.0198348284719473,1,DLPFC_DeJager_eQTL
chr7_12,TMUB2,ENSG00000168591,chr7:12232371:G:A,Exc_DeJager_eQTL,0.0198348284719473,1,Exc_DeJager_eQTL
chr7_12,GDNF,ENSG00000168621,chr7:12232371:G:A,DLPFC_DeJager_eQTL,0.0198348284719473,1,DLPFC_DeJager_eQTL
chr7_12,DNAJC21,ENSG00000168724,chr7:12232371:G:A,PCC_DeJager_eQTL,0.0198348284719473,1,PCC_DeJager_eQTL
chr7_12,TCTN2,ENSG00000168778,chr7:12232371:G:A,Exc_DeJager_eQTL,0.0198348284719473,1,Exc_DeJager_eQTL
chr7_12,STX18,ENSG00000168818,chr7:12232371:G:A,Exc_DeJager_eQTL,0.0198348284719473,1,Exc_DeJager_eQTL
chr7_12,HTR1E,ENSG00000168830,chr7:12232371:G:A,DLPFC_DeJager_eQTL,0.0198348284719473,1,DLPFC_DeJager_eQTL
chr7_12,LRRC28,ENSG00000168904,chr7:12232371:G:A,Exc_DeJager_eQTL,0.0198348284719473,1,Exc_DeJager_eQTL
chr7_12,INPP5D,ENSG00000168918,chr7:12232371:G:A,DLPFC_DeJager_eQTL,0.0198348284719473,1,DLPFC_DeJager_eQTL
chr7_12,PPIC,ENSG00000168938,chr7:12232371:G:A,DLPFC_DeJager_eQTL,0.0198348284719473,1,DLPFC_DeJager_eQTL
chr7_12,CEP120,ENSG00000168944,chr7:12232371:G:A,PCC_DeJager_eQTL,0.0198348284719473,1,PCC_DeJager_eQTL
chr7_12,SIGLEC7,ENSG00000168995,chr7:12232371:G:A,DLPFC_DeJager_eQTL,0.0198348284719473,1,DLPFC_DeJager_eQTL
chr7_12,COL4A3,ENSG00000169031,chr7:12232371:G:A,PCC_DeJager_eQTL,0.0198348284719473,1,PCC_DeJager_eQTL
chr7_12,DHRSX,ENSG00000169084,chr7:12232371:G:A,AC_DeJager_eQTL,0.0198348284719473,3,AC_DeJager_eQTL|DLPFC_DeJager_eQTL|Exc_DeJager_eQTL
chr7_12,FAM110B,ENSG00000169122,chr7:12232371:G:A,AC_DeJager_eQTL,0.0198348284719473,2,AC_DeJager_eQTL|PCC_DeJager_eQTL
chr7_12,XPO6,ENSG00000169180,chr7:12232371:G:A,Exc_DeJager_eQTL,0.0198348284719473,3,Exc_DeJager_eQTL|Inh_DeJager_eQTL|PCC_DeJager_eQTL
chr7_12,RGS14,ENSG00000169220,chr7:12232371:G:A,Exc_DeJager_eQTL,0.0198348284719473,1,Exc_DeJager_eQTL
chr7_12,CA5B,ENSG00000169239,chr7:12232371:G:A,DLPFC_DeJager_eQTL,0.0198348284719473,1,DLPFC_DeJager_eQTL
chr7_12,SH3TC2,ENSG00000169247,chr7:12232371:G:A,DLPFC_DeJager_eQTL,0.0198348284719473,1,DLPFC_DeJager_eQTL
chr7_12,ADRB2,ENSG00000169252,chr7:12232371:G:A,DLPFC_DeJager_eQTL,0.0198348284719473,2,DLPFC_DeJager_eQTL|PCC_DeJager_eQTL
chr7_12,B3GALNT1,ENSG00000169255,chr7:12232371:G:A,Inh_DeJager_eQTL,0.0198348284719473,1,Inh_DeJager_eQTL
chr7_12,GPRIN1,ENSG00000169258,chr7:12232371:G:A,Exc_DeJager_eQTL,0.0198348284719473,1,Exc_DeJager_eQTL
chr7_12,SHE,ENSG00000169291,chr7:12232371:G:A,AC_DeJager_eQTL,0.0198348284719473,2,AC_DeJager_eQTL|DLPFC_DeJager_eQTL
chr7_12,PTK2,ENSG00000169398,chr7:12232371:G:A,AC_DeJager_eQTL,0.0198348284719473,1,AC_DeJager_eQTL
chr7_12,PTPN9,ENSG00000169410,chr7:12232371:G:A,Exc_DeJager_eQTL,0.0198348284719473,2,Exc_DeJager_eQTL|Inh_DeJager_eQTL
chr7_12,NPR1,ENSG00000169418,chr7:12232371:G:A,DLPFC_DeJager_eQTL,0.0198348284719473,1,DLPFC_DeJager_eQTL
chr7_12,CCDC8,ENSG00000169515,chr7:12232371:G:A,PCC_DeJager_eQTL,0.0198348284719473,1,PCC_DeJager_eQTL
chr7_12,METTL15,ENSG00000169519,chr7:12232371:G:A,PCC_DeJager_eQTL,0.0198348284719473,1,PCC_DeJager_eQTL
chr7_12,DFFB,ENSG00000169598,chr7:12232371:G:A,Exc_DeJager_eQTL,0.0198348284719473,1,Exc_DeJager_eQTL
chr7_12,LUZP1,ENSG00000169641,chr7:12232371:G:A,DLPFC_DeJager_eQTL,0.0198348284719473,1,DLPFC_DeJager_eQTL
chr7_12,DRD5,ENSG00000169676,chr7:12232371:G:A,DLPFC_DeJager_eQTL,0.0198348284719473,1,DLPFC_DeJager_eQTL
chr7_12,RAC3,ENSG00000169750,chr7:12232371:G:A,PCC_DeJager_eQTL,0.0198348284719473,1,PCC_DeJager_eQTL
chr7_12,LIMS1,ENSG00000169756,chr7:12232371:G:A,Exc_DeJager_eQTL,0.0198348284719473,1,Exc_DeJager_eQTL
chr7_12,UGP2,ENSG00000169764,chr7:12232371:G:A,Exc_DeJager_eQTL,0.0198348284719473,1,Exc_DeJager_eQTL
chr7_12,WNT10B,ENSG00000169884,chr7:12232371:G:A,PCC_DeJager_eQTL,0.0198348284719473,1,PCC_DeJager_eQTL
chr7_12,CALML6,ENSG00000169885,chr7:12232371:G:A,AC_DeJager_eQTL,0.0198348284719473,1,AC_DeJager_eQTL
chr7_12,PYDC1,ENSG00000169900,chr7:12232371:G:A,PCC_DeJager_eQTL,0.0198348284719473,1,PCC_DeJager_eQTL
chr7_12,OTUD3,ENSG00000169914,chr7:12232371:G:A,DLPFC_DeJager_eQTL,0.0198348284719473,1,DLPFC_DeJager_eQTL
chr7_12,KLF13,ENSG00000169926,chr7:12232371:G:A,PCC_DeJager_eQTL,0.0198348284719473,1,PCC_DeJager_eQTL
chr7_12,TIGD4,ENSG00000169989,chr7:12232371:G:A,Exc_DeJager_eQTL,0.0198348284719473,1,Exc_DeJager_eQTL
chr7_12,CHD3,ENSG00000170004,chr7:12232371:G:A,DLPFC_DeJager_eQTL,0.0198348284719473,1,DLPFC_DeJager_eQTL
chr7_12,TMEM154,ENSG00000170006,chr7:12232371:G:A,DLPFC_DeJager_eQTL,0.0198348284719473,1,DLPFC_DeJager_eQTL
chr7_12,NSG2,ENSG00000170091,chr7:12232371:G:A,Inh_DeJager_eQTL,0.0198348284719473,1,Inh_DeJager_eQTL
chr7_12,ZNF778,ENSG00000170100,chr7:12232371:G:A,Exc_DeJager_eQTL,0.0198348284719473,1,Exc_DeJager_eQTL
chr7_12,NIPA1,ENSG00000170113,chr7:12232371:G:A,PCC_DeJager_eQTL,0.0198348284719473,1,PCC_DeJager_eQTL
chr7_12,SLC16A5,ENSG00000170190,chr7:12232371:G:A,DLPFC_DeJager_eQTL,0.0198348284719473,1,DLPFC_DeJager_eQTL
chr7_12,PDCD6IP,ENSG00000170248,chr7:12232371:G:A,AC_DeJager_eQTL,0.0198348284719473,1,AC_DeJager_eQTL
chr7_12,TMEM182,ENSG00000170417,chr7:12232371:G:A,PCC_DeJager_eQTL,0.0198348284719473,1,PCC_DeJager_eQTL
chr7_12,DNAJC18,ENSG00000170464,chr7:12232371:G:A,Inh_DeJager_eQTL,0.0198348284719473,1,Inh_DeJager_eQTL
chr7_12,NPAS2,ENSG00000170485,chr7:12232371:G:A,Exc_DeJager_eQTL,0.0198348284719473,1,Exc_DeJager_eQTL
chr7_12,PA2G4,ENSG00000170515,chr7:12232371:G:A,Inh_DeJager_eQTL,0.0198348284719473,1,Inh_DeJager_eQTL
chr7_12,ELOVL6,ENSG00000170522,chr7:12232371:G:A,AC_DeJager_eQTL,0.0198348284719473,1,AC_DeJager_eQTL
chr7_12,TMC7,ENSG00000170537,chr7:12232371:G:A,DLPFC_DeJager_eQTL,0.0198348284719473,1,DLPFC_DeJager_eQTL
chr7_12,SMAGP,ENSG00000170545,chr7:12232371:G:A,DLPFC_DeJager_eQTL,0.0198348284719473,1,DLPFC_DeJager_eQTL
chr7_12,CDH2,ENSG00000170558,chr7:12232371:G:A,PCC_DeJager_eQTL,0.0198348284719473,1,PCC_DeJager_eQTL
chr7_12,SIX2,ENSG00000170577,chr7:12232371:G:A,DLPFC_DeJager_eQTL,0.0198348284719473,1,DLPFC_DeJager_eQTL
chr7_12,RNF34,ENSG00000170633,chr7:12232371:G:A,DLPFC_DeJager_eQTL,0.0198348284719473,1,DLPFC_DeJager_eQTL
chr7_12,POLH,ENSG00000170734,chr7:12232371:G:A,PCC_DeJager_eQTL,0.0198348284719473,1,PCC_DeJager_eQTL
chr7_12,GPR27,ENSG00000170837,chr7:12232371:G:A,AC_DeJager_eQTL,0.0198348284719473,1,AC_DeJager_eQTL
chr7_12,AC093323.1,ENSG00000170846,chr7:12232371:G:A,Inh_DeJager_eQTL,0.0198348284719473,2,Inh_DeJager_eQTL|PCC_DeJager_eQTL
chr7_12,TRH,ENSG00000170893,chr7:12232371:G:A,AC_DeJager_eQTL,0.0198348284719473,1,AC_DeJager_eQTL
chr7_12,HAS2,ENSG00000170961,chr7:12232371:G:A,DLPFC_DeJager_eQTL,0.0198348284719473,1,DLPFC_DeJager_eQTL
chr7_12,PDGFD,ENSG00000170962,chr7:12232371:G:A,DLPFC_DeJager_eQTL,0.0198348284719473,2,DLPFC_DeJager_eQTL|PCC_DeJager_eQTL
chr7_12,SOX7,ENSG00000171056,chr7:12232371:G:A,DLPFC_DeJager_eQTL,0.0198348284719473,1,DLPFC_DeJager_eQTL
chr7_12,KCNMB3,ENSG00000171121,chr7:12232371:G:A,AC_DeJager_eQTL,0.0198348284719473,1,AC_DeJager_eQTL
chr7_12,C1GALT1C1,ENSG00000171155,chr7:12232371:G:A,Exc_DeJager_eQTL,0.0198348284719473,1,Exc_DeJager_eQTL
chr7_12,MORN4,ENSG00000171160,chr7:12232371:G:A,DLPFC_DeJager_eQTL,0.0198348284719473,1,DLPFC_DeJager_eQTL
chr7_12,ZNF692,ENSG00000171163,chr7:12232371:G:A,Exc_DeJager_eQTL,0.0198348284719473,2,Exc_DeJager_eQTL|Inh_DeJager_eQTL
chr7_12,CLDN20,ENSG00000171217,chr7:12232371:G:A,DLPFC_DeJager_eQTL,0.0198348284719473,1,DLPFC_DeJager_eQTL
chr7_12,TMEM37,ENSG00000171227,chr7:12232371:G:A,DLPFC_DeJager_eQTL,0.0198348284719473,2,DLPFC_DeJager_eQTL|PCC_DeJager_eQTL
chr7_12,KCNK3,ENSG00000171303,chr7:12232371:G:A,Inh_DeJager_eQTL,0.0198348284719473,1,Inh_DeJager_eQTL
chr7_12,KCND3,ENSG00000171385,chr7:12232371:G:A,AC_DeJager_eQTL,0.0198348284719473,1,AC_DeJager_eQTL
chr7_12,APLN,ENSG00000171388,chr7:12232371:G:A,DLPFC_DeJager_eQTL,0.0198348284719473,1,DLPFC_DeJager_eQTL
chr7_12,MCC,ENSG00000171444,chr7:12232371:G:A,AC_DeJager_eQTL,0.0198348284719473,2,AC_DeJager_eQTL|PCC_DeJager_eQTL
chr7_12,DSEL,ENSG00000171451,chr7:12232371:G:A,Inh_DeJager_eQTL,0.0198348284719473,1,Inh_DeJager_eQTL
chr7_12,RSL1D1,ENSG00000171490,chr7:12232371:G:A,Inh_DeJager_eQTL,0.0198348284719473,1,Inh_DeJager_eQTL
chr7_12,PTGER4,ENSG00000171522,chr7:12232371:G:A,DLPFC_DeJager_eQTL,0.0198348284719473,1,DLPFC_DeJager_eQTL
chr7_12,RAB4B-EGLN2,ENSG00000171570,chr7:12232371:G:A,AC_DeJager_eQTL,0.0198348284719473,1,AC_DeJager_eQTL
chr7_12,CLSTN1,ENSG00000171603,chr7:12232371:G:A,Inh_DeJager_eQTL,0.0198348284719473,1,Inh_DeJager_eQTL
chr7_12,ZNF274,ENSG00000171606,chr7:12232371:G:A,DLPFC_DeJager_eQTL,0.0198348284719473,1,DLPFC_DeJager_eQTL
chr7_12,TMEM51,ENSG00000171729,chr7:12232371:G:A,AC_DeJager_eQTL,0.0198348284719473,1,AC_DeJager_eQTL
chr7_12,CFAP46,ENSG00000171811,chr7:12232371:G:A,Exc_DeJager_eQTL,0.0198348284719473,1,Exc_DeJager_eQTL
chr7_12,COL8A2,ENSG00000171812,chr7:12232371:G:A,DLPFC_DeJager_eQTL,0.0198348284719473,2,DLPFC_DeJager_eQTL|PCC_DeJager_eQTL
chr7_12,EXOSC10,ENSG00000171824,chr7:12232371:G:A,PCC_DeJager_eQTL,0.0198348284719473,1,PCC_DeJager_eQTL
chr7_12,ZNF570,ENSG00000171827,chr7:12232371:G:A,Exc_DeJager_eQTL,0.0198348284719473,1,Exc_DeJager_eQTL
chr7_12,TRAPPC12,ENSG00000171853,chr7:12232371:G:A,Exc_DeJager_eQTL,0.0198348284719473,1,Exc_DeJager_eQTL
chr7_12,CYP4F11,ENSG00000171903,chr7:12232371:G:A,AC_DeJager_eQTL,0.0198348284719473,3,AC_DeJager_eQTL|DLPFC_DeJager_eQTL|PCC_DeJager_eQTL
chr7_12,ZNF217,ENSG00000171940,chr7:12232371:G:A,AC_DeJager_eQTL,0.0198348284719473,1,AC_DeJager_eQTL
chr7_12,NME6,ENSG00000172113,chr7:12232371:G:A,Exc_DeJager_eQTL,0.0198348284719473,1,Exc_DeJager_eQTL
chr7_12,SLFN12,ENSG00000172123,chr7:12232371:G:A,DLPFC_DeJager_eQTL,0.0198348284719473,1,DLPFC_DeJager_eQTL
chr7_12,SNTB1,ENSG00000172164,chr7:12232371:G:A,PCC_DeJager_eQTL,0.0198348284719473,1,PCC_DeJager_eQTL
chr7_12,MTBP,ENSG00000172167,chr7:12232371:G:A,PCC_DeJager_eQTL,0.0198348284719473,1,PCC_DeJager_eQTL
chr7_12,MBOAT1,ENSG00000172197,chr7:12232371:G:A,DLPFC_DeJager_eQTL,0.0198348284719473,1,DLPFC_DeJager_eQTL
chr7_12,CLEC7A,ENSG00000172243,chr7:12232371:G:A,DLPFC_DeJager_eQTL,0.0198348284719473,2,DLPFC_DeJager_eQTL|PCC_DeJager_eQTL
chr7_12,C5orf34,ENSG00000172244,chr7:12232371:G:A,AC_DeJager_eQTL,0.0198348284719473,1,AC_DeJager_eQTL
chr7_12,DPAGT1,ENSG00000172269,chr7:12232371:G:A,Exc_DeJager_eQTL,0.0198348284719473,1,Exc_DeJager_eQTL
chr7_12,HINFP,ENSG00000172273,chr7:12232371:G:A,DLPFC_DeJager_eQTL,0.0198348284719473,1,DLPFC_DeJager_eQTL
chr7_12,SPTLC3,ENSG00000172296,chr7:12232371:G:A,DLPFC_DeJager_eQTL,0.0198348284719473,2,DLPFC_DeJager_eQTL|PCC_DeJager_eQTL
chr7_12,TP53RK,ENSG00000172315,chr7:12232371:G:A,Exc_DeJager_eQTL,0.0198348284719473,1,Exc_DeJager_eQTL
chr7_12,B3GALT1,ENSG00000172318,chr7:12232371:G:A,Inh_DeJager_eQTL,0.0198348284719473,2,Inh_DeJager_eQTL|PCC_DeJager_eQTL
chr7_12,FGGY,ENSG00000172456,chr7:12232371:G:A,AC_DeJager_eQTL,0.0198348284719473,1,AC_DeJager_eQTL
chr7_12,RAB40A,ENSG00000172476,chr7:12232371:G:A,Exc_DeJager_eQTL,0.0198348284719473,1,Exc_DeJager_eQTL
chr7_12,NIPAL4,ENSG00000172548,chr7:12232371:G:A,PCC_DeJager_eQTL,0.0198348284719473,1,PCC_DeJager_eQTL
chr7_12,FNDC9,ENSG00000172568,chr7:12232371:G:A,DLPFC_DeJager_eQTL,0.0198348284719473,1,DLPFC_DeJager_eQTL
chr7_12,PDE3A,ENSG00000172572,chr7:12232371:G:A,DLPFC_DeJager_eQTL,0.0198348284719473,1,DLPFC_DeJager_eQTL
chr7_12,RND1,ENSG00000172602,chr7:12232371:G:A,Exc_DeJager_eQTL,0.0198348284719473,2,Exc_DeJager_eQTL|PCC_DeJager_eQTL
chr7_12,TMEM134,ENSG00000172663,chr7:12232371:G:A,PCC_DeJager_eQTL,0.0198348284719473,1,PCC_DeJager_eQTL
chr7_12,ZFAND4,ENSG00000172671,chr7:12232371:G:A,AC_DeJager_eQTL,0.0198348284719473,1,AC_DeJager_eQTL
chr7_12,CORO1B,ENSG00000172725,chr7:12232371:G:A,PCC_DeJager_eQTL,0.0198348284719473,1,PCC_DeJager_eQTL
chr7_12,FUT10,ENSG00000172728,chr7:12232371:G:A,Exc_DeJager_eQTL,0.0198348284719473,1,Exc_DeJager_eQTL
chr7_12,DCP2,ENSG00000172795,chr7:12232371:G:A,AC_DeJager_eQTL,0.0198348284719473,1,AC_DeJager_eQTL
chr7_12,SSH3,ENSG00000172830,chr7:12232371:G:A,AC_DeJager_eQTL,0.0198348284719473,1,AC_DeJager_eQTL
chr7_12,ZNF621,ENSG00000172888,chr7:12232371:G:A,DLPFC_DeJager_eQTL,0.0198348284719473,1,DLPFC_DeJager_eQTL
chr7_12,DHCR7,ENSG00000172893,chr7:12232371:G:A,DLPFC_DeJager_eQTL,0.0198348284719473,2,DLPFC_DeJager_eQTL|PCC_DeJager_eQTL
chr7_12,KAT5,ENSG00000172977,chr7:12232371:G:A,Inh_DeJager_eQTL,0.0198348284719473,1,Inh_DeJager_eQTL
chr7_12,SH3RF3,ENSG00000172985,chr7:12232371:G:A,Exc_DeJager_eQTL,0.0198348284719473,1,Exc_DeJager_eQTL
chr7_12,EVC2,ENSG00000173040,chr7:12232371:G:A,DLPFC_DeJager_eQTL,0.0198348284719473,1,DLPFC_DeJager_eQTL
chr7_12,BNC2,ENSG00000173068,chr7:12232371:G:A,DLPFC_DeJager_eQTL,0.0198348284719473,1,DLPFC_DeJager_eQTL
chr7_12,ADCK5,ENSG00000173137,chr7:12232371:G:A,Exc_DeJager_eQTL,0.0198348284719473,1,Exc_DeJager_eQTL
chr7_12,NOC3L,ENSG00000173145,chr7:12232371:G:A,PCC_DeJager_eQTL,0.0198348284719473,1,PCC_DeJager_eQTL
chr7_12,PARP14,ENSG00000173193,chr7:12232371:G:A,AC_DeJager_eQTL,0.0198348284719473,1,AC_DeJager_eQTL
chr7_12,SYT12,ENSG00000173227,chr7:12232371:G:A,AC_DeJager_eQTL,0.0198348284719473,1,AC_DeJager_eQTL
chr7_12,DMRT2,ENSG00000173253,chr7:12232371:G:A,DLPFC_DeJager_eQTL,0.0198348284719473,1,DLPFC_DeJager_eQTL
chr7_12,PPP1R3B,ENSG00000173281,chr7:12232371:G:A,DLPFC_DeJager_eQTL,0.0198348284719473,1,DLPFC_DeJager_eQTL
chr7_12,TRIB1,ENSG00000173334,chr7:12232371:G:A,DLPFC_DeJager_eQTL,0.0198348284719473,1,DLPFC_DeJager_eQTL
chr7_12,NDNF,ENSG00000173376,chr7:12232371:G:A,PCC_DeJager_eQTL,0.0198348284719473,1,PCC_DeJager_eQTL
chr7_12,DAB1,ENSG00000173406,chr7:12232371:G:A,PCC_DeJager_eQTL,0.0198348284719473,1,PCC_DeJager_eQTL
chr7_12,RNF26,ENSG00000173456,chr7:12232371:G:A,AC_DeJager_eQTL,0.0198348284719473,1,AC_DeJager_eQTL
chr7_12,ZNRD2,ENSG00000173465,chr7:12232371:G:A,PCC_DeJager_eQTL,0.0198348284719473,1,PCC_DeJager_eQTL
chr7_12,SMARCC1,ENSG00000173473,chr7:12232371:G:A,AC_DeJager_eQTL,0.0198348284719473,1,AC_DeJager_eQTL
chr7_12,TNFRSF10C,ENSG00000173535,chr7:12232371:G:A,DLPFC_DeJager_eQTL,0.0198348284719473,1,DLPFC_DeJager_eQTL
chr7_12,MOB1B,ENSG00000173542,chr7:12232371:G:A,PCC_DeJager_eQTL,0.0198348284719473,1,PCC_DeJager_eQTL
chr7_12,ZNF622,ENSG00000173545,chr7:12232371:G:A,Inh_DeJager_eQTL,0.0198348284719473,1,Inh_DeJager_eQTL
chr7_12,PC,ENSG00000173599,chr7:12232371:G:A,Inh_DeJager_eQTL,0.0198348284719473,1,Inh_DeJager_eQTL
chr7_12,BCLAF3,ENSG00000173681,chr7:12232371:G:A,Exc_DeJager_eQTL,0.0198348284719473,1,Exc_DeJager_eQTL
chr7_12,HEG1,ENSG00000173706,chr7:12232371:G:A,AC_DeJager_eQTL,0.0198348284719473,1,AC_DeJager_eQTL
chr7_12,C11orf80,ENSG00000173715,chr7:12232371:G:A,Inh_DeJager_eQTL,0.0198348284719473,1,Inh_DeJager_eQTL
chr7_12,JUP,ENSG00000173801,chr7:12232371:G:A,PCC_DeJager_eQTL,0.0198348284719473,1,PCC_DeJager_eQTL
chr7_12,ENDOV,ENSG00000173818,chr7:12232371:G:A,AC_DeJager_eQTL,0.0198348284719473,1,AC_DeJager_eQTL
chr7_12,KCNH6,ENSG00000173826,chr7:12232371:G:A,PCC_DeJager_eQTL,0.0198348284719473,1,PCC_DeJager_eQTL
chr7_12,PLK3,ENSG00000173846,chr7:12232371:G:A,DLPFC_DeJager_eQTL,0.0198348284719473,1,DLPFC_DeJager_eQTL
chr7_12,ZNF791,ENSG00000173875,chr7:12232371:G:A,Exc_DeJager_eQTL,0.0198348284719473,1,Exc_DeJager_eQTL
chr7_12,CEP19,ENSG00000174007,chr7:12232371:G:A,AC_DeJager_eQTL,0.0198348284719473,2,AC_DeJager_eQTL|Exc_DeJager_eQTL
chr7_12,CTSF,ENSG00000174080,chr7:12232371:G:A,Inh_DeJager_eQTL,0.0198348284719473,1,Inh_DeJager_eQTL
chr7_12,MSRB3,ENSG00000174099,chr7:12232371:G:A,OPC_DeJager_eQTL,0.0198348284719473,1,OPC_DeJager_eQTL
chr7_12,TLR10,ENSG00000174123,chr7:12232371:G:A,DLPFC_DeJager_eQTL,0.0198348284719473,1,DLPFC_DeJager_eQTL
chr7_12,TLR1,ENSG00000174130,chr7:12232371:G:A,DLPFC_DeJager_eQTL,0.0198348284719473,1,DLPFC_DeJager_eQTL
chr7_12,TRMT10C,ENSG00000174173,chr7:12232371:G:A,Inh_DeJager_eQTL,0.0198348284719473,1,Inh_DeJager_eQTL
chr7_12,SNAPC5,ENSG00000174446,chr7:12232371:G:A,Inh_DeJager_eQTL,0.0198348284719473,1,Inh_DeJager_eQTL
chr7_12,SLC26A9,ENSG00000174502,chr7:12232371:G:A,DLPFC_DeJager_eQTL,0.0198348284719473,1,DLPFC_DeJager_eQTL
chr7_12,TMEM81,ENSG00000174529,chr7:12232371:G:A,DLPFC_DeJager_eQTL,0.0198348284719473,1,DLPFC_DeJager_eQTL
chr7_12,CMKLR1,ENSG00000174600,chr7:12232371:G:A,PCC_DeJager_eQTL,0.0198348284719473,1,PCC_DeJager_eQTL
chr7_12,ANGEL2,ENSG00000174606,chr7:12232371:G:A,AC_DeJager_eQTL,0.0198348284719473,2,AC_DeJager_eQTL|PCC_DeJager_eQTL
chr7_12,IQCK,ENSG00000174628,chr7:12232371:G:A,DLPFC_DeJager_eQTL,0.0198348284719473,1,DLPFC_DeJager_eQTL
chr7_12,SLC29A2,ENSG00000174669,chr7:12232371:G:A,PCC_DeJager_eQTL,0.0198348284719473,1,PCC_DeJager_eQTL
chr7_12,SH3PXD2B,ENSG00000174705,chr7:12232371:G:A,AC_DeJager_eQTL,0.0198348284719473,1,AC_DeJager_eQTL
chr7_12,NR1D2,ENSG00000174738,chr7:12232371:G:A,Inh_DeJager_eQTL,0.0198348284719473,1,Inh_DeJager_eQTL
chr7_12,PTDSS2,ENSG00000174915,chr7:12232371:G:A,PCC_DeJager_eQTL,0.0198348284719473,1,PCC_DeJager_eQTL
chr7_12,FUT1,ENSG00000174951,chr7:12232371:G:A,DLPFC_DeJager_eQTL,0.0198348284719473,2,DLPFC_DeJager_eQTL|PCC_DeJager_eQTL
chr7_12,ZIC4,ENSG00000174963,chr7:12232371:G:A,DLPFC_DeJager_eQTL,0.0198348284719473,1,DLPFC_DeJager_eQTL
chr7_12,FBXW8,ENSG00000174989,chr7:12232371:G:A,AC_DeJager_eQTL,0.0198348284719473,1,AC_DeJager_eQTL
chr7_12,ZDHHC14,ENSG00000175048,chr7:12232371:G:A,PCC_DeJager_eQTL,0.0198348284719473,1,PCC_DeJager_eQTL
chr7_12,SH3BP5L,ENSG00000175137,chr7:12232371:G:A,PCC_DeJager_eQTL,0.0198348284719473,1,PCC_DeJager_eQTL
chr7_12,PCCA,ENSG00000175198,chr7:12232371:G:A,Exc_DeJager_eQTL,0.0198348284719473,1,Exc_DeJager_eQTL
chr7_12,NRIP3,ENSG00000175352,chr7:12232371:G:A,Inh_DeJager_eQTL,0.0198348284719473,1,Inh_DeJager_eQTL
chr7_12,SCUBE2,ENSG00000175356,chr7:12232371:G:A,DLPFC_DeJager_eQTL,0.0198348284719473,1,DLPFC_DeJager_eQTL
chr7_12,EIF1AD,ENSG00000175376,chr7:12232371:G:A,Exc_DeJager_eQTL,0.0198348284719473,2,Exc_DeJager_eQTL|PCC_DeJager_eQTL
chr7_12,EIF3F,ENSG00000175390,chr7:12232371:G:A,Exc_DeJager_eQTL,0.0198348284719473,2,Exc_DeJager_eQTL|Inh_DeJager_eQTL
chr7_12,PPP2R2D,ENSG00000175470,chr7:12232371:G:A,DLPFC_DeJager_eQTL,0.0198348284719473,1,DLPFC_DeJager_eQTL
chr7_12,KCNE3,ENSG00000175538,chr7:12232371:G:A,DLPFC_DeJager_eQTL,0.0198348284719473,1,DLPFC_DeJager_eQTL
chr7_12,CABP4,ENSG00000175544,chr7:12232371:G:A,PCC_DeJager_eQTL,0.0198348284719473,1,PCC_DeJager_eQTL
chr7_12,P2RY2,ENSG00000175591,chr7:12232371:G:A,DLPFC_DeJager_eQTL,0.0198348284719473,1,DLPFC_DeJager_eQTL
chr7_12,KDF1,ENSG00000175707,chr7:12232371:G:A,DLPFC_DeJager_eQTL,0.0198348284719473,1,DLPFC_DeJager_eQTL
chr7_12,PRIMA1,ENSG00000175785,chr7:12232371:G:A,PCC_DeJager_eQTL,0.0198348284719473,1,PCC_DeJager_eQTL
chr7_12,ARL4D,ENSG00000175906,chr7:12232371:G:A,AC_DeJager_eQTL,0.0198348284719473,1,AC_DeJager_eQTL
chr7_12,GPX2,ENSG00000176153,chr7:12232371:G:A,AC_DeJager_eQTL,0.0198348284719473,1,AC_DeJager_eQTL
chr7_12,ACBD7,ENSG00000176244,chr7:12232371:G:A,DLPFC_DeJager_eQTL,0.0198348284719473,1,DLPFC_DeJager_eQTL
chr7_12,CDC26,ENSG00000176386,chr7:12232371:G:A,Exc_DeJager_eQTL,0.0198348284719473,1,Exc_DeJager_eQTL
chr7_12,SYNE3,ENSG00000176438,chr7:12232371:G:A,AC_DeJager_eQTL,0.0198348284719473,1,AC_DeJager_eQTL
chr7_12,WDR25,ENSG00000176473,chr7:12232371:G:A,AC_DeJager_eQTL,0.0198348284719473,2,AC_DeJager_eQTL|PCC_DeJager_eQTL
chr7_12,KBTBD11,ENSG00000176595,chr7:12232371:G:A,PCC_DeJager_eQTL,0.0198348284719473,1,PCC_DeJager_eQTL
chr7_12,FOXC2,ENSG00000176692,chr7:12232371:G:A,DLPFC_DeJager_eQTL,0.0198348284719473,1,DLPFC_DeJager_eQTL
chr7_12,LRRC37A3,ENSG00000176809,chr7:12232371:G:A,AC_DeJager_eQTL,0.0198348284719473,1,AC_DeJager_eQTL
chr7_12,TYMS,ENSG00000176890,chr7:12232371:G:A,DLPFC_DeJager_eQTL,0.0198348284719473,1,DLPFC_DeJager_eQTL
chr7_12,LY6H,ENSG00000176956,chr7:12232371:G:A,AC_DeJager_eQTL,0.0198348284719473,1,AC_DeJager_eQTL
chr7_12,SHMT1,ENSG00000176974,chr7:12232371:G:A,DLPFC_DeJager_eQTL,0.0198348284719473,1,DLPFC_DeJager_eQTL
chr7_12,DEAF1,ENSG00000177030,chr7:12232371:G:A,PCC_DeJager_eQTL,0.0198348284719473,1,PCC_DeJager_eQTL
chr7_12,MTX3,ENSG00000177034,chr7:12232371:G:A,Exc_DeJager_eQTL,0.0198348284719473,1,Exc_DeJager_eQTL
chr7_12,SIX5,ENSG00000177045,chr7:12232371:G:A,PCC_DeJager_eQTL,0.0198348284719473,1,PCC_DeJager_eQTL
chr7_12,POLE,ENSG00000177084,chr7:12232371:G:A,AC_DeJager_eQTL,0.0198348284719473,2,AC_DeJager_eQTL|PCC_DeJager_eQTL
chr7_12,ZDHHC22,ENSG00000177108,chr7:12232371:G:A,DLPFC_DeJager_eQTL,0.0198348284719473,3,DLPFC_DeJager_eQTL|Exc_DeJager_eQTL|PCC_DeJager_eQTL
chr7_12,FAM210A,ENSG00000177150,chr7:12232371:G:A,PCC_DeJager_eQTL,0.0198348284719473,1,PCC_DeJager_eQTL
chr7_12,PUS1,ENSG00000177192,chr7:12232371:G:A,Inh_DeJager_eQTL,0.0198348284719473,1,Inh_DeJager_eQTL
chr7_12,FZD8,ENSG00000177283,chr7:12232371:G:A,DLPFC_DeJager_eQTL,0.0198348284719473,1,DLPFC_DeJager_eQTL
chr7_12,KCNA2,ENSG00000177301,chr7:12232371:G:A,Exc_DeJager_eQTL,0.0198348284719473,1,Exc_DeJager_eQTL
chr7_12,MAGEF1,ENSG00000177383,chr7:12232371:G:A,Inh_DeJager_eQTL,0.0198348284719473,1,Inh_DeJager_eQTL
chr7_12,PAWR,ENSG00000177425,chr7:12232371:G:A,DLPFC_DeJager_eQTL,0.0198348284719473,1,DLPFC_DeJager_eQTL
chr7_12,NIM1K,ENSG00000177453,chr7:12232371:G:A,PCC_DeJager_eQTL,0.0198348284719473,1,PCC_DeJager_eQTL
chr7_12,ERICH5,ENSG00000177459,chr7:12232371:G:A,DLPFC_DeJager_eQTL,0.0198348284719473,1,DLPFC_DeJager_eQTL
chr7_12,RPRM,ENSG00000177519,chr7:12232371:G:A,PCC_DeJager_eQTL,0.0198348284719473,1,PCC_DeJager_eQTL
chr7_12,RABEP2,ENSG00000177548,chr7:12232371:G:A,AC_DeJager_eQTL,0.0198348284719473,1,AC_DeJager_eQTL
chr7_12,CSTF2T,ENSG00000177613,chr7:12232371:G:A,Inh_DeJager_eQTL,0.0198348284719473,1,Inh_DeJager_eQTL
chr7_12,IL17RA,ENSG00000177663,chr7:12232371:G:A,DLPFC_DeJager_eQTL,0.0198348284719473,1,DLPFC_DeJager_eQTL
chr7_12,NECTIN3,ENSG00000177707,chr7:12232371:G:A,AC_DeJager_eQTL,0.0198348284719473,2,AC_DeJager_eQTL|PCC_DeJager_eQTL
chr7_12,ANXA2R,ENSG00000177721,chr7:12232371:G:A,DLPFC_DeJager_eQTL,0.0198348284719473,1,DLPFC_DeJager_eQTL
chr7_12,ZNF620,ENSG00000177842,chr7:12232371:G:A,AC_DeJager_eQTL,0.0198348284719473,1,AC_DeJager_eQTL
chr7_12,SVBP,ENSG00000177868,chr7:12232371:G:A,Inh_DeJager_eQTL,0.0198348284719473,1,Inh_DeJager_eQTL
chr7_12,ZNF619,ENSG00000177873,chr7:12232371:G:A,AC_DeJager_eQTL,0.0198348284719473,1,AC_DeJager_eQTL
chr7_12,ZNF354C,ENSG00000177932,chr7:12232371:G:A,AC_DeJager_eQTL,0.0198348284719473,1,AC_DeJager_eQTL
chr7_12,ASB8,ENSG00000177981,chr7:12232371:G:A,Inh_DeJager_eQTL,0.0198348284719473,1,Inh_DeJager_eQTL
chr7_12,CALHM5,ENSG00000178033,chr7:12232371:G:A,DLPFC_DeJager_eQTL,0.0198348284719473,1,DLPFC_DeJager_eQTL
chr7_12,ZNF366,ENSG00000178175,chr7:12232371:G:A,DLPFC_DeJager_eQTL,0.0198348284719473,1,DLPFC_DeJager_eQTL
chr7_12,SLITRK1,ENSG00000178235,chr7:12232371:G:A,Exc_DeJager_eQTL,0.0198348284719473,1,Exc_DeJager_eQTL
chr7_12,AQP11,ENSG00000178301,chr7:12232371:G:A,PCC_DeJager_eQTL,0.0198348284719473,1,PCC_DeJager_eQTL
chr7_12,ZNF354B,ENSG00000178338,chr7:12232371:G:A,AC_DeJager_eQTL,0.0198348284719473,1,AC_DeJager_eQTL
chr7_12,CEP295NL,ENSG00000178404,chr7:12232371:G:A,AC_DeJager_eQTL,0.0198348284719473,1,AC_DeJager_eQTL
chr7_12,BEND3,ENSG00000178409,chr7:12232371:G:A,AC_DeJager_eQTL,0.0198348284719473,1,AC_DeJager_eQTL
chr7_12,TIMM23B-AGAP6,ENSG00000178440,chr7:12232371:G:A,AC_DeJager_eQTL,0.0198348284719473,1,AC_DeJager_eQTL
chr7_12,MCMDC2,ENSG00000178460,chr7:12232371:G:A,DLPFC_DeJager_eQTL,0.0198348284719473,1,DLPFC_DeJager_eQTL
chr7_12,MAF,ENSG00000178573,chr7:12232371:G:A,DLPFC_DeJager_eQTL,0.0198348284719473,1,DLPFC_DeJager_eQTL
chr7_12,ERN1,ENSG00000178607,chr7:12232371:G:A,DLPFC_DeJager_eQTL,0.0198348284719473,1,DLPFC_DeJager_eQTL
chr7_12,DHFR2,ENSG00000178700,chr7:12232371:G:A,DLPFC_DeJager_eQTL,0.0198348284719473,1,DLPFC_DeJager_eQTL
chr7_12,ZHX2,ENSG00000178764,chr7:12232371:G:A,AC_DeJager_eQTL,0.0198348284719473,1,AC_DeJager_eQTL
chr7_12,DPY19L3,ENSG00000178904,chr7:12232371:G:A,Exc_DeJager_eQTL,0.0198348284719473,1,Exc_DeJager_eQTL
chr7_12,MRFAP1L1,ENSG00000178988,chr7:12232371:G:A,Inh_DeJager_eQTL,0.0198348284719473,1,Inh_DeJager_eQTL
chr7_12,SNX18,ENSG00000178996,chr7:12232371:G:A,Exc_DeJager_eQTL,0.0198348284719473,1,Exc_DeJager_eQTL
chr7_12,TMTC2,ENSG00000179104,chr7:12232371:G:A,PCC_DeJager_eQTL,0.0198348284719473,1,PCC_DeJager_eQTL
chr7_12,VWA1,ENSG00000179403,chr7:12232371:G:A,AC_DeJager_eQTL,0.0198348284719473,1,AC_DeJager_eQTL
chr7_12,MKRN3,ENSG00000179455,chr7:12232371:G:A,AC_DeJager_eQTL,0.0198348284719473,2,AC_DeJager_eQTL|DLPFC_DeJager_eQTL
chr7_12,SLITRK4,ENSG00000179542,chr7:12232371:G:A,DLPFC_DeJager_eQTL,0.0198348284719473,1,DLPFC_DeJager_eQTL
chr7_12,PLD6,ENSG00000179598,chr7:12232371:G:A,AC_DeJager_eQTL,0.0198348284719473,2,AC_DeJager_eQTL|PCC_DeJager_eQTL
chr7_12,LRRC3B,ENSG00000179796,chr7:12232371:G:A,DLPFC_DeJager_eQTL,0.0198348284719473,1,DLPFC_DeJager_eQTL
chr7_12,RNF227,ENSG00000179859,chr7:12232371:G:A,AC_DeJager_eQTL,0.0198348284719473,1,AC_DeJager_eQTL
chr7_12,PDXDC1,ENSG00000179889,chr7:12232371:G:A,PCC_DeJager_eQTL,0.0198348284719473,1,PCC_DeJager_eQTL
chr7_12,PSTK,ENSG00000179988,chr7:12232371:G:A,PCC_DeJager_eQTL,0.0198348284719473,1,PCC_DeJager_eQTL
chr7_12,ZADH2,ENSG00000180011,chr7:12232371:G:A,AC_DeJager_eQTL,0.0198348284719473,4,AC_DeJager_eQTL|Exc_DeJager_eQTL|Inh_DeJager_eQTL|PCC_DeJager_eQTL
chr7_12,C3orf80,ENSG00000180044,chr7:12232371:G:A,AC_DeJager_eQTL,0.0198348284719473,1,AC_DeJager_eQTL
chr7_12,TMEM150B,ENSG00000180061,chr7:12232371:G:A,DLPFC_DeJager_eQTL,0.0198348284719473,1,DLPFC_DeJager_eQTL
chr7_12,FAHD1,ENSG00000180185,chr7:12232371:G:A,Exc_DeJager_eQTL,0.0198348284719473,1,Exc_DeJager_eQTL
chr7_12,TDRP,ENSG00000180190,chr7:12232371:G:A,AC_DeJager_eQTL,0.0198348284719473,2,AC_DeJager_eQTL|Exc_DeJager_eQTL
chr7_12,PRKRA,ENSG00000180228,chr7:12232371:G:A,protein_transmap,0.0198348284719473,1,protein_transmap
chr7_12,FZD2,ENSG00000180340,chr7:12232371:G:A,DLPFC_DeJager_eQTL,0.0198348284719473,2,DLPFC_DeJager_eQTL|PCC_DeJager_eQTL
chr7_12,ARHGAP45,ENSG00000180448,chr7:12232371:G:A,AC_DeJager_eQTL,0.0198348284719473,1,AC_DeJager_eQTL
chr7_12,MIGA1,ENSG00000180488,chr7:12232371:G:A,Exc_DeJager_eQTL,0.0198348284719473,1,Exc_DeJager_eQTL
chr7_12,H2AC6,ENSG00000180573,chr7:12232371:G:A,DLPFC_DeJager_eQTL,0.0198348284719473,1,DLPFC_DeJager_eQTL
chr7_12,SKIDA1,ENSG00000180592,chr7:12232371:G:A,DLPFC_DeJager_eQTL,0.0198348284719473,1,DLPFC_DeJager_eQTL
chr7_12,MB21D2,ENSG00000180611,chr7:12232371:G:A,AC_DeJager_eQTL,0.0198348284719473,1,AC_DeJager_eQTL
chr7_12,SSTR2,ENSG00000180616,chr7:12232371:G:A,Exc_DeJager_eQTL,0.0198348284719473,2,Exc_DeJager_eQTL|Inh_DeJager_eQTL
chr7_12,TMEM64,ENSG00000180694,chr7:12232371:G:A,PCC_DeJager_eQTL,0.0198348284719473,1,PCC_DeJager_eQTL
chr7_12,S1PR5,ENSG00000180739,chr7:12232371:G:A,DLPFC_DeJager_eQTL,0.0198348284719473,1,DLPFC_DeJager_eQTL
chr7_12,KCTD2,ENSG00000180901,chr7:12232371:G:A,DLPFC_DeJager_eQTL,0.0198348284719473,2,DLPFC_DeJager_eQTL|Inh_DeJager_eQTL
chr7_12,LRRC57,ENSG00000180979,chr7:12232371:G:A,PCC_DeJager_eQTL,0.0198348284719473,1,PCC_DeJager_eQTL
chr7_12,BBS12,ENSG00000181004,chr7:12232371:G:A,Exc_DeJager_eQTL,0.0198348284719473,2,Exc_DeJager_eQTL|PCC_DeJager_eQTL
chr7_12,DHTKD1,ENSG00000181192,chr7:12232371:G:A,AC_DeJager_eQTL,0.0198348284719473,3,AC_DeJager_eQTL|DLPFC_DeJager_eQTL|Exc_DeJager_eQTL
chr7_12,DDX60L,ENSG00000181381,chr7:12232371:G:A,DLPFC_DeJager_eQTL,0.0198348284719473,2,DLPFC_DeJager_eQTL|PCC_DeJager_eQTL
chr7_12,MRPS23,ENSG00000181610,chr7:12232371:G:A,Inh_DeJager_eQTL,0.0198348284719473,1,Inh_DeJager_eQTL
chr7_12,P2RY13,ENSG00000181631,chr7:12232371:G:A,PCC_DeJager_eQTL,0.0198348284719473,1,PCC_DeJager_eQTL
chr7_12,MACIR,ENSG00000181751,chr7:12232371:G:A,AC_DeJager_eQTL,0.0198348284719473,1,AC_DeJager_eQTL
chr7_12,RELL1,ENSG00000181826,chr7:12232371:G:A,AC_DeJager_eQTL,0.0198348284719473,1,AC_DeJager_eQTL
chr7_12,SLC2A4,ENSG00000181856,chr7:12232371:G:A,DLPFC_DeJager_eQTL,0.0198348284719473,1,DLPFC_DeJager_eQTL
chr7_12,SNRPE,ENSG00000182004,chr7:12232371:G:A,Inh_DeJager_eQTL,0.0198348284719473,1,Inh_DeJager_eQTL
chr7_12,CHST15,ENSG00000182022,chr7:12232371:G:A,PCC_DeJager_eQTL,0.0198348284719473,1,PCC_DeJager_eQTL
chr7_12,MGAT4C,ENSG00000182050,chr7:12232371:G:A,Exc_DeJager_eQTL,0.0198348284719473,1,Exc_DeJager_eQTL
chr7_12,TMEM30B,ENSG00000182107,chr7:12232371:G:A,DLPFC_DeJager_eQTL,0.0198348284719473,1,DLPFC_DeJager_eQTL
chr7_12,FAM89A,ENSG00000182118,chr7:12232371:G:A,DLPFC_DeJager_eQTL,0.0198348284719473,1,DLPFC_DeJager_eQTL
chr7_12,RAD51B,ENSG00000182185,chr7:12232371:G:A,AC_DeJager_eQTL,0.0198348284719473,2,AC_DeJager_eQTL|PCC_DeJager_eQTL
chr7_12,CYB5D1,ENSG00000182224,chr7:12232371:G:A,DLPFC_DeJager_eQTL,0.0198348284719473,3,DLPFC_DeJager_eQTL|Exc_DeJager_eQTL|PCC_DeJager_eQTL
chr7_12,FBXL6,ENSG00000182325,chr7:12232371:G:A,AC_DeJager_eQTL,0.0198348284719473,2,AC_DeJager_eQTL|PCC_DeJager_eQTL
chr7_12,CLN8,ENSG00000182372,chr7:12232371:G:A,DLPFC_DeJager_eQTL,0.0198348284719473,1,DLPFC_DeJager_eQTL
chr7_12,PGBD4,ENSG00000182405,chr7:12232371:G:A,Exc_DeJager_eQTL,0.0198348284719473,1,Exc_DeJager_eQTL
chr7_12,EXOC7,ENSG00000182473,chr7:12232371:G:A,PCC_DeJager_eQTL,0.0198348284719473,1,PCC_DeJager_eQTL
chr7_12,CLEC4G,ENSG00000182566,chr7:12232371:G:A,AC_DeJager_eQTL,0.0198348284719473,1,AC_DeJager_eQTL
chr7_12,NDN,ENSG00000182636,chr7:12232371:G:A,Exc_DeJager_eQTL,0.0198348284719473,1,Exc_DeJager_eQTL
chr7_12,TSKU,ENSG00000182704,chr7:12232371:G:A,DLPFC_DeJager_eQTL,0.0198348284719473,2,DLPFC_DeJager_eQTL|PCC_DeJager_eQTL
chr7_12,ACBD3,ENSG00000182827,chr7:12232371:G:A,Exc_DeJager_eQTL,0.0198348284719473,2,Exc_DeJager_eQTL|PCC_DeJager_eQTL
chr7_12,GLUD2,ENSG00000182890,chr7:12232371:G:A,PCC_DeJager_eQTL,0.0198348284719473,1,PCC_DeJager_eQTL
chr7_12,ZNF662,ENSG00000182983,chr7:12232371:G:A,AC_DeJager_eQTL,0.0198348284719473,1,AC_DeJager_eQTL
chr7_12,ABAT,ENSG00000183044,chr7:12232371:G:A,AC_DeJager_eQTL,0.0198348284719473,1,AC_DeJager_eQTL
chr7_12,FAM43B,ENSG00000183114,chr7:12232371:G:A,Inh_DeJager_eQTL,0.0198348284719473,1,Inh_DeJager_eQTL
chr7_12,RABIF,ENSG00000183155,chr7:12232371:G:A,Exc_DeJager_eQTL,0.0198348284719473,1,Exc_DeJager_eQTL
chr7_12,CHST6,ENSG00000183196,chr7:12232371:G:A,DLPFC_DeJager_eQTL,0.0198348284719473,2,DLPFC_DeJager_eQTL|PCC_DeJager_eQTL
chr7_12,CTNNA3,ENSG00000183230,chr7:12232371:G:A,DLPFC_DeJager_eQTL,0.0198348284719473,1,DLPFC_DeJager_eQTL
chr7_12,JRKL,ENSG00000183340,chr7:12232371:G:A,Exc_DeJager_eQTL,0.0198348284719473,1,Exc_DeJager_eQTL
chr7_12,FHL3,ENSG00000183386,chr7:12232371:G:A,AC_DeJager_eQTL,0.0198348284719473,1,AC_DeJager_eQTL
chr7_12,SF3A3,ENSG00000183431,chr7:12232371:G:A,Exc_DeJager_eQTL,0.0198348284719473,1,Exc_DeJager_eQTL
chr7_12,ASB7,ENSG00000183475,chr7:12232371:G:A,PCC_DeJager_eQTL,0.0198348284719473,1,PCC_DeJager_eQTL
chr7_12,MX2,ENSG00000183486,chr7:12232371:G:A,DLPFC_DeJager_eQTL,0.0198348284719473,1,DLPFC_DeJager_eQTL
chr7_12,COA5,ENSG00000183513,chr7:12232371:G:A,Exc_DeJager_eQTL,0.0198348284719473,2,Exc_DeJager_eQTL|Inh_DeJager_eQTL
chr7_12,PRR14L,ENSG00000183530,chr7:12232371:G:A,Inh_DeJager_eQTL,0.0198348284719473,1,Inh_DeJager_eQTL
chr7_12,ACSM5,ENSG00000183549,chr7:12232371:G:A,DLPFC_DeJager_eQTL,0.0198348284719473,1,DLPFC_DeJager_eQTL
chr7_12,TNFAIP8L3,ENSG00000183578,chr7:12232371:G:A,DLPFC_DeJager_eQTL,0.0198348284719473,1,DLPFC_DeJager_eQTL
chr7_12,ZNRF3,ENSG00000183579,chr7:12232371:G:A,Exc_DeJager_eQTL,0.0198348284719473,1,Exc_DeJager_eQTL
chr7_12,TANGO2,ENSG00000183597,chr7:12232371:G:A,PCC_DeJager_eQTL,0.0198348284719473,1,PCC_DeJager_eQTL
chr7_12,ZNF438,ENSG00000183621,chr7:12232371:G:A,PCC_DeJager_eQTL,0.0198348284719473,1,PCC_DeJager_eQTL
chr7_12,CMTM4,ENSG00000183723,chr7:12232371:G:A,PCC_DeJager_eQTL,0.0198348284719473,1,PCC_DeJager_eQTL
chr7_12,ACP7,ENSG00000183760,chr7:12232371:G:A,DLPFC_DeJager_eQTL,0.0198348284719473,1,DLPFC_DeJager_eQTL
chr7_12,ZNF703,ENSG00000183779,chr7:12232371:G:A,AC_DeJager_eQTL,0.0198348284719473,1,AC_DeJager_eQTL
chr7_12,SLC35F3,ENSG00000183780,chr7:12232371:G:A,Inh_DeJager_eQTL,0.0198348284719473,1,Inh_DeJager_eQTL
chr7_12,OLFML1,ENSG00000183801,chr7:12232371:G:A,DLPFC_DeJager_eQTL,0.0198348284719473,2,DLPFC_DeJager_eQTL|PCC_DeJager_eQTL
chr7_12,LIN9,ENSG00000183814,chr7:12232371:G:A,PCC_DeJager_eQTL,0.0198348284719473,1,PCC_DeJager_eQTL
chr7_12,PNMA3,ENSG00000183837,chr7:12232371:G:A,AC_DeJager_eQTL,0.0198348284719473,1,AC_DeJager_eQTL
chr7_12,KCNH8,ENSG00000183960,chr7:12232371:G:A,DLPFC_DeJager_eQTL,0.0198348284719473,2,DLPFC_DeJager_eQTL|Exc_DeJager_eQTL
chr7_12,KCNJ12,ENSG00000184185,chr7:12232371:G:A,Exc_DeJager_eQTL,0.0198348284719473,2,Exc_DeJager_eQTL|Inh_DeJager_eQTL
chr7_12,GPR173,ENSG00000184194,chr7:12232371:G:A,AC_DeJager_eQTL,0.0198348284719473,3,AC_DeJager_eQTL|DLPFC_DeJager_eQTL|PCC_DeJager_eQTL
chr7_12,OAF,ENSG00000184232,chr7:12232371:G:A,AC_DeJager_eQTL,0.0198348284719473,2,AC_DeJager_eQTL|PCC_DeJager_eQTL
chr7_12,ALDH1A3,ENSG00000184254,chr7:12232371:G:A,Exc_DeJager_eQTL,0.0198348284719473,1,Exc_DeJager_eQTL
chr7_12,PRKD1,ENSG00000184304,chr7:12232371:G:A,PCC_DeJager_eQTL,0.0198348284719473,1,PCC_DeJager_eQTL
chr7_12,PLA2G6,ENSG00000184381,chr7:12232371:G:A,Exc_DeJager_eQTL,0.0198348284719473,1,Exc_DeJager_eQTL
chr7_12,SS18L1,ENSG00000184402,chr7:12232371:G:A,AC_DeJager_eQTL,0.0198348284719473,1,AC_DeJager_eQTL
chr7_12,COPB2,ENSG00000184432,chr7:12232371:G:A,Exc_DeJager_eQTL,0.0198348284719473,1,Exc_DeJager_eQTL
chr7_12,NCMAP,ENSG00000184454,chr7:12232371:G:A,DLPFC_DeJager_eQTL,0.0198348284719473,1,DLPFC_DeJager_eQTL
chr7_12,WDR27,ENSG00000184465,chr7:12232371:G:A,Exc_DeJager_eQTL,0.0198348284719473,1,Exc_DeJager_eQTL
chr7_12,ZFP1,ENSG00000184517,chr7:12232371:G:A,Inh_DeJager_eQTL,0.0198348284719473,1,Inh_DeJager_eQTL
chr7_12,TAFA3,ENSG00000184599,chr7:12232371:G:A,PCC_DeJager_eQTL,0.0198348284719473,1,PCC_DeJager_eQTL
chr7_12,SEPTIN5,ENSG00000184702,chr7:12232371:G:A,Exc_DeJager_eQTL,0.0198348284719473,1,Exc_DeJager_eQTL
chr7_12,ARMCX2,ENSG00000184867,chr7:12232371:G:A,AC_DeJager_eQTL,0.0198348284719473,1,AC_DeJager_eQTL
chr7_12,LCN12,ENSG00000184925,chr7:12232371:G:A,PCC_DeJager_eQTL,0.0198348284719473,1,PCC_DeJager_eQTL
chr7_12,SORCS2,ENSG00000184985,chr7:12232371:G:A,DLPFC_DeJager_eQTL,0.0198348284719473,1,DLPFC_DeJager_eQTL
chr7_12,TMEM106A,ENSG00000184988,chr7:12232371:G:A,DLPFC_DeJager_eQTL,0.0198348284719473,2,DLPFC_DeJager_eQTL|PCC_DeJager_eQTL
chr7_12,BRI3BP,ENSG00000184992,chr7:12232371:G:A,AC_DeJager_eQTL,0.0198348284719473,2,AC_DeJager_eQTL|Inh_DeJager_eQTL
chr7_12,SEMA4B,ENSG00000185033,chr7:12232371:G:A,PCC_DeJager_eQTL,0.0198348284719473,1,PCC_DeJager_eQTL
chr7_12,MANEAL,ENSG00000185090,chr7:12232371:G:A,Inh_DeJager_eQTL,0.0198348284719473,1,Inh_DeJager_eQTL
chr7_12,C6orf120,ENSG00000185127,chr7:12232371:G:A,Inh_DeJager_eQTL,0.0198348284719473,1,Inh_DeJager_eQTL
chr7_12,NRBP2,ENSG00000185189,chr7:12232371:G:A,AC_DeJager_eQTL,0.0198348284719473,2,AC_DeJager_eQTL|PCC_DeJager_eQTL
chr7_12,IFITM2,ENSG00000185201,chr7:12232371:G:A,DLPFC_DeJager_eQTL,0.0198348284719473,1,DLPFC_DeJager_eQTL
chr7_12,PPIL6,ENSG00000185250,chr7:12232371:G:A,PCC_DeJager_eQTL,0.0198348284719473,1,PCC_DeJager_eQTL
chr7_12,CDNF,ENSG00000185267,chr7:12232371:G:A,DLPFC_DeJager_eQTL,0.0198348284719473,1,DLPFC_DeJager_eQTL
chr7_12,IL3RA,ENSG00000185291,chr7:12232371:G:A,DLPFC_DeJager_eQTL,0.0198348284719473,1,DLPFC_DeJager_eQTL
chr7_12,ARL15,ENSG00000185305,chr7:12232371:G:A,Exc_DeJager_eQTL,0.0198348284719473,2,Exc_DeJager_eQTL|PCC_DeJager_eQTL
chr7_12,PRKN,ENSG00000185345,chr7:12232371:G:A,Exc_DeJager_eQTL,0.0198348284719473,1,Exc_DeJager_eQTL
chr7_12,SP140L,ENSG00000185404,chr7:12232371:G:A,DLPFC_DeJager_eQTL,0.0198348284719473,1,DLPFC_DeJager_eQTL
chr7_12,METTL7A,ENSG00000185432,chr7:12232371:G:A,DLPFC_DeJager_eQTL,0.0198348284719473,1,DLPFC_DeJager_eQTL
chr7_12,FAM174B,ENSG00000185442,chr7:12232371:G:A,AC_DeJager_eQTL,0.0198348284719473,1,AC_DeJager_eQTL
chr7_12,FAAP100,ENSG00000185504,chr7:12232371:G:A,PCC_DeJager_eQTL,0.0198348284719473,1,PCC_DeJager_eQTL
chr7_12,NR2F2,ENSG00000185551,chr7:12232371:G:A,AC_DeJager_eQTL,0.0198348284719473,1,AC_DeJager_eQTL
chr7_12,SP1,ENSG00000185591,chr7:12232371:G:A,Exc_DeJager_eQTL,0.0198348284719473,1,Exc_DeJager_eQTL
chr7_12,MRPL40,ENSG00000185608,chr7:12232371:G:A,Inh_DeJager_eQTL,0.0198348284719473,1,Inh_DeJager_eQTL
chr7_12,DBX2,ENSG00000185610,chr7:12232371:G:A,DLPFC_DeJager_eQTL,0.0198348284719473,1,DLPFC_DeJager_eQTL
chr7_12,PDIA2,ENSG00000185615,chr7:12232371:G:A,PCC_DeJager_eQTL,0.0198348284719473,1,PCC_DeJager_eQTL
chr7_12,SHC4,ENSG00000185634,chr7:12232371:G:A,DLPFC_DeJager_eQTL,0.0198348284719473,1,DLPFC_DeJager_eQTL
chr7_12,ZFP36L1,ENSG00000185650,chr7:12232371:G:A,PCC_DeJager_eQTL,0.0198348284719473,1,PCC_DeJager_eQTL
chr7_12,DRG1,ENSG00000185721,chr7:12232371:G:A,Exc_DeJager_eQTL,0.0198348284719473,1,Exc_DeJager_eQTL
chr7_12,ANKFY1,ENSG00000185722,chr7:12232371:G:A,AC_DeJager_eQTL,0.0198348284719473,1,AC_DeJager_eQTL
chr7_12,C11orf87,ENSG00000185742,chr7:12232371:G:A,Exc_DeJager_eQTL,0.0198348284719473,1,Exc_DeJager_eQTL
chr7_12,IFIT1,ENSG00000185745,chr7:12232371:G:A,Exc_DeJager_eQTL,0.0198348284719473,1,Exc_DeJager_eQTL
chr7_12,CXorf38,ENSG00000185753,chr7:12232371:G:A,DLPFC_DeJager_eQTL,0.0198348284719473,1,DLPFC_DeJager_eQTL
chr7_12,NPIPB4,ENSG00000185864,chr7:12232371:G:A,AC_DeJager_eQTL,0.0198348284719473,1,AC_DeJager_eQTL
chr7_12,C16orf54,ENSG00000185905,chr7:12232371:G:A,DLPFC_DeJager_eQTL,0.0198348284719473,1,DLPFC_DeJager_eQTL
chr7_12,RASA3,ENSG00000185989,chr7:12232371:G:A,AC_DeJager_eQTL,0.0198348284719473,1,AC_DeJager_eQTL
chr7_12,ZNF529,ENSG00000186020,chr7:12232371:G:A,PCC_DeJager_eQTL,0.0198348284719473,1,PCC_DeJager_eQTL
chr7_12,CD300LF,ENSG00000186074,chr7:12232371:G:A,DLPFC_DeJager_eQTL,0.0198348284719473,1,DLPFC_DeJager_eQTL
chr7_12,KRT5,ENSG00000186081,chr7:12232371:G:A,AC_DeJager_eQTL,0.0198348284719473,1,AC_DeJager_eQTL
chr7_12,ZBTB6,ENSG00000186130,chr7:12232371:G:A,Exc_DeJager_eQTL,0.0198348284719473,1,Exc_DeJager_eQTL
chr7_12,WWOX,ENSG00000186153,chr7:12232371:G:A,DLPFC_DeJager_eQTL,0.0198348284719473,1,DLPFC_DeJager_eQTL
chr7_12,CENATAC,ENSG00000186166,chr7:12232371:G:A,PCC_DeJager_eQTL,0.0198348284719473,1,PCC_DeJager_eQTL
chr7_12,POLR1D,ENSG00000186184,chr7:12232371:G:A,AC_DeJager_eQTL,0.0198348284719473,1,AC_DeJager_eQTL
chr7_12,ZNRF1,ENSG00000186187,chr7:12232371:G:A,PCC_DeJager_eQTL,0.0198348284719473,1,PCC_DeJager_eQTL
chr7_12,BACE1,ENSG00000186318,chr7:12232371:G:A,Exc_DeJager_eQTL,0.0198348284719473,1,Exc_DeJager_eQTL
chr7_12,THBS2,ENSG00000186340,chr7:12232371:G:A,DLPFC_DeJager_eQTL,0.0198348284719473,2,DLPFC_DeJager_eQTL|PCC_DeJager_eQTL
chr7_12,GLDN,ENSG00000186417,chr7:12232371:G:A,DLPFC_DeJager_eQTL,0.0198348284719473,2,DLPFC_DeJager_eQTL|PCC_DeJager_eQTL
chr7_12,SEPTIN10,ENSG00000186522,chr7:12232371:G:A,AC_DeJager_eQTL,0.0198348284719473,1,AC_DeJager_eQTL
chr7_12,FOXD2,ENSG00000186564,chr7:12232371:G:A,DLPFC_DeJager_eQTL,0.0198348284719473,1,DLPFC_DeJager_eQTL
chr7_12,MAGEE2,ENSG00000186675,chr7:12232371:G:A,AC_DeJager_eQTL,0.0198348284719473,3,AC_DeJager_eQTL|DLPFC_DeJager_eQTL|PCC_DeJager_eQTL
chr7_12,LYRM7,ENSG00000186687,chr7:12232371:G:A,Inh_DeJager_eQTL,0.0198348284719473,1,Inh_DeJager_eQTL
chr7_12,LILRB4,ENSG00000186818,chr7:12232371:G:A,DLPFC_DeJager_eQTL,0.0198348284719473,1,DLPFC_DeJager_eQTL
chr7_12,HEXIM1,ENSG00000186834,chr7:12232371:G:A,PCC_DeJager_eQTL,0.0198348284719473,1,PCC_DeJager_eQTL
chr7_12,TRABD2A,ENSG00000186854,chr7:12232371:G:A,AC_DeJager_eQTL,0.0198348284719473,1,AC_DeJager_eQTL
chr7_12,POFUT2,ENSG00000186866,chr7:12232371:G:A,Exc_DeJager_eQTL,0.0198348284719473,1,Exc_DeJager_eQTL
chr7_12,TMEM17,ENSG00000186889,chr7:12232371:G:A,Inh_DeJager_eQTL,0.0198348284719473,2,Inh_DeJager_eQTL|PCC_DeJager_eQTL
chr7_12,ENTPD5,ENSG00000187097,chr7:12232371:G:A,DLPFC_DeJager_eQTL,0.0198348284719473,1,DLPFC_DeJager_eQTL
chr7_12,FOXD4L3,ENSG00000187559,chr7:12232371:G:A,DLPFC_DeJager_eQTL,0.0198348284719473,1,DLPFC_DeJager_eQTL
chr7_12,EXD3,ENSG00000187609,chr7:12232371:G:A,Inh_DeJager_eQTL,0.0198348284719473,1,Inh_DeJager_eQTL
chr7_12,ZKSCAN4,ENSG00000187626,chr7:12232371:G:A,Exc_DeJager_eQTL,0.0198348284719473,1,Exc_DeJager_eQTL
chr7_12,SPRY4,ENSG00000187678,chr7:12232371:G:A,DLPFC_DeJager_eQTL,0.0198348284719473,1,DLPFC_DeJager_eQTL
chr7_12,FANCA,ENSG00000187741,chr7:12232371:G:A,DLPFC_DeJager_eQTL,0.0198348284719473,1,DLPFC_DeJager_eQTL
chr7_12,SECISBP2,ENSG00000187742,chr7:12232371:G:A,AC_DeJager_eQTL,0.0198348284719473,1,AC_DeJager_eQTL
chr7_12,SEMA4D,ENSG00000187764,chr7:12232371:G:A,DLPFC_DeJager_eQTL,0.0198348284719473,1,DLPFC_DeJager_eQTL
chr7_12,DIPK1C,ENSG00000187773,chr7:12232371:G:A,DLPFC_DeJager_eQTL,0.0198348284719473,1,DLPFC_DeJager_eQTL
chr7_12,DNAH17,ENSG00000187775,chr7:12232371:G:A,DLPFC_DeJager_eQTL,0.0198348284719473,1,DLPFC_DeJager_eQTL
chr7_12,SOWAHD,ENSG00000187808,chr7:12232371:G:A,PCC_DeJager_eQTL,0.0198348284719473,1,PCC_DeJager_eQTL
chr7_12,TMEM220,ENSG00000187824,chr7:12232371:G:A,DLPFC_DeJager_eQTL,0.0198348284719473,1,DLPFC_DeJager_eQTL
chr7_12,CCDC157,ENSG00000187860,chr7:12232371:G:A,PCC_DeJager_eQTL,0.0198348284719473,1,PCC_DeJager_eQTL
chr7_12,DMBT1,ENSG00000187908,chr7:12232371:G:A,DLPFC_DeJager_eQTL,0.0198348284719473,1,DLPFC_DeJager_eQTL
chr7_12,NRN1L,ENSG00000188038,chr7:12232371:G:A,PCC_DeJager_eQTL,0.0198348284719473,1,PCC_DeJager_eQTL
chr7_12,C11orf95,ENSG00000188070,chr7:12232371:G:A,PCC_DeJager_eQTL,0.0198348284719473,1,PCC_DeJager_eQTL
chr7_12,MESP2,ENSG00000188095,chr7:12232371:G:A,AC_DeJager_eQTL,0.0198348284719473,1,AC_DeJager_eQTL
chr7_12,NHS,ENSG00000188158,chr7:12232371:G:A,AC_DeJager_eQTL,0.0198348284719473,3,AC_DeJager_eQTL|Exc_DeJager_eQTL|Inh_DeJager_eQTL
chr7_12,SMTNL2,ENSG00000188176,chr7:12232371:G:A,DLPFC_DeJager_eQTL,0.0198348284719473,1,DLPFC_DeJager_eQTL
chr7_12,SLC38A3,ENSG00000188338,chr7:12232371:G:A,PCC_DeJager_eQTL,0.0198348284719473,1,PCC_DeJager_eQTL
chr7_12,PRR19,ENSG00000188368,chr7:12232371:G:A,PCC_DeJager_eQTL,0.0198348284719473,1,PCC_DeJager_eQTL
chr7_12,C19orf54,ENSG00000188493,chr7:12232371:G:A,AC_DeJager_eQTL,0.0198348284719473,1,AC_DeJager_eQTL
chr7_12,DUSP28,ENSG00000188542,chr7:12232371:G:A,AC_DeJager_eQTL,0.0198348284719473,1,AC_DeJager_eQTL
chr7_12,CCDC9B,ENSG00000188549,chr7:12232371:G:A,PCC_DeJager_eQTL,0.0198348284719473,1,PCC_DeJager_eQTL
chr7_12,NBR1,ENSG00000188554,chr7:12232371:G:A,Exc_DeJager_eQTL,0.0198348284719473,1,Exc_DeJager_eQTL
chr7_12,DPYD,ENSG00000188641,chr7:12232371:G:A,AC_DeJager_eQTL,0.0198348284719473,1,AC_DeJager_eQTL
chr7_12,PARVB,ENSG00000188677,chr7:12232371:G:A,AC_DeJager_eQTL,0.0198348284719473,2,AC_DeJager_eQTL|PCC_DeJager_eQTL
chr7_12,SLC4A5,ENSG00000188687,chr7:12232371:G:A,AC_DeJager_eQTL,0.0198348284719473,2,AC_DeJager_eQTL|PCC_DeJager_eQTL
chr7_12,UROS,ENSG00000188690,chr7:12232371:G:A,AC_DeJager_eQTL,0.0198348284719473,1,AC_DeJager_eQTL
chr7_12,ZDHHC9,ENSG00000188706,chr7:12232371:G:A,DLPFC_DeJager_eQTL,0.0198348284719473,1,DLPFC_DeJager_eQTL
chr7_12,ADRB3,ENSG00000188778,chr7:12232371:G:A,DLPFC_DeJager_eQTL,0.0198348284719473,1,DLPFC_DeJager_eQTL
chr7_12,FAM78B,ENSG00000188859,chr7:12232371:G:A,AC_DeJager_eQTL,0.0198348284719473,1,AC_DeJager_eQTL
chr7_12,MSL1,ENSG00000188895,chr7:12232371:G:A,PCC_DeJager_eQTL,0.0198348284719473,1,PCC_DeJager_eQTL
chr7_12,AC099489.1,ENSG00000188897,chr7:12232371:G:A,DLPFC_DeJager_eQTL,0.0198348284719473,1,DLPFC_DeJager_eQTL
chr7_12,HACD4,ENSG00000188921,chr7:12232371:G:A,DLPFC_DeJager_eQTL,0.0198348284719473,1,DLPFC_DeJager_eQTL
chr7_12,KCTD21,ENSG00000188997,chr7:12232371:G:A,Exc_DeJager_eQTL,0.0198348284719473,1,Exc_DeJager_eQTL
chr7_12,SBSN,ENSG00000189001,chr7:12232371:G:A,AC_DeJager_eQTL,0.0198348284719473,1,AC_DeJager_eQTL
chr7_12,ZNF567,ENSG00000189042,chr7:12232371:G:A,PCC_DeJager_eQTL,0.0198348284719473,1,PCC_DeJager_eQTL
chr7_12,SF3B3,ENSG00000189091,chr7:12232371:G:A,Exc_DeJager_eQTL,0.0198348284719473,1,Exc_DeJager_eQTL
chr7_12,PLAC9,ENSG00000189129,chr7:12232371:G:A,PCC_DeJager_eQTL,0.0198348284719473,1,PCC_DeJager_eQTL
chr7_12,PCDH18,ENSG00000189184,chr7:12232371:G:A,Inh_DeJager_eQTL,0.0198348284719473,1,Inh_DeJager_eQTL
chr7_12,ZNF600,ENSG00000189190,chr7:12232371:G:A,DLPFC_DeJager_eQTL,0.0198348284719473,1,DLPFC_DeJager_eQTL
chr7_12,C15orf61,ENSG00000189227,chr7:12232371:G:A,PCC_DeJager_eQTL,0.0198348284719473,1,PCC_DeJager_eQTL
chr7_12,NEMP2,ENSG00000189362,chr7:12232371:G:A,AC_DeJager_eQTL,0.0198348284719473,3,AC_DeJager_eQTL|DLPFC_DeJager_eQTL|PCC_DeJager_eQTL
chr7_12,RASSF10,ENSG00000189431,chr7:12232371:G:A,DLPFC_DeJager_eQTL,0.0198348284719473,1,DLPFC_DeJager_eQTL
chr7_12,BLOC1S2,ENSG00000196072,chr7:12232371:G:A,Inh_DeJager_eQTL,0.0198348284719473,1,Inh_DeJager_eQTL
chr7_12,PTPRT,ENSG00000196090,chr7:12232371:G:A,Exc_DeJager_eQTL,0.0198348284719473,1,Exc_DeJager_eQTL
chr7_12,HLA-DRB1,ENSG00000196126,chr7:12232371:G:A,DLPFC_DeJager_eQTL,0.0198348284719473,1,DLPFC_DeJager_eQTL
chr7_12,PLEKHG4,ENSG00000196155,chr7:12232371:G:A,PCC_DeJager_eQTL,0.0198348284719473,1,PCC_DeJager_eQTL
chr7_12,KIF19,ENSG00000196169,chr7:12232371:G:A,DLPFC_DeJager_eQTL,0.0198348284719473,1,DLPFC_DeJager_eQTL
chr7_12,SIRPB2,ENSG00000196209,chr7:12232371:G:A,DLPFC_DeJager_eQTL,0.0198348284719473,1,DLPFC_DeJager_eQTL
chr7_12,RYR1,ENSG00000196218,chr7:12232371:G:A,PCC_DeJager_eQTL,0.0198348284719473,1,PCC_DeJager_eQTL
chr7_12,FAM217B,ENSG00000196227,chr7:12232371:G:A,AC_DeJager_eQTL,0.0198348284719473,1,AC_DeJager_eQTL
chr7_12,SUPT5H,ENSG00000196235,chr7:12232371:G:A,AC_DeJager_eQTL,0.0198348284719473,2,AC_DeJager_eQTL|Inh_DeJager_eQTL
chr7_12,XPNPEP3,ENSG00000196236,chr7:12232371:G:A,DLPFC_DeJager_eQTL,0.0198348284719473,1,DLPFC_DeJager_eQTL
chr7_12,GRM7,ENSG00000196277,chr7:12232371:G:A,Exc_DeJager_eQTL,0.0198348284719473,1,Exc_DeJager_eQTL
chr7_12,ATP2A1,ENSG00000196296,chr7:12232371:G:A,PCC_DeJager_eQTL,0.0198348284719473,1,PCC_DeJager_eQTL
chr7_12,ASB13,ENSG00000196372,chr7:12232371:G:A,Exc_DeJager_eQTL,0.0198348284719473,1,Exc_DeJager_eQTL
chr7_12,TRAPPC2,ENSG00000196459,chr7:12232371:G:A,DLPFC_DeJager_eQTL,0.0198348284719473,1,DLPFC_DeJager_eQTL
chr7_12,ARL9,ENSG00000196503,chr7:12232371:G:A,AC_DeJager_eQTL,0.0198348284719473,1,AC_DeJager_eQTL
chr7_12,AFAP1,ENSG00000196526,chr7:12232371:G:A,PCC_DeJager_eQTL,0.0198348284719473,1,PCC_DeJager_eQTL
chr7_12,SPTSSB,ENSG00000196542,chr7:12232371:G:A,AC_DeJager_eQTL,0.0198348284719473,1,AC_DeJager_eQTL
chr7_12,MAN2A2,ENSG00000196547,chr7:12232371:G:A,Exc_DeJager_eQTL,0.0198348284719473,1,Exc_DeJager_eQTL
chr7_12,SULF2,ENSG00000196562,chr7:12232371:G:A,DLPFC_DeJager_eQTL,0.0198348284719473,1,DLPFC_DeJager_eQTL
chr7_12,ZNF846,ENSG00000196605,chr7:12232371:G:A,Exc_DeJager_eQTL,0.0198348284719473,1,Exc_DeJager_eQTL
chr7_12,TCF4,ENSG00000196628,chr7:12232371:G:A,PCC_DeJager_eQTL,0.0198348284719473,1,PCC_DeJager_eQTL
chr7_12,ERI2,ENSG00000196678,chr7:12232371:G:A,PCC_DeJager_eQTL,0.0198348284719473,1,PCC_DeJager_eQTL
chr7_12,GM2A,ENSG00000196743,chr7:12232371:G:A,AC_DeJager_eQTL,0.0198348284719473,2,AC_DeJager_eQTL|DLPFC_DeJager_eQTL
chr7_12,MVB12B,ENSG00000196814,chr7:12232371:G:A,Exc_DeJager_eQTL,0.0198348284719473,1,Exc_DeJager_eQTL
chr7_12,ILRUN,ENSG00000196821,chr7:12232371:G:A,AC_DeJager_eQTL,0.0198348284719473,3,AC_DeJager_eQTL|DLPFC_DeJager_eQTL|PCC_DeJager_eQTL
chr7_12,ADA,ENSG00000196839,chr7:12232371:G:A,DLPFC_DeJager_eQTL,0.0198348284719473,2,DLPFC_DeJager_eQTL|PCC_DeJager_eQTL
chr7_12,PPTC7,ENSG00000196850,chr7:12232371:G:A,AC_DeJager_eQTL,0.0198348284719473,1,AC_DeJager_eQTL
chr7_12,ZFP28,ENSG00000196867,chr7:12232371:G:A,PCC_DeJager_eQTL,0.0198348284719473,1,PCC_DeJager_eQTL
chr7_12,LAMB3,ENSG00000196878,chr7:12232371:G:A,AC_DeJager_eQTL,0.0198348284719473,5,AC_DeJager_eQTL|DLPFC_DeJager_eQTL|Exc_DeJager_eQTL|Inh_DeJager_eQTL|PCC_DeJager_eQTL
chr7_12,HCAR1,ENSG00000196917,chr7:12232371:G:A,DLPFC_DeJager_eQTL,0.0198348284719473,1,DLPFC_DeJager_eQTL
chr7_12,NOP9,ENSG00000196943,chr7:12232371:G:A,Inh_DeJager_eQTL,0.0198348284719473,1,Inh_DeJager_eQTL
chr7_12,WDR5B,ENSG00000196981,chr7:12232371:G:A,DLPFC_DeJager_eQTL,0.0198348284719473,1,DLPFC_DeJager_eQTL
chr7_12,ZNF429,ENSG00000197013,chr7:12232371:G:A,AC_DeJager_eQTL,0.0198348284719473,2,AC_DeJager_eQTL|PCC_DeJager_eQTL
chr7_12,MAFG,ENSG00000197063,chr7:12232371:G:A,PCC_DeJager_eQTL,0.0198348284719473,1,PCC_DeJager_eQTL
chr7_12,NEK5,ENSG00000197168,chr7:12232371:G:A,DLPFC_DeJager_eQTL,0.0198348284719473,1,DLPFC_DeJager_eQTL
chr7_12,ENTPD4,ENSG00000197217,chr7:12232371:G:A,AC_DeJager_eQTL,0.0198348284719473,3,AC_DeJager_eQTL|Exc_DeJager_eQTL|Inh_DeJager_eQTL
chr7_12,BLM,ENSG00000197299,chr7:12232371:G:A,DLPFC_DeJager_eQTL,0.0198348284719473,1,DLPFC_DeJager_eQTL
chr7_12,UAP1L1,ENSG00000197355,chr7:12232371:G:A,PCC_DeJager_eQTL,0.0198348284719473,1,PCC_DeJager_eQTL
chr7_12,ZNF98,ENSG00000197360,chr7:12232371:G:A,PCC_DeJager_eQTL,0.0198348284719473,1,PCC_DeJager_eQTL
chr7_12,SLC22A5,ENSG00000197375,chr7:12232371:G:A,Exc_DeJager_eQTL,0.0198348284719473,1,Exc_DeJager_eQTL
chr7_12,SHPK,ENSG00000197417,chr7:12232371:G:A,AC_DeJager_eQTL,0.0198348284719473,2,AC_DeJager_eQTL|PCC_DeJager_eQTL
chr7_12,IPP,ENSG00000197429,chr7:12232371:G:A,DLPFC_DeJager_eQTL,0.0198348284719473,1,DLPFC_DeJager_eQTL
chr7_12,ZNF665,ENSG00000197497,chr7:12232371:G:A,PCC_DeJager_eQTL,0.0198348284719473,1,PCC_DeJager_eQTL
chr7_12,ATG7,ENSG00000197548,chr7:12232371:G:A,PCC_DeJager_eQTL,0.0198348284719473,1,PCC_DeJager_eQTL
chr7_12,SERPINB2,ENSG00000197632,chr7:12232371:G:A,DLPFC_DeJager_eQTL,0.0198348284719473,1,DLPFC_DeJager_eQTL
chr7_12,SPTAN1,ENSG00000197694,chr7:12232371:G:A,Exc_DeJager_eQTL,0.0198348284719473,1,Exc_DeJager_eQTL
chr7_12,FAM114A1,ENSG00000197712,chr7:12232371:G:A,DLPFC_DeJager_eQTL,0.0198348284719473,1,DLPFC_DeJager_eQTL
chr7_12,RPE,ENSG00000197713,chr7:12232371:G:A,AC_DeJager_eQTL,0.0198348284719473,1,AC_DeJager_eQTL
chr7_12,PHF2,ENSG00000197724,chr7:12232371:G:A,AC_DeJager_eQTL,0.0198348284719473,2,AC_DeJager_eQTL|Exc_DeJager_eQTL
chr7_12,EME2,ENSG00000197774,chr7:12232371:G:A,Exc_DeJager_eQTL,0.0198348284719473,1,Exc_DeJager_eQTL
chr7_12,KLHDC1,ENSG00000197776,chr7:12232371:G:A,Exc_DeJager_eQTL,0.0198348284719473,1,Exc_DeJager_eQTL
chr7_12,OCLN,ENSG00000197822,chr7:12232371:G:A,AC_DeJager_eQTL,0.0198348284719473,2,AC_DeJager_eQTL|DLPFC_DeJager_eQTL
chr7_12,INKA2,ENSG00000197852,chr7:12232371:G:A,PCC_DeJager_eQTL,0.0198348284719473,1,PCC_DeJager_eQTL
chr7_12,KIF13B,ENSG00000197892,chr7:12232371:G:A,Inh_DeJager_eQTL,0.0198348284719473,1,Inh_DeJager_eQTL
chr7_12,CLEC9A,ENSG00000197992,chr7:12232371:G:A,DLPFC_DeJager_eQTL,0.0198348284719473,1,DLPFC_DeJager_eQTL
chr7_12,FCGR1B,ENSG00000198019,chr7:12232371:G:A,DLPFC_DeJager_eQTL,0.0198348284719473,1,DLPFC_DeJager_eQTL
chr7_12,ZNF84,ENSG00000198040,chr7:12232371:G:A,PCC_DeJager_eQTL,0.0198348284719473,1,PCC_DeJager_eQTL
chr7_12,MAK16,ENSG00000198042,chr7:12232371:G:A,Exc_DeJager_eQTL,0.0198348284719473,1,Exc_DeJager_eQTL
chr7_12,ZNF667,ENSG00000198046,chr7:12232371:G:A,AC_DeJager_eQTL,0.0198348284719473,1,AC_DeJager_eQTL
chr7_12,GRK6,ENSG00000198055,chr7:12232371:G:A,PCC_DeJager_eQTL,0.0198348284719473,1,PCC_DeJager_eQTL
chr7_12,SFI1,ENSG00000198089,chr7:12232371:G:A,Exc_DeJager_eQTL,0.0198348284719473,2,Exc_DeJager_eQTL|Inh_DeJager_eQTL
chr7_12,ZNF649,ENSG00000198093,chr7:12232371:G:A,PCC_DeJager_eQTL,0.0198348284719473,1,PCC_DeJager_eQTL
chr7_12,TMEM229B,ENSG00000198133,chr7:12232371:G:A,DLPFC_DeJager_eQTL,0.0198348284719473,1,DLPFC_DeJager_eQTL
chr7_12,ZNF251,ENSG00000198169,chr7:12232371:G:A,PCC_DeJager_eQTL,0.0198348284719473,1,PCC_DeJager_eQTL
chr7_12,CSF2RA,ENSG00000198223,chr7:12232371:G:A,DLPFC_DeJager_eQTL,0.0198348284719473,1,DLPFC_DeJager_eQTL
chr7_12,FKBP1C,ENSG00000198225,chr7:12232371:G:A,AC_DeJager_eQTL,0.0198348284719473,1,AC_DeJager_eQTL
chr7_12,ZNF813,ENSG00000198346,chr7:12232371:G:A,PCC_DeJager_eQTL,0.0198348284719473,1,PCC_DeJager_eQTL
chr7_12,OGA,ENSG00000198408,chr7:12232371:G:A,AC_DeJager_eQTL,0.0198348284719473,2,AC_DeJager_eQTL|PCC_DeJager_eQTL
chr7_12,ZNF69,ENSG00000198429,chr7:12232371:G:A,AC_DeJager_eQTL,0.0198348284719473,1,AC_DeJager_eQTL
chr7_12,ZXDB,ENSG00000198455,chr7:12232371:G:A,AC_DeJager_eQTL,0.0198348284719473,3,AC_DeJager_eQTL|Inh_DeJager_eQTL|PCC_DeJager_eQTL
chr7_12,ZNF480,ENSG00000198464,chr7:12232371:G:A,AC_DeJager_eQTL,0.0198348284719473,3,AC_DeJager_eQTL|DLPFC_DeJager_eQTL|PCC_DeJager_eQTL
chr7_12,ARMH1,ENSG00000198520,chr7:12232371:G:A,PCC_DeJager_eQTL,0.0198348284719473,1,PCC_DeJager_eQTL
chr7_12,CTNND1,ENSG00000198561,chr7:12232371:G:A,PCC_DeJager_eQTL,0.0198348284719473,1,PCC_DeJager_eQTL
chr7_12,ZNF536,ENSG00000198597,chr7:12232371:G:A,DLPFC_DeJager_eQTL,0.0198348284719473,1,DLPFC_DeJager_eQTL
chr7_12,MDM4,ENSG00000198625,chr7:12232371:G:A,Exc_DeJager_eQTL,0.0198348284719473,1,Exc_DeJager_eQTL
chr7_12,TUSC1,ENSG00000198680,chr7:12232371:G:A,Inh_DeJager_eQTL,0.0198348284719473,1,Inh_DeJager_eQTL
chr7_12,DLL1,ENSG00000198719,chr7:12232371:G:A,AC_DeJager_eQTL,0.0198348284719473,2,AC_DeJager_eQTL|PCC_DeJager_eQTL
chr7_12,LDB1,ENSG00000198728,chr7:12232371:G:A,PCC_DeJager_eQTL,0.0198348284719473,1,PCC_DeJager_eQTL
chr7_12,CTR9,ENSG00000198730,chr7:12232371:G:A,Exc_DeJager_eQTL,0.0198348284719473,1,Exc_DeJager_eQTL
chr7_12,ZNF652,ENSG00000198740,chr7:12232371:G:A,Exc_DeJager_eQTL,0.0198348284719473,1,Exc_DeJager_eQTL
chr7_12,EGFL6,ENSG00000198759,chr7:12232371:G:A,PCC_DeJager_eQTL,0.0198348284719473,1,PCC_DeJager_eQTL
chr7_12,RCSD1,ENSG00000198771,chr7:12232371:G:A,DLPFC_DeJager_eQTL,0.0198348284719473,1,DLPFC_DeJager_eQTL
chr7_12,ZNF830,ENSG00000198783,chr7:12232371:G:A,Exc_DeJager_eQTL,0.0198348284719473,1,Exc_DeJager_eQTL
chr7_12,CD247,ENSG00000198821,chr7:12232371:G:A,AC_DeJager_eQTL,0.0198348284719473,1,AC_DeJager_eQTL
chr7_12,OSTC,ENSG00000198856,chr7:12232371:G:A,Exc_DeJager_eQTL,0.0198348284719473,1,Exc_DeJager_eQTL
chr7_12,GRK5,ENSG00000198873,chr7:12232371:G:A,PCC_DeJager_eQTL,0.0198348284719473,1,PCC_DeJager_eQTL
chr7_12,ITPRIPL1,ENSG00000198885,chr7:12232371:G:A,DLPFC_DeJager_eQTL,0.0198348284719473,1,DLPFC_DeJager_eQTL
chr7_12,CIPC,ENSG00000198894,chr7:12232371:G:A,Inh_DeJager_eQTL,0.0198348284719473,1,Inh_DeJager_eQTL
chr7_12,PRC1,ENSG00000198901,chr7:12232371:G:A,Exc_DeJager_eQTL,0.0198348284719473,1,Exc_DeJager_eQTL
chr7_12,L1CAM,ENSG00000198910,chr7:12232371:G:A,Inh_DeJager_eQTL,0.0198348284719473,1,Inh_DeJager_eQTL
chr7_12,RASGEF1A,ENSG00000198915,chr7:12232371:G:A,AC_DeJager_eQTL,0.0198348284719473,2,AC_DeJager_eQTL|DLPFC_DeJager_eQTL
chr7_12,DCLRE1A,ENSG00000198924,chr7:12232371:G:A,AC_DeJager_eQTL,0.0198348284719473,2,AC_DeJager_eQTL|Exc_DeJager_eQTL
chr7_12,L3MBTL3,ENSG00000198945,chr7:12232371:G:A,DLPFC_DeJager_eQTL,0.0198348284719473,2,DLPFC_DeJager_eQTL|PCC_DeJager_eQTL
chr7_12,DMD,ENSG00000198947,chr7:12232371:G:A,AC_DeJager_eQTL,0.0198348284719473,1,AC_DeJager_eQTL
chr7_12,NAGA,ENSG00000198951,chr7:12232371:G:A,DLPFC_DeJager_eQTL,0.0198348284719473,1,DLPFC_DeJager_eQTL
chr7_12,COX20,ENSG00000203667,chr7:12232371:G:A,Inh_DeJager_eQTL,0.0198348284719473,1,Inh_DeJager_eQTL
chr7_12,METTL11B,ENSG00000203740,chr7:12232371:G:A,AC_DeJager_eQTL,0.0198348284719473,1,AC_DeJager_eQTL
chr7_12,FAM229B,ENSG00000203778,chr7:12232371:G:A,Exc_DeJager_eQTL,0.0198348284719473,1,Exc_DeJager_eQTL
chr7_12,EEF1AKMT2,ENSG00000203791,chr7:12232371:G:A,AC_DeJager_eQTL,0.0198348284719473,2,AC_DeJager_eQTL|PCC_DeJager_eQTL
chr7_12,PLPP4,ENSG00000203805,chr7:12232371:G:A,DLPFC_DeJager_eQTL,0.0198348284719473,1,DLPFC_DeJager_eQTL
chr7_12,PCMTD2,ENSG00000203880,chr7:12232371:G:A,AC_DeJager_eQTL,0.0198348284719473,1,AC_DeJager_eQTL
chr7_12,EFCAB7,ENSG00000203965,chr7:12232371:G:A,PCC_DeJager_eQTL,0.0198348284719473,1,PCC_DeJager_eQTL
chr7_12,INPP5B,ENSG00000204084,chr7:12232371:G:A,AC_DeJager_eQTL,0.0198348284719473,1,AC_DeJager_eQTL
chr7_12,MAFB,ENSG00000204103,chr7:12232371:G:A,Inh_DeJager_eQTL,0.0198348284719473,1,Inh_DeJager_eQTL
chr7_12,TMEM273,ENSG00000204161,chr7:12232371:G:A,PCC_DeJager_eQTL,0.0198348284719473,1,PCC_DeJager_eQTL
chr7_12,COL15A1,ENSG00000204291,chr7:12232371:G:A,PCC_DeJager_eQTL,0.0198348284719473,1,PCC_DeJager_eQTL
chr7_12,PBX2,ENSG00000204304,chr7:12232371:G:A,AC_DeJager_eQTL,0.0198348284719473,1,AC_DeJager_eQTL
chr7_12,SMIM5,ENSG00000204323,chr7:12232371:G:A,PCC_DeJager_eQTL,0.0198348284719473,1,PCC_DeJager_eQTL
chr7_12,LAYN,ENSG00000204381,chr7:12232371:G:A,DLPFC_DeJager_eQTL,0.0198348284719473,1,DLPFC_DeJager_eQTL
chr7_12,NEU1,ENSG00000204386,chr7:12232371:G:A,Inh_DeJager_eQTL,0.0198348284719473,1,Inh_DeJager_eQTL
chr7_12,MSH5,ENSG00000204410,chr7:12232371:G:A,PCC_DeJager_eQTL,0.0198348284719473,1,PCC_DeJager_eQTL
chr7_12,AIF1,ENSG00000204472,chr7:12232371:G:A,PCC_DeJager_eQTL,0.0198348284719473,1,PCC_DeJager_eQTL
chr7_12,NFKBIL1,ENSG00000204498,chr7:12232371:G:A,Exc_DeJager_eQTL,0.0198348284719473,1,Exc_DeJager_eQTL
chr7_12,MICA,ENSG00000204520,chr7:12232371:G:A,PCC_DeJager_eQTL,0.0198348284719473,1,PCC_DeJager_eQTL
chr7_12,HLA-C,ENSG00000204525,chr7:12232371:G:A,DLPFC_DeJager_eQTL,0.0198348284719473,2,DLPFC_DeJager_eQTL|PCC_DeJager_eQTL
chr7_12,MRPS18B,ENSG00000204568,chr7:12232371:G:A,Inh_DeJager_eQTL,0.0198348284719473,1,Inh_DeJager_eQTL
chr7_12,ZNF468,ENSG00000204604,chr7:12232371:G:A,PCC_DeJager_eQTL,0.0198348284719473,1,PCC_DeJager_eQTL
chr7_12,ASPDH,ENSG00000204653,chr7:12232371:G:A,AC_DeJager_eQTL,0.0198348284719473,1,AC_DeJager_eQTL
chr7_12,RANBP17,ENSG00000204764,chr7:12232371:G:A,AC_DeJager_eQTL,0.0198348284719473,1,AC_DeJager_eQTL
chr7_12,MROH6,ENSG00000204839,chr7:12232371:G:A,PCC_DeJager_eQTL,0.0198348284719473,1,PCC_DeJager_eQTL
chr7_12,FBXO48,ENSG00000204923,chr7:12232371:G:A,PCC_DeJager_eQTL,0.0198348284719473,1,PCC_DeJager_eQTL
chr7_12,C12orf73,ENSG00000204954,chr7:12232371:G:A,AC_DeJager_eQTL,0.0198348284719473,2,AC_DeJager_eQTL|Exc_DeJager_eQTL
chr7_12,TRIM13,ENSG00000204977,chr7:12232371:G:A,Exc_DeJager_eQTL,0.0198348284719473,2,Exc_DeJager_eQTL|Inh_DeJager_eQTL
chr7_12,SDHAF1,ENSG00000205138,chr7:12232371:G:A,Inh_DeJager_eQTL,0.0198348284719473,1,Inh_DeJager_eQTL
chr7_12,SCGB2B2,ENSG00000205209,chr7:12232371:G:A,Exc_DeJager_eQTL,0.0198348284719473,1,Exc_DeJager_eQTL
chr7_12,VIT,ENSG00000205221,chr7:12232371:G:A,DLPFC_DeJager_eQTL,0.0198348284719473,2,DLPFC_DeJager_eQTL|PCC_DeJager_eQTL
chr7_12,CTXN3,ENSG00000205279,chr7:12232371:G:A,DLPFC_DeJager_eQTL,0.0198348284719473,1,DLPFC_DeJager_eQTL
chr7_12,SARNP,ENSG00000205323,chr7:12232371:G:A,Exc_DeJager_eQTL,0.0198348284719473,1,Exc_DeJager_eQTL
chr7_12,ADGRG1,ENSG00000205336,chr7:12232371:G:A,PCC_DeJager_eQTL,0.0198348284719473,1,PCC_DeJager_eQTL
chr7_12,AC126283.1,ENSG00000205403,chr7:12232371:G:A,DLPFC_DeJager_eQTL,0.0198348284719473,1,DLPFC_DeJager_eQTL
chr7_12,DPF3,ENSG00000205683,chr7:12232371:G:A,PCC_DeJager_eQTL,0.0198348284719473,1,PCC_DeJager_eQTL
chr7_12,OLIG2,ENSG00000205927,chr7:12232371:G:A,PCC_DeJager_eQTL,0.0198348284719473,1,PCC_DeJager_eQTL
chr7_12,NYNRIN,ENSG00000205978,chr7:12232371:G:A,AC_DeJager_eQTL,0.0198348284719473,1,AC_DeJager_eQTL
chr7_12,DNAJC19,ENSG00000205981,chr7:12232371:G:A,Inh_DeJager_eQTL,0.0198348284719473,1,Inh_DeJager_eQTL
chr7_12,ZDHHC11B,ENSG00000206077,chr7:12232371:G:A,Exc_DeJager_eQTL,0.0198348284719473,1,Exc_DeJager_eQTL
chr7_12,FOXL2NB,ENSG00000206262,chr7:12232371:G:A,AC_DeJager_eQTL,0.0198348284719473,2,AC_DeJager_eQTL|DLPFC_DeJager_eQTL
chr7_12,CFAP44,ENSG00000206530,chr7:12232371:G:A,DLPFC_DeJager_eQTL,0.0198348284719473,1,DLPFC_DeJager_eQTL
chr7_12,ANKRD28,ENSG00000206560,chr7:12232371:G:A,PCC_DeJager_eQTL,0.0198348284719473,1,PCC_DeJager_eQTL
chr7_12,METTL6,ENSG00000206562,chr7:12232371:G:A,DLPFC_DeJager_eQTL,0.0198348284719473,2,DLPFC_DeJager_eQTL|PCC_DeJager_eQTL
chr7_12,DIO2,ENSG00000211448,chr7:12232371:G:A,DLPFC_DeJager_eQTL,0.0198348284719473,1,DLPFC_DeJager_eQTL
chr7_12,STK38L,ENSG00000211455,chr7:12232371:G:A,PCC_DeJager_eQTL,0.0198348284719473,1,PCC_DeJager_eQTL
chr7_12,ZNF254,ENSG00000213096,chr7:12232371:G:A,Inh_DeJager_eQTL,0.0198348284719473,1,Inh_DeJager_eQTL
chr7_12,KLHL23,ENSG00000213160,chr7:12232371:G:A,PCC_DeJager_eQTL,0.0198348284719473,1,PCC_DeJager_eQTL
chr7_12,CCDC183,ENSG00000213213,chr7:12232371:G:A,PCC_DeJager_eQTL,0.0198348284719473,1,PCC_DeJager_eQTL
chr7_12,LTC4S,ENSG00000213316,chr7:12232371:G:A,PCC_DeJager_eQTL,0.0198348284719473,1,PCC_DeJager_eQTL
chr7_12,SYNJ2BP,ENSG00000213463,chr7:12232371:G:A,Exc_DeJager_eQTL,0.0198348284719473,2,Exc_DeJager_eQTL|Inh_DeJager_eQTL
chr7_12,CPLX3,ENSG00000213578,chr7:12232371:G:A,DLPFC_DeJager_eQTL,0.0198348284719473,2,DLPFC_DeJager_eQTL|PCC_DeJager_eQTL
chr7_12,TMX2,ENSG00000213593,chr7:12232371:G:A,Exc_DeJager_eQTL,0.0198348284719473,1,Exc_DeJager_eQTL
chr7_12,LTB4R,ENSG00000213903,chr7:12232371:G:A,AC_DeJager_eQTL,0.0198348284719473,2,AC_DeJager_eQTL|PCC_DeJager_eQTL
chr7_12,ZNF90,ENSG00000213988,chr7:12232371:G:A,DLPFC_DeJager_eQTL,0.0198348284719473,1,DLPFC_DeJager_eQTL
chr7_12,GANC,ENSG00000214013,chr7:12232371:G:A,PCC_DeJager_eQTL,0.0198348284719473,1,PCC_DeJager_eQTL
chr7_12,ARL16,ENSG00000214087,chr7:12232371:G:A,Inh_DeJager_eQTL,0.0198348284719473,1,Inh_DeJager_eQTL
chr7_12,LYRM4,ENSG00000214113,chr7:12232371:G:A,AC_DeJager_eQTL,0.0198348284719473,1,AC_DeJager_eQTL
chr7_12,PRCD,ENSG00000214140,chr7:12232371:G:A,PCC_DeJager_eQTL,0.0198348284719473,1,PCC_DeJager_eQTL
chr7_12,C19orf38,ENSG00000214212,chr7:12232371:G:A,DLPFC_DeJager_eQTL,0.0198348284719473,1,DLPFC_DeJager_eQTL
chr7_12,ANG,ENSG00000214274,chr7:12232371:G:A,DLPFC_DeJager_eQTL,0.0198348284719473,1,DLPFC_DeJager_eQTL
chr7_12,CPEB1,ENSG00000214575,chr7:12232371:G:A,DLPFC_DeJager_eQTL,0.0198348284719473,1,DLPFC_DeJager_eQTL
chr7_12,RTL10,ENSG00000215012,chr7:12232371:G:A,DLPFC_DeJager_eQTL,0.0198348284719473,2,DLPFC_DeJager_eQTL|Exc_DeJager_eQTL
chr7_12,UBXN2B,ENSG00000215114,chr7:12232371:G:A,AC_DeJager_eQTL,0.0198348284719473,1,AC_DeJager_eQTL
chr7_12,FASTKD5,ENSG00000215251,chr7:12232371:G:A,PCC_DeJager_eQTL,0.0198348284719473,1,PCC_DeJager_eQTL
chr7_12,HOMEZ,ENSG00000215271,chr7:12232371:G:A,DLPFC_DeJager_eQTL,0.0198348284719473,1,DLPFC_DeJager_eQTL
chr7_12,MYL5,ENSG00000215375,chr7:12232371:G:A,PCC_DeJager_eQTL,0.0198348284719473,1,PCC_DeJager_eQTL
chr7_12,NPEPL1,ENSG00000215440,chr7:12232371:G:A,AC_DeJager_eQTL,0.0198348284719473,1,AC_DeJager_eQTL
chr7_12,TMEM242,ENSG00000215712,chr7:12232371:G:A,Exc_DeJager_eQTL,0.0198348284719473,1,Exc_DeJager_eQTL
chr7_12,VAMP2,ENSG00000220205,chr7:12232371:G:A,Exc_DeJager_eQTL,0.0198348284719473,1,Exc_DeJager_eQTL
chr7_12,EBF2,ENSG00000221818,chr7:12232371:G:A,AC_DeJager_eQTL,0.0198348284719473,1,AC_DeJager_eQTL
chr7_12,C6orf226,ENSG00000221821,chr7:12232371:G:A,Inh_DeJager_eQTL,0.0198348284719473,1,Inh_DeJager_eQTL
chr7_12,ZNF816-ZNF321P,ENSG00000221874,chr7:12232371:G:A,AC_DeJager_eQTL,0.0198348284719473,1,AC_DeJager_eQTL
chr7_12,HMSD,ENSG00000221887,chr7:12232371:G:A,DLPFC_DeJager_eQTL,0.0198348284719473,1,DLPFC_DeJager_eQTL
chr7_12,APOL6,ENSG00000221963,chr7:12232371:G:A,DLPFC_DeJager_eQTL,0.0198348284719473,1,DLPFC_DeJager_eQTL
chr7_12,BTBD19,ENSG00000222009,chr7:12232371:G:A,AC_DeJager_eQTL,0.0198348284719473,1,AC_DeJager_eQTL
chr7_12,CKMT1A,ENSG00000223572,chr7:12232371:G:A,AC_DeJager_eQTL,0.0198348284719473,1,AC_DeJager_eQTL
chr7_12,TINCR,ENSG00000223573,chr7:12232371:G:A,PCC_DeJager_eQTL,0.0198348284719473,1,PCC_DeJager_eQTL
chr7_12,CENPVL3,ENSG00000224109,chr7:12232371:G:A,PCC_DeJager_eQTL,0.0198348284719473,1,PCC_DeJager_eQTL
chr7_12,PNMA6F,ENSG00000225110,chr7:12232371:G:A,AC_DeJager_eQTL,0.0198348284719473,1,AC_DeJager_eQTL
chr7_12,SLC26A6,ENSG00000225697,chr7:12232371:G:A,PCC_DeJager_eQTL,0.0198348284719473,1,PCC_DeJager_eQTL
chr7_12,TMEM185B,ENSG00000226479,chr7:12232371:G:A,DLPFC_DeJager_eQTL,0.0198348284719473,1,DLPFC_DeJager_eQTL
chr7_12,C14orf132,ENSG00000227051,chr7:12232371:G:A,Exc_DeJager_eQTL,0.0198348284719473,1,Exc_DeJager_eQTL
chr7_12,SCAMP4,ENSG00000227500,chr7:12232371:G:A,PCC_DeJager_eQTL,0.0198348284719473,1,PCC_DeJager_eQTL
chr7_12,MCTS1,ENSG00000232119,chr7:12232371:G:A,AC_DeJager_eQTL,0.0198348284719473,1,AC_DeJager_eQTL
chr7_12,ANKRD65,ENSG00000235098,chr7:12232371:G:A,Exc_DeJager_eQTL,0.0198348284719473,1,Exc_DeJager_eQTL
chr7_12,BRD3OS,ENSG00000235106,chr7:12232371:G:A,PCC_DeJager_eQTL,0.0198348284719473,1,PCC_DeJager_eQTL
chr7_12,ANKRD34C,ENSG00000235711,chr7:12232371:G:A,AC_DeJager_eQTL,0.0198348284719473,1,AC_DeJager_eQTL
chr7_12,ZBTB22,ENSG00000236104,chr7:12232371:G:A,AC_DeJager_eQTL,0.0198348284719473,1,AC_DeJager_eQTL
chr7_12,CDKN2AIPNL,ENSG00000237190,chr7:12232371:G:A,Inh_DeJager_eQTL,0.0198348284719473,1,Inh_DeJager_eQTL
chr7_12,C2orf74,ENSG00000237651,chr7:12232371:G:A,Exc_DeJager_eQTL,0.0198348284719473,1,Exc_DeJager_eQTL
chr7_12,APOBEC3G,ENSG00000239713,chr7:12232371:G:A,DLPFC_DeJager_eQTL,0.0198348284719473,2,DLPFC_DeJager_eQTL|PCC_DeJager_eQTL
chr7_12,ACAD11,ENSG00000240303,chr7:12232371:G:A,PCC_DeJager_eQTL,0.0198348284719473,1,PCC_DeJager_eQTL
chr7_12,RDH14,ENSG00000240857,chr7:12232371:G:A,Inh_DeJager_eQTL,0.0198348284719473,1,Inh_DeJager_eQTL
chr7_12,AMACR,ENSG00000242110,chr7:12232371:G:A,Exc_DeJager_eQTL,0.0198348284719473,1,Exc_DeJager_eQTL
chr7_12,MDFIC2,ENSG00000242120,chr7:12232371:G:A,AC_DeJager_eQTL,0.0198348284719473,1,AC_DeJager_eQTL
chr7_12,C22orf39,ENSG00000242259,chr7:12232371:G:A,Inh_DeJager_eQTL,0.0198348284719473,1,Inh_DeJager_eQTL
chr7_12,RTL5,ENSG00000242732,chr7:12232371:G:A,AC_DeJager_eQTL,0.0198348284719473,2,AC_DeJager_eQTL|PCC_DeJager_eQTL
chr7_12,ZNF487,ENSG00000243660,chr7:12232371:G:A,PCC_DeJager_eQTL,0.0198348284719473,1,PCC_DeJager_eQTL
chr7_12,AC006254.1,ENSG00000243696,chr7:12232371:G:A,PCC_DeJager_eQTL,0.0198348284719473,1,PCC_DeJager_eQTL
chr7_12,JMJD7,ENSG00000243789,chr7:12232371:G:A,PCC_DeJager_eQTL,0.0198348284719473,1,PCC_DeJager_eQTL
chr7_12,APOBEC3D,ENSG00000243811,chr7:12232371:G:A,DLPFC_DeJager_eQTL,0.0198348284719473,1,DLPFC_DeJager_eQTL
chr7_12,CCDC13,ENSG00000244607,chr7:12232371:G:A,PCC_DeJager_eQTL,0.0198348284719473,1,PCC_DeJager_eQTL
chr7_12,UBAP1L,ENSG00000246922,chr7:12232371:G:A,Exc_DeJager_eQTL,0.0198348284719473,2,Exc_DeJager_eQTL|Inh_DeJager_eQTL
chr7_12,PGAM5,ENSG00000247077,chr7:12232371:G:A,PCC_DeJager_eQTL,0.0198348284719473,1,PCC_DeJager_eQTL
chr7_12,ZCCHC3,ENSG00000247315,chr7:12232371:G:A,PCC_DeJager_eQTL,0.0198348284719473,1,PCC_DeJager_eQTL
chr7_12,ABHD14A,ENSG00000248487,chr7:12232371:G:A,Inh_DeJager_eQTL,0.0198348284719473,1,Inh_DeJager_eQTL
chr7_12,LY75-CD302,ENSG00000248672,chr7:12232371:G:A,AC_DeJager_eQTL,0.0198348284719473,1,AC_DeJager_eQTL
chr7_12,AL645941.2,ENSG00000248993,chr7:12232371:G:A,DLPFC_DeJager_eQTL,0.0198348284719473,1,DLPFC_DeJager_eQTL
chr7_12,HAUS5,ENSG00000249115,chr7:12232371:G:A,AC_DeJager_eQTL,0.0198348284719473,2,AC_DeJager_eQTL|PCC_DeJager_eQTL
chr7_12,AC069368.1,ENSG00000249240,chr7:12232371:G:A,DLPFC_DeJager_eQTL,0.0198348284719473,1,DLPFC_DeJager_eQTL
chr7_12,RNF103-CHMP3,ENSG00000249884,chr7:12232371:G:A,PCC_DeJager_eQTL,0.0198348284719473,1,PCC_DeJager_eQTL
chr7_12,TMEM158,ENSG00000249992,chr7:12232371:G:A,PCC_DeJager_eQTL,0.0198348284719473,1,PCC_DeJager_eQTL
chr7_12,AL669918.1,ENSG00000250264,chr7:12232371:G:A,DLPFC_DeJager_eQTL,0.0198348284719473,1,DLPFC_DeJager_eQTL
chr7_12,TUNAR,ENSG00000250366,chr7:12232371:G:A,DLPFC_DeJager_eQTL,0.0198348284719473,2,DLPFC_DeJager_eQTL|Exc_DeJager_eQTL
chr7_12,GPR162,ENSG00000250510,chr7:12232371:G:A,AC_DeJager_eQTL,0.0198348284719473,1,AC_DeJager_eQTL
chr7_12,ZNF550,ENSG00000251369,chr7:12232371:G:A,PCC_DeJager_eQTL,0.0198348284719473,1,PCC_DeJager_eQTL
chr7_12,C8orf88,ENSG00000253250,chr7:12232371:G:A,DLPFC_DeJager_eQTL,0.0198348284719473,1,DLPFC_DeJager_eQTL
chr7_12,TRNP1,ENSG00000253368,chr7:12232371:G:A,Inh_DeJager_eQTL,0.0198348284719473,1,Inh_DeJager_eQTL
chr7_12,SMIM18,ENSG00000253457,chr7:12232371:G:A,AC_DeJager_eQTL,0.0198348284719473,1,AC_DeJager_eQTL
chr7_12,SLC10A5,ENSG00000253598,chr7:12232371:G:A,DLPFC_DeJager_eQTL,0.0198348284719473,1,DLPFC_DeJager_eQTL
chr7_12,PCDHGA10,ENSG00000253846,chr7:12232371:G:A,Exc_DeJager_eQTL,0.0198348284719473,1,Exc_DeJager_eQTL
chr7_12,CLDN23,ENSG00000253958,chr7:12232371:G:A,DLPFC_DeJager_eQTL,0.0198348284719473,1,DLPFC_DeJager_eQTL
chr7_12,ZNF260,ENSG00000254004,chr7:12232371:G:A,Exc_DeJager_eQTL,0.0198348284719473,1,Exc_DeJager_eQTL
chr7_12,CD8B2,ENSG00000254126,chr7:12232371:G:A,DLPFC_DeJager_eQTL,0.0198348284719473,1,DLPFC_DeJager_eQTL
chr7_12,NPIPB11,ENSG00000254206,chr7:12232371:G:A,AC_DeJager_eQTL,0.0198348284719473,1,AC_DeJager_eQTL
chr7_12,SIGLEC14,ENSG00000254415,chr7:12232371:G:A,DLPFC_DeJager_eQTL,0.0198348284719473,1,DLPFC_DeJager_eQTL
chr7_12,MAGEL2,ENSG00000254585,chr7:12232371:G:A,Inh_DeJager_eQTL,0.0198348284719473,1,Inh_DeJager_eQTL
chr7_12,BORCS8,ENSG00000254901,chr7:12232371:G:A,AC_DeJager_eQTL,0.0198348284719473,1,AC_DeJager_eQTL
chr7_12,AP000781.2,ENSG00000254979,chr7:12232371:G:A,DLPFC_DeJager_eQTL,0.0198348284719473,1,DLPFC_DeJager_eQTL
chr7_12,ANKHD1-EIF4EBP3,ENSG00000254996,chr7:12232371:G:A,PCC_DeJager_eQTL,0.0198348284719473,1,PCC_DeJager_eQTL
chr7_12,ZNF432,ENSG00000256087,chr7:12232371:G:A,PCC_DeJager_eQTL,0.0198348284719473,1,PCC_DeJager_eQTL
chr7_12,SALL3,ENSG00000256463,chr7:12232371:G:A,DLPFC_DeJager_eQTL,0.0198348284719473,1,DLPFC_DeJager_eQTL
chr7_12,C17orf100,ENSG00000256806,chr7:12232371:G:A,AC_DeJager_eQTL,0.0198348284719473,1,AC_DeJager_eQTL
chr7_12,KHDC1L,ENSG00000256980,chr7:12232371:G:A,AC_DeJager_eQTL,0.0198348284719473,1,AC_DeJager_eQTL
chr7_12,GALNT4,ENSG00000257594,chr7:12232371:G:A,AC_DeJager_eQTL,0.0198348284719473,3,AC_DeJager_eQTL|DLPFC_DeJager_eQTL|PCC_DeJager_eQTL
chr7_12,CHURC1,ENSG00000258289,chr7:12232371:G:A,Inh_DeJager_eQTL,0.0198348284719473,1,Inh_DeJager_eQTL
chr7_12,RTEL1,ENSG00000258366,chr7:12232371:G:A,Inh_DeJager_eQTL,0.0198348284719473,1,Inh_DeJager_eQTL
chr7_12,PPT2-EGFL8,ENSG00000258388,chr7:12232371:G:A,PCC_DeJager_eQTL,0.0198348284719473,1,PCC_DeJager_eQTL
chr7_12,SPESP1,ENSG00000258484,chr7:12232371:G:A,Exc_DeJager_eQTL,0.0198348284719473,1,Exc_DeJager_eQTL
chr7_12,TRIM6-TRIM34,ENSG00000258588,chr7:12232371:G:A,DLPFC_DeJager_eQTL,0.0198348284719473,1,DLPFC_DeJager_eQTL
chr7_12,PINX1,ENSG00000258724,chr7:12232371:G:A,AC_DeJager_eQTL,0.0198348284719473,1,AC_DeJager_eQTL
chr7_12,AC007040.2,ENSG00000258881,chr7:12232371:G:A,AC_DeJager_eQTL,0.0198348284719473,1,AC_DeJager_eQTL
chr7_12,CEP95,ENSG00000258890,chr7:12232371:G:A,AC_DeJager_eQTL,0.0198348284719473,1,AC_DeJager_eQTL
chr7_12,AL355916.3,ENSG00000258989,chr7:12232371:G:A,DLPFC_DeJager_eQTL,0.0198348284719473,1,DLPFC_DeJager_eQTL
chr7_12,SMIM6,ENSG00000259120,chr7:12232371:G:A,DLPFC_DeJager_eQTL,0.0198348284719473,1,DLPFC_DeJager_eQTL
chr7_12,AL136295.3,ENSG00000259371,chr7:12232371:G:A,PCC_DeJager_eQTL,0.0198348284719473,1,PCC_DeJager_eQTL
chr7_12,CTXND1,ENSG00000259417,chr7:12232371:G:A,DLPFC_DeJager_eQTL,0.0198348284719473,1,DLPFC_DeJager_eQTL
chr7_12,MRPL46,ENSG00000259494,chr7:12232371:G:A,Exc_DeJager_eQTL,0.0198348284719473,1,Exc_DeJager_eQTL
chr7_12,AC090527.2,ENSG00000260170,chr7:12232371:G:A,DLPFC_DeJager_eQTL,0.0198348284719473,1,DLPFC_DeJager_eQTL
chr7_12,AC020636.2,ENSG00000260234,chr7:12232371:G:A,AC_DeJager_eQTL,0.0198348284719473,1,AC_DeJager_eQTL
chr7_12,GAN,ENSG00000261609,chr7:12232371:G:A,Exc_DeJager_eQTL,0.0198348284719473,1,Exc_DeJager_eQTL
chr7_12,NBPF11,ENSG00000263956,chr7:12232371:G:A,PCC_DeJager_eQTL,0.0198348284719473,1,PCC_DeJager_eQTL
chr7_12,NOTCH2NLA,ENSG00000264343,chr7:12232371:G:A,DLPFC_DeJager_eQTL,0.0198348284719473,1,DLPFC_DeJager_eQTL
chr7_12,OTUD7B,ENSG00000264522,chr7:12232371:G:A,AC_DeJager_eQTL,0.0198348284719473,1,AC_DeJager_eQTL
chr7_12,TIMM23,ENSG00000265354,chr7:12232371:G:A,Exc_DeJager_eQTL,0.0198348284719473,1,Exc_DeJager_eQTL
chr7_12,RNF115,ENSG00000265491,chr7:12232371:G:A,AC_DeJager_eQTL,0.0198348284719473,1,AC_DeJager_eQTL
chr7_12,ZNF488,ENSG00000265763,chr7:12232371:G:A,Exc_DeJager_eQTL,0.0198348284719473,1,Exc_DeJager_eQTL
chr7_12,TXNIP,ENSG00000265972,chr7:12232371:G:A,DLPFC_DeJager_eQTL,0.0198348284719473,1,DLPFC_DeJager_eQTL
chr7_12,ZNF850,ENSG00000267041,chr7:12232371:G:A,AC_DeJager_eQTL,0.0198348284719473,1,AC_DeJager_eQTL
chr7_12,ATF7-NPFF,ENSG00000267281,chr7:12232371:G:A,DLPFC_DeJager_eQTL,0.0198348284719473,1,DLPFC_DeJager_eQTL
chr7_12,AC011511.4,ENSG00000267303,chr7:12232371:G:A,AC_DeJager_eQTL,0.0198348284719473,1,AC_DeJager_eQTL
chr7_12,AC004223.3,ENSG00000267618,chr7:12232371:G:A,AC_DeJager_eQTL,0.0198348284719473,1,AC_DeJager_eQTL
chr7_12,NBPF12,ENSG00000268043,chr7:12232371:G:A,AC_DeJager_eQTL,0.0198348284719473,2,AC_DeJager_eQTL|PCC_DeJager_eQTL
chr7_12,AC008758.5,ENSG00000268870,chr7:12232371:G:A,AC_DeJager_eQTL,0.0198348284719473,1,AC_DeJager_eQTL
chr7_12,ZNF728,ENSG00000269067,chr7:12232371:G:A,DLPFC_DeJager_eQTL,0.0198348284719473,1,DLPFC_DeJager_eQTL
chr7_12,AC010422.3,ENSG00000269242,chr7:12232371:G:A,PCC_DeJager_eQTL,0.0198348284719473,1,PCC_DeJager_eQTL
chr7_12,TMEM185A,ENSG00000269556,chr7:12232371:G:A,AC_DeJager_eQTL,0.0198348284719473,3,AC_DeJager_eQTL|Exc_DeJager_eQTL|PCC_DeJager_eQTL
chr7_12,EGLN2,ENSG00000269858,chr7:12232371:G:A,AC_DeJager_eQTL,0.0198348284719473,2,AC_DeJager_eQTL|PCC_DeJager_eQTL
chr7_12,AL365273.2,ENSG00000270099,chr7:12232371:G:A,DLPFC_DeJager_eQTL,0.0198348284719473,1,DLPFC_DeJager_eQTL
chr7_12,AL591806.2,ENSG00000270149,chr7:12232371:G:A,DLPFC_DeJager_eQTL,0.0198348284719473,1,DLPFC_DeJager_eQTL
chr7_12,CCL5,ENSG00000271503,chr7:12232371:G:A,DLPFC_DeJager_eQTL,0.0198348284719473,1,DLPFC_DeJager_eQTL
chr7_12,AC233992.2,ENSG00000271698,chr7:12232371:G:A,PCC_DeJager_eQTL,0.0198348284719473,1,PCC_DeJager_eQTL
chr7_12,GTF2H5,ENSG00000272047,chr7:12232371:G:A,Inh_DeJager_eQTL,0.0198348284719473,1,Inh_DeJager_eQTL
chr7_12,NUDT3,ENSG00000272325,chr7:12232371:G:A,PCC_DeJager_eQTL,0.0198348284719473,1,PCC_DeJager_eQTL
chr7_12,DCP1A,ENSG00000272886,chr7:12232371:G:A,PCC_DeJager_eQTL,0.0198348284719473,1,PCC_DeJager_eQTL
chr7_12,C2orf15,ENSG00000273045,chr7:12232371:G:A,AC_DeJager_eQTL,0.0198348284719473,2,AC_DeJager_eQTL|PCC_DeJager_eQTL
chr7_12,AGBL1,ENSG00000273540,chr7:12232371:G:A,AC_DeJager_eQTL,0.0198348284719473,1,AC_DeJager_eQTL
chr7_12,USP27X,ENSG00000273820,chr7:12232371:G:A,AC_DeJager_eQTL,0.0198348284719473,3,AC_DeJager_eQTL|DLPFC_DeJager_eQTL|Exc_DeJager_eQTL
chr7_12,AL139260.3,ENSG00000274944,chr7:12232371:G:A,DLPFC_DeJager_eQTL,0.0198348284719473,1,DLPFC_DeJager_eQTL
chr7_12,LENG9,ENSG00000275183,chr7:12232371:G:A,AC_DeJager_eQTL,0.0198348284719473,1,AC_DeJager_eQTL
chr7_12,CCL4,ENSG00000275302,chr7:12232371:G:A,DLPFC_DeJager_eQTL,0.0198348284719473,1,DLPFC_DeJager_eQTL
chr7_12,FCGBP,ENSG00000275395,chr7:12232371:G:A,DLPFC_DeJager_eQTL,0.0198348284719473,1,DLPFC_DeJager_eQTL
chr7_12,UHRF1,ENSG00000276043,chr7:12232371:G:A,DLPFC_DeJager_eQTL,0.0198348284719473,2,DLPFC_DeJager_eQTL|PCC_DeJager_eQTL
chr7_12,RAB7B,ENSG00000276600,chr7:12232371:G:A,DLPFC_DeJager_eQTL,0.0198348284719473,1,DLPFC_DeJager_eQTL
chr7_12,PKD1L3,ENSG00000277481,chr7:12232371:G:A,AC_DeJager_eQTL,0.0198348284719473,1,AC_DeJager_eQTL
chr7_12,GPIHBP1,ENSG00000277494,chr7:12232371:G:A,DLPFC_DeJager_eQTL,0.0198348284719473,1,DLPFC_DeJager_eQTL
chr7_12,Z98752.3,ENSG00000277611,chr7:12232371:G:A,PCC_DeJager_eQTL,0.0198348284719473,1,PCC_DeJager_eQTL
chr7_12,TRAC,ENSG00000277734,chr7:12232371:G:A,AC_DeJager_eQTL,0.0198348284719473,2,AC_DeJager_eQTL|DLPFC_DeJager_eQTL
chr7_12,MYO19,ENSG00000278259,chr7:12232371:G:A,Exc_DeJager_eQTL,0.0198348284719473,1,Exc_DeJager_eQTL
chr7_12,ACACA,ENSG00000278540,chr7:12232371:G:A,Exc_DeJager_eQTL,0.0198348284719473,1,Exc_DeJager_eQTL
chr7_12,FP565260.6,ENSG00000280433,chr7:12232371:G:A,AC_DeJager_eQTL,0.0198348284719473,1,AC_DeJager_eQTL
chr7_12,AC001226.2,ENSG00000283208,chr7:12232371:G:A,DLPFC_DeJager_eQTL,0.0198348284719473,2,DLPFC_DeJager_eQTL|PCC_DeJager_eQTL
chr7_12,SMIM38,ENSG00000284713,chr7:12232371:G:A,PCC_DeJager_eQTL,0.0198348284719473,1,PCC_DeJager_eQTL
chr7_12,AC068946.2,ENSG00000284820,chr7:12232371:G:A,PCC_DeJager_eQTL,0.0198348284719473,1,PCC_DeJager_eQTL
chr7_12,KDM4A,ENSG00000284989,chr7:12232371:G:A,AC_DeJager_eQTL,0.0198348284719473,2,AC_DeJager_eQTL|DLPFC_DeJager_eQTL
chr7_12,AL590764.2,ENSG00000285171,chr7:12232371:G:A,DLPFC_DeJager_eQTL,0.0198348284719473,1,DLPFC_DeJager_eQTL
chr7_12,AC026316.4,ENSG00000285218,chr7:12232371:G:A,DLPFC_DeJager_eQTL,0.0198348284719473,1,DLPFC_DeJager_eQTL
chr7_12,AL160269.1,ENSG00000285269,chr7:12232371:G:A,DLPFC_DeJager_eQTL,0.0198348284719473,1,DLPFC_DeJager_eQTL
chr7_12,NOTCH2NLB,ENSG00000286019,chr7:12232371:G:A,DLPFC_DeJager_eQTL,0.0198348284719473,1,DLPFC_DeJager_eQTL
chr7_12,AC055839.2,ENSG00000286190,chr7:12232371:G:A,AC_DeJager_eQTL,0.0198348284719473,1,AC_DeJager_eQTL
chr7_12,AP003071.5,ENSG00000287725,chr7:12232371:G:A,PCC_DeJager_eQTL,0.0198348284719473,1,PCC_DeJager_eQTL
chr7_12,C8orf44-SGK3,ENSG00000288602,chr7:12232371:G:A,DLPFC_DeJager_eQTL,0.0198348284719473,2,DLPFC_DeJager_eQTL|PCC_DeJager_eQTL
chr7_12,NPBWR1,ENSG00000288611,chr7:12232371:G:A,DLPFC_DeJager_eQTL,0.0198348284719473,2,DLPFC_DeJager_eQTL|PCC_DeJager_eQTL
chr7_12,AC008763.4,ENSG00000288669,chr7:12232371:G:A,DLPFC_DeJager_eQTL,0.0198348284719473,1,DLPFC_DeJager_eQTL
chr11_20,RWDD2A,ENSG00000013392,chr11:60158783:C:T,Inh_DeJager_eQTL,0.0197726254276256,1,Inh_DeJager_eQTL
chr11_20,PPP1R3F,ENSG00000049769,chr11:60158783:C:T,Inh_DeJager_eQTL,0.0197726254276256,1,Inh_DeJager_eQTL
chr11_20,TF,ENSG00000091513,chr11:60158783:C:T,protein_transmap,0.0197726254276256,1,protein_transmap
chr11_20,ARVCF,ENSG00000099889,chr11:60158783:C:T,protein_transmap,0.0197726254276256,1,protein_transmap
chr11_20,FGD1,ENSG00000102302,chr11:60158783:C:T,Inh_DeJager_eQTL,0.0197726254276256,1,Inh_DeJager_eQTL
chr11_20,LIN7A,ENSG00000111052,chr11:60158783:C:T,protein_transmap,0.0197726254276256,1,protein_transmap
chr11_20,ID3,ENSG00000117318,chr11:60158783:C:T,Oli_DeJager_eQTL,0.0197726254276256,1,Oli_DeJager_eQTL
chr11_20,MRPS7,ENSG00000125445,chr11:60158783:C:T,Inh_DeJager_eQTL,0.0197726254276256,1,Inh_DeJager_eQTL
chr11_20,RBSN,ENSG00000131381,chr11:60158783:C:T,protein_transmap,0.0197726254276256,1,protein_transmap
chr11_20,MRPL35,ENSG00000132313,chr11:60158783:C:T,Inh_DeJager_eQTL,0.0197726254276256,1,Inh_DeJager_eQTL
chr11_20,TMOD1,ENSG00000136842,chr11:60158783:C:T,protein_transmap,0.0197726254276256,1,protein_transmap
chr11_20,ALB,ENSG00000163631,chr11:60158783:C:T,protein_transmap,0.0197726254276256,1,protein_transmap
chr11_20,CRELD1,ENSG00000163703,chr11:60158783:C:T,protein_transmap,0.0197726254276256,1,protein_transmap
chr11_20,AHSP,ENSG00000169877,chr11:60158783:C:T,protein_transmap,0.0197726254276256,1,protein_transmap
chr11_20,ZNF483,ENSG00000173258,chr11:60158783:C:T,Inh_DeJager_eQTL,0.0197726254276256,1,Inh_DeJager_eQTL
chr11_20,GNG7,ENSG00000176533,chr11:60158783:C:T,protein_transmap,0.0197726254276256,1,protein_transmap
chr11_20,ZBTB6,ENSG00000186130,chr11:60158783:C:T,Inh_DeJager_eQTL,0.0197726254276256,1,Inh_DeJager_eQTL
chr4_7,PDK2,ENSG00000005882,chr4:11038666:C:T,PCC_DeJager_eQTL,0.0168956384929625,1,PCC_DeJager_eQTL
chr4_7,ABHD14A-ACY1,ENSG00000114786,chr4:11038666:C:T,PCC_DeJager_eQTL,0.0168956384929625,1,PCC_DeJager_eQTL
chr4_7,IL1B,ENSG00000125538,chr4:11038666:C:T,DLPFC_DeJager_eQTL,0.0168956384929625,1,DLPFC_DeJager_eQTL
chr4_7,FXYD2,ENSG00000137731,chr4:11038666:C:T,PCC_DeJager_eQTL,0.0168956384929625,1,PCC_DeJager_eQTL
chr4_7,KHK,ENSG00000138030,chr4:11038666:C:T,PCC_DeJager_eQTL,0.0168956384929625,1,PCC_DeJager_eQTL
chr4_7,TNFRSF10C,ENSG00000173535,chr4:11038666:C:T,AC_DeJager_eQTL,0.0168956384929625,1,AC_DeJager_eQTL
chr4_7,CTSF,ENSG00000174080,chr4:11038666:C:T,PCC_DeJager_eQTL,0.0168956384929625,1,PCC_DeJager_eQTL
chr4_7,AL589987.1,ENSG00000230707,chr4:11038666:C:T,PCC_DeJager_eQTL,0.0168956384929625,1,PCC_DeJager_eQTL
chr19_30,SLC9C2,ENSG00000162753,chr19:18441398:C:T,DLPFC_DeJager_eQTL,0.0144269251524904,1,DLPFC_DeJager_eQTL
chr19_30,ENTPD7,ENSG00000198018,chr19:18441398:C:T,Inh_DeJager_eQTL,0.0144269251524904,1,Inh_DeJager_eQTL
chr16_1,DHX29,ENSG00000067248,chr16:19699380:A:G,Oli_DeJager_eQTL,0.0139867007981406,1,Oli_DeJager_eQTL
chr16_1,VTI1B,ENSG00000100568,chr16:19699380:A:G,AC_DeJager_eQTL,0.0139867007981406,1,AC_DeJager_eQTL
chr16_1,MAPKAP1,ENSG00000119487,chr16:19699380:A:G,AC_DeJager_eQTL,0.0139867007981406,1,AC_DeJager_eQTL
chr16_1,TUBGCP2,ENSG00000130640,chr16:19699380:A:G,Ast_10_Kellis_eQTL,0.0139867007981406,1,Ast_10_Kellis_eQTL
chr16_1,UNC45A,ENSG00000140553,chr16:19699380:A:G,Ast_10_Kellis_eQTL,0.0139867007981406,1,Ast_10_Kellis_eQTL
chr16_1,PKP4,ENSG00000144283,chr16:19699380:A:G,PCC_DeJager_eQTL,0.0139867007981406,1,PCC_DeJager_eQTL
chr16_1,RNF25,ENSG00000163481,chr16:19699380:A:G,Inh_DeJager_eQTL,0.0139867007981406,1,Inh_DeJager_eQTL
chr16_1,PLB1,ENSG00000163803,chr16:19699380:A:G,PCC_DeJager_eQTL,0.0139867007981406,1,PCC_DeJager_eQTL
chr16_1,LRRC37A,ENSG00000176681,chr16:19699380:A:G,DLPFC_DeJager_eQTL,0.0139867007981406,1,DLPFC_DeJager_eQTL
chr16_1,DHRS4L2,ENSG00000187630,chr16:19699380:A:G,Inh_DeJager_eQTL,0.0139867007981406,1,Inh_DeJager_eQTL
chr16_1,RYR3,ENSG00000198838,chr16:19699380:A:G,AC_DeJager_eQTL,0.0139867007981406,1,AC_DeJager_eQTL
chr16_1,ARL17B,ENSG00000228696,chr16:19699380:A:G,AC_DeJager_eQTL,0.0139867007981406,1,AC_DeJager_eQTL
chr8_51,LITAF,ENSG00000189067,chr8:95026024:C:G,Oli_DeJager_eQTL,0.0136110341404206,1,Oli_DeJager_eQTL
chr2_10,CACNA1G,ENSG00000006283,chr2:37288815:G:A,Exc_DeJager_eQTL,0.0111327277385345,1,Exc_DeJager_eQTL
chr2_10,DOT1L,ENSG00000104885,chr2:37288815:G:A,OPC_DeJager_eQTL,0.0111327277385345,1,OPC_DeJager_eQTL
chr2_10,EIF2D,ENSG00000143486,chr2:37288815:G:A,Inh_DeJager_eQTL,0.0111327277385345,1,Inh_DeJager_eQTL
chr2_10,ZNF3,ENSG00000166526,chr2:37288815:G:A,Ast_10_Kellis_eQTL,0.0111327277385345,1,Ast_10_Kellis_eQTL
chr2_10,ZSCAN21,ENSG00000166529,chr2:37288815:G:A,Ast_10_Kellis_eQTL,0.0111327277385345,1,Ast_10_Kellis_eQTL
chr2_10,MPHOSPH8,ENSG00000196199,chr2:37288815:G:A,Mic_12_Kellis_eQTL,0.0111327277385345,1,Mic_12_Kellis_eQTL
chr2_10,ZNF398,ENSG00000197024,chr2:37288815:G:A,Mic_12_Kellis_eQTL,0.0111327277385345,1,Mic_12_Kellis_eQTL
chr2_10,FAM118B,ENSG00000197798,chr2:37288815:G:A,Ast_10_Kellis_eQTL,0.0111327277385345,1,Ast_10_Kellis_eQTL
chr19_83,MRPS34,ENSG00000074071,chr19:54633233:G:A,Inh_DeJager_eQTL,0.0103761504176521,1,Inh_DeJager_eQTL
chr19_83,MFN2,ENSG00000116688,chr19:54633233:G:A,Ast_10_Kellis_eQTL,0.0103761504176521,1,Ast_10_Kellis_eQTL
chr19_83,PRB2,ENSG00000121335,chr19:54633233:G:A,AC_DeJager_eQTL,0.0103761504176521,1,AC_DeJager_eQTL
chr19_83,TTC6,ENSG00000139865,chr19:54633233:G:A,Oli_DeJager_eQTL,0.0103761504176521,1,Oli_DeJager_eQTL
chr19_83,NR1I3,ENSG00000143257,chr19:54633233:G:A,AC_DeJager_eQTL,0.0103761504176521,1,AC_DeJager_eQTL
chr19_83,TATDN2,ENSG00000157014,chr19:54633233:G:A,Oli_DeJager_eQTL,0.0103761504176521,1,Oli_DeJager_eQTL
chr19_83,CA7,ENSG00000168748,chr19:54633233:G:A,AC_DeJager_eQTL,0.0103761504176521,1,AC_DeJager_eQTL
chr19_83,FOXG1,ENSG00000176165,chr19:54633233:G:A,AC_DeJager_eQTL,0.0103761504176521,1,AC_DeJager_eQTL
chr19_83,SYNDIG1L,ENSG00000183379,chr19:54633233:G:A,AC_DeJager_eQTL,0.0103761504176521,1,AC_DeJager_eQTL
chr19_83,C14orf132,ENSG00000227051,chr19:54633233:G:A,Oli_DeJager_eQTL,0.0103761504176521,1,Oli_DeJager_eQTL
chr19_83,MEI4,ENSG00000269964,chr19:54633233:G:A,PCC_DeJager_eQTL,0.0103761504176521,1,PCC_DeJager_eQTL
chr5_45,EXTL3,ENSG00000012232,chr5:157086333:G:A,Mic_12_Kellis_eQTL,0.00918681573649183,1,Mic_12_Kellis_eQTL
chr5_45,MCF2L2,ENSG00000053524,chr5:157086333:G:A,PCC_DeJager_eQTL,0.00918681573649183,1,PCC_DeJager_eQTL
chr5_45,SLC35A1,ENSG00000164414,chr5:157086333:G:A,OPC_DeJager_eQTL,0.00918681573649183,1,OPC_DeJager_eQTL
chr5_45,PLD4,ENSG00000166428,chr5:157086333:G:A,PCC_DeJager_eQTL,0.00918681573649183,1,PCC_DeJager_eQTL
chr5_45,SLC22A11,ENSG00000168065,chr5:157086333:G:A,DLPFC_DeJager_eQTL,0.00918681573649183,1,DLPFC_DeJager_eQTL
chr5_45,FRMD3,ENSG00000172159,chr5:157086333:G:A,DLPFC_DeJager_eQTL,0.00918681573649183,1,DLPFC_DeJager_eQTL
chr7_36,PLEKHM3,ENSG00000178385,chr7:100215247:C:T,Oli_DeJager_eQTL,0.00772463084903174,1,Oli_DeJager_eQTL
chr7_36,ZBTB7A,ENSG00000178951,chr7:100215247:C:T,Oli_DeJager_eQTL,0.00772463084903174,1,Oli_DeJager_eQTL
chr7_36,TNFAIP8L1,ENSG00000185361,chr7:100215247:C:T,Ast_10_Kellis_eQTL,0.00772463084903174,1,Ast_10_Kellis_eQTL
chr19_82,MRPS34,ENSG00000074071,chr19:54565959:G:A,Inh_DeJager_eQTL,0.00557939199972857,1,Inh_DeJager_eQTL
chr19_82,MFN2,ENSG00000116688,chr19:54565959:G:A,Ast_10_Kellis_eQTL,0.00557939199972857,1,Ast_10_Kellis_eQTL
chr19_82,PRB2,ENSG00000121335,chr19:54565959:G:A,AC_DeJager_eQTL,0.00557939199972857,1,AC_DeJager_eQTL
chr19_82,TTC6,ENSG00000139865,chr19:54565959:G:A,Oli_DeJager_eQTL,0.00557939199972857,1,Oli_DeJager_eQTL
chr19_82,NR1I3,ENSG00000143257,chr19:54565959:G:A,AC_DeJager_eQTL,0.00557939199972857,1,AC_DeJager_eQTL
chr19_82,TATDN2,ENSG00000157014,chr19:54565959:G:A,Oli_DeJager_eQTL,0.00557939199972857,1,Oli_DeJager_eQTL
chr19_82,CA7,ENSG00000168748,chr19:54565959:G:A,AC_DeJager_eQTL,0.00557939199972857,1,AC_DeJager_eQTL
chr19_82,FOXG1,ENSG00000176165,chr19:54565959:G:A,AC_DeJager_eQTL,0.00557939199972857,1,AC_DeJager_eQTL
chr19_82,SYNDIG1L,ENSG00000183379,chr19:54565959:G:A,AC_DeJager_eQTL,0.00557939199972857,1,AC_DeJager_eQTL
chr19_82,C14orf132,ENSG00000227051,chr19:54565959:G:A,Oli_DeJager_eQTL,0.00557939199972857,1,Oli_DeJager_eQTL
chr19_82,MEI4,ENSG00000269964,chr19:54565959:G:A,PCC_DeJager_eQTL,0.00557939199972857,1,PCC_DeJager_eQTL
chr16_56,CPSF3,ENSG00000119203,chr16:30970904:A:G,Mic_12_Kellis_eQTL,0.00525817207461998,1,Mic_12_Kellis_eQTL
chr16_56,RAC2,ENSG00000128340,chr16:30970904:A:G,AC_DeJager_eQTL,0.00525817207461998,1,AC_DeJager_eQTL
chr16_56,ANAPC7,ENSG00000196510,chr16:30970904:A:G,Oli_DeJager_eQTL,0.00525817207461998,1,Oli_DeJager_eQTL
chr19_54,NDUFAF5,ENSG00000101247,chr19:48722509:A:T,PCC_DeJager_eQTL,0.00518407834096002,1,PCC_DeJager_eQTL
chr19_54,ARMC2,ENSG00000118690,chr19:48722509:A:T,OPC_DeJager_eQTL,0.00518407834096002,1,OPC_DeJager_eQTL
chr19_54,QDPR,ENSG00000151552,chr19:48722509:A:T,OPC_DeJager_eQTL,0.00518407834096002,1,OPC_DeJager_eQTL
chr19_54,CABYR,ENSG00000154040,chr19:48722509:A:T,PCC_DeJager_eQTL,0.00518407834096002,1,PCC_DeJager_eQTL
chr19_54,C16orf46,ENSG00000166455,chr19:48722509:A:T,PCC_DeJager_eQTL,0.00518407834096002,1,PCC_DeJager_eQTL
chr19_54,RING1,ENSG00000204227,chr19:48722509:A:T,OPC_DeJager_eQTL,0.00518407834096002,1,OPC_DeJager_eQTL
chr6_33,MYLK2,ENSG00000101306,chr6:41233750:G:A,AC_DeJager_eQTL,0.00455780166822295,1,AC_DeJager_eQTL
chr6_33,GNAI1,ENSG00000127955,chr6:41233750:G:A,Inh_DeJager_eQTL,0.00455780166822295,1,Inh_DeJager_eQTL
chr2_57,TSPAN9,ENSG00000011105,chr2:159635927:C:A,OPC_DeJager_eQTL,0.00383388728608147,1,OPC_DeJager_eQTL
chr2_57,GLE1,ENSG00000119392,chr2:159635927:C:A,OPC_DeJager_eQTL,0.00383388728608147,1,OPC_DeJager_eQTL
chr2_57,ZNF589,ENSG00000164048,chr2:159635927:C:A,Ast_10_Kellis_eQTL,0.00383388728608147,1,Ast_10_Kellis_eQTL
chr7_28,SLC9A3R2,ENSG00000065054,chr7:50417367:C:T,Ast_10_Kellis_eQTL,0.00338840778141902,1,Ast_10_Kellis_eQTL
chr7_28,GZMH,ENSG00000100450,chr7:50417367:C:T,AC_DeJager_eQTL,0.00338840778141902,1,AC_DeJager_eQTL
chr7_28,TSC2,ENSG00000103197,chr7:50417367:C:T,protein_transmap,0.00338840778141902,1,protein_transmap
chr7_28,ELOB,ENSG00000103363,chr7:50417367:C:T,Oli_DeJager_eQTL,0.00338840778141902,1,Oli_DeJager_eQTL
chr7_28,SH3PXD2A,ENSG00000107957,chr7:50417367:C:T,protein_transmap,0.00338840778141902,1,protein_transmap
chr7_28,MTMR4,ENSG00000108389,chr7:50417367:C:T,AC_DeJager_eQTL,0.00338840778141902,1,AC_DeJager_eQTL
chr7_28,ITGA4,ENSG00000115232,chr7:50417367:C:T,AC_DeJager_eQTL,0.00338840778141902,1,AC_DeJager_eQTL
chr7_28,RBM18,ENSG00000119446,chr7:50417367:C:T,Ast_10_Kellis_eQTL,0.00338840778141902,1,Ast_10_Kellis_eQTL
chr7_28,RBSN,ENSG00000131381,chr7:50417367:C:T,protein_transmap,0.00338840778141902,1,protein_transmap
chr7_28,SLC43A3,ENSG00000134802,chr7:50417367:C:T,AC_DeJager_eQTL,0.00338840778141902,1,AC_DeJager_eQTL
chr7_28,DYSF,ENSG00000135636,chr7:50417367:C:T,Exc_DeJager_eQTL,0.00338840778141902,1,Exc_DeJager_eQTL
chr7_28,DBT,ENSG00000137992,chr7:50417367:C:T,AC_DeJager_eQTL,0.00338840778141902,1,AC_DeJager_eQTL
chr7_28,ENTPD1,ENSG00000138185,chr7:50417367:C:T,AC_DeJager_eQTL,0.00338840778141902,1,AC_DeJager_eQTL
chr7_28,PSMB6,ENSG00000142507,chr7:50417367:C:T,Ast_10_Kellis_eQTL,0.00338840778141902,1,Ast_10_Kellis_eQTL
chr7_28,CSNK1G3,ENSG00000151292,chr7:50417367:C:T,protein_transmap,0.00338840778141902,1,protein_transmap
chr7_28,KLHL21,ENSG00000162413,chr7:50417367:C:T,PCC_DeJager_eQTL,0.00338840778141902,1,PCC_DeJager_eQTL
chr7_28,DNAJC21,ENSG00000168724,chr7:50417367:C:T,OPC_DeJager_eQTL,0.00338840778141902,1,OPC_DeJager_eQTL
chr7_28,LONRF2,ENSG00000170500,chr7:50417367:C:T,protein_transmap,0.00338840778141902,1,protein_transmap
chr7_28,ZNF622,ENSG00000173545,chr7:50417367:C:T,Ast_10_Kellis_eQTL,0.00338840778141902,1,Ast_10_Kellis_eQTL
chr7_28,RTN4RL1,ENSG00000185924,chr7:50417367:C:T,protein_transmap,0.00338840778141902,1,protein_transmap
chr14_32,PSRC1,ENSG00000134222,chr14:106686309:T:G,Mic_12_Kellis_eQTL,0.00225572744943947,1,Mic_12_Kellis_eQTL
chr14_32,ANO5,ENSG00000171714,chr14:106686309:T:G,OPC_DeJager_eQTL,0.00225572744943947,1,OPC_DeJager_eQTL
chr17_57,MARK2,ENSG00000072518,chr17:45600424:T:C,OPC_DeJager_eQTL,0.0019922794313787,1,OPC_DeJager_eQTL
